<?xml version="1.0" encoding="UTF-8"?>
<!DOCTYPE PV.RollCallVoteResults SYSTEM "http://www2.europarl.ep.ec/pv/RCV.dtd">
<PV.RollCallVoteResults xmlns:chart="http://openoffice.org/2000/chart" xmlns:dr3d="http://openoffice.org/2000/dr3d" xmlns:draw="http://openoffice.org/2000/drawing" xmlns:fo="http://www.w3.org/1999/XSL/Format" xmlns:form="http://openoffice.org/2000/form" xmlns:ino="http://namespaces.softwareag.com/tamino/response2" xmlns:math="http://www.w3.org/1998/Math/MathML" xmlns:number="http://openoffice.org/2000/datastyle" xmlns:office="http://openoffice.org/2000/office" xmlns:script="http://openoffice.org/2000/script" xmlns:style="http://openoffice.org/2000/style" xmlns:svg="http://www.w3.org/2000/svg" xmlns:table="http://openoffice.org/2000/table" xmlns:text="http://openoffice.org/2000/text" xmlns:xlink="http://www.w3.org/1999/xlink" xmlns:xql="http://metalab.unc.edu/xql/" Sitting.Identifier="1363" Sitting.Date="2019-02-11" EP.Reference="P8_PV(2019)02-11" EP.Number="PE 635.506" Document.Language="XL"><RollCallVoteResults.Titles><RollCallVoteResults.Title.Text Language="BG">ПРОТОКОЛ<text:line-break />Резултат от поименни гласувания - Приложение 2</RollCallVoteResults.Title.Text><RollCallVoteResults.Title.Text Language="CS">ZÁPIS<text:line-break />Výsledek jmenovitého hlasování - Příloha 2</RollCallVoteResults.Title.Text><RollCallVoteResults.Title.Text Language="DA">PROTOKOL<text:line-break />Resultat af afstemningerne ved navneopråb - Bilag 2</RollCallVoteResults.Title.Text><RollCallVoteResults.Title.Text Language="DE">PROTOKOLL<text:line-break />Ergebnis der namentlichen Abstimmungen - Anlage 2</RollCallVoteResults.Title.Text><RollCallVoteResults.Title.Text Language="EL">ΣΥΝΟΠΤIΚΑ ΠΡΑΚΤIΚΑ<text:line-break />Αποτέλεσμα των ψηφοφοριών με ονομαστική κλήση - Παράρτηµα 2</RollCallVoteResults.Title.Text><RollCallVoteResults.Title.Text Language="EN">MINUTES<text:line-break />Result of roll-call votes - Annex 2</RollCallVoteResults.Title.Text><RollCallVoteResults.Title.Text Language="ES">ACTA<text:line-break />Resultados de las votaciones nominales - Anexo 2</RollCallVoteResults.Title.Text><RollCallVoteResults.Title.Text Language="ET">PROTOKOLL<text:line-break />Nimelise hääletuse tulemused - lisa 2</RollCallVoteResults.Title.Text><RollCallVoteResults.Title.Text Language="FI">PÖYTÄKIRJA<text:line-break />Nimenhuutoäänestysten tulokset - Liite 2</RollCallVoteResults.Title.Text><RollCallVoteResults.Title.Text Language="FR">PROCÈS-VERBAL<text:line-break />Résultat des votes par appel nominal - Annexe 2</RollCallVoteResults.Title.Text><RollCallVoteResults.Title.Text Language="HR">ZAPISNIK<text:line-break />Rezultat poimeničnog glasovanja - Prilog 2</RollCallVoteResults.Title.Text><RollCallVoteResults.Title.Text Language="HU">JEGYZŐKÖNYV<text:line-break />A név szerinti szavazások eredménye - melléklet 2</RollCallVoteResults.Title.Text><RollCallVoteResults.Title.Text Language="IT">PROCESSO VERBALE<text:line-break />Risultato delle votazioni per appello nominale - Allegato 2</RollCallVoteResults.Title.Text><RollCallVoteResults.Title.Text Language="LT">PROTOKOLAS<text:line-break />Vardinio balsavimo rezultatai - priedas 2</RollCallVoteResults.Title.Text><RollCallVoteResults.Title.Text Language="LV">PROTOKOLS<text:line-break />Rezultāti balsošanai pēc saraksta - pielikums 2</RollCallVoteResults.Title.Text><RollCallVoteResults.Title.Text Language="MT">MINUTI<text:line-break />Riżultat tal-votazzjoni bis-sejħa tal-ismijiet - Anness 2</RollCallVoteResults.Title.Text><RollCallVoteResults.Title.Text Language="NL">NOTULEN<text:line-break />Uitslag van de hoofdelijke stemmingen - Bijlage 2</RollCallVoteResults.Title.Text><RollCallVoteResults.Title.Text Language="PL">PROTOKÓŁ<text:line-break />Wyniki głosowań imiennych - Załącznik 2</RollCallVoteResults.Title.Text><RollCallVoteResults.Title.Text Language="PT">ATA<text:line-break />Resultados das votações nominais - Anexo 2</RollCallVoteResults.Title.Text><RollCallVoteResults.Title.Text Language="RO">PROCES-VERBAL<text:line-break />Rezultatul voturilor prin apel nominal - Anexa 2</RollCallVoteResults.Title.Text><RollCallVoteResults.Title.Text Language="SK">ZÁPISNICA<text:line-break />Výsledok hlasovania podľa mien - Príloha 2</RollCallVoteResults.Title.Text><RollCallVoteResults.Title.Text Language="SL">ZAPISNIK<text:line-break />Izid poimenskega glasovanja - Priloga 2</RollCallVoteResults.Title.Text><RollCallVoteResults.Title.Text Language="SV">PROTOKOLL<text:line-break />Resultat av omröstningarna med namnupprop - Bilaga 2</RollCallVoteResults.Title.Text></RollCallVoteResults.Titles><RollCallVote.Result Identifier="101407" Date="2019-02-11 17:34:25"><RollCallVote.Description.Text>Ordre du jour du mardi - demande des groupes S&amp;D et Verts/ALE </RollCallVote.Description.Text><Result.For Number="164"><Result.PoliticalGroup.List Identifier="ALDE"><PoliticalGroup.Member.Name MepId="6400">Auštrevičius</PoliticalGroup.Member.Name><PoliticalGroup.Member.Name MepId="6089">Bilbao Barandica</PoliticalGroup.Member.Name><PoliticalGroup.Member.Name MepId="6339">Charanzová</PoliticalGroup.Member.Name><PoliticalGroup.Member.Name MepId="6340">Dlabajová</PoliticalGroup.Member.Name><PoliticalGroup.Member.Name MepId="6043">Hirsch</PoliticalGroup.Member.Name><PoliticalGroup.Member.Name MepId="5385">in 't Veld</PoliticalGroup.Member.Name><PoliticalGroup.Member.Name MepId="6388">Jakovčić</PoliticalGroup.Member.Name><PoliticalGroup.Member.Name MepId="6338">Ježek</PoliticalGroup.Member.Name><PoliticalGroup.Member.Name MepId="6041">Meissner</PoliticalGroup.Member.Name><PoliticalGroup.Member.Name MepId="5857">Michel</PoliticalGroup.Member.Name><PoliticalGroup.Member.Name MepId="6626">van Miltenburg</PoliticalGroup.Member.Name><PoliticalGroup.Member.Name MepId="6631">Mlinar</PoliticalGroup.Member.Name><PoliticalGroup.Member.Name MepId="6500">Müller</PoliticalGroup.Member.Name><PoliticalGroup.Member.Name MepId="6510">Petersen</PoliticalGroup.Member.Name><PoliticalGroup.Member.Name MepId="6154">Rochefort</PoliticalGroup.Member.Name><PoliticalGroup.Member.Name MepId="6100">Schaake</PoliticalGroup.Member.Name><PoliticalGroup.Member.Name MepId="6722">Selimovic</PoliticalGroup.Member.Name><PoliticalGroup.Member.Name MepId="6337">Telička</PoliticalGroup.Member.Name><PoliticalGroup.Member.Name MepId="6281">Torvalds</PoliticalGroup.Member.Name><PoliticalGroup.Member.Name MepId="6181">Tremosa i Balcells</PoliticalGroup.Member.Name><PoliticalGroup.Member.Name MepId="6710">Vautmans</PoliticalGroup.Member.Name><PoliticalGroup.Member.Name MepId="6159">Verhofstadt</PoliticalGroup.Member.Name><PoliticalGroup.Member.Name MepId="5864">Wikström</PoliticalGroup.Member.Name></Result.PoliticalGroup.List><Result.PoliticalGroup.List Identifier="ECR"><PoliticalGroup.Member.Name MepId="6712">Dalton</PoliticalGroup.Member.Name><PoliticalGroup.Member.Name MepId="5630">Kamall</PoliticalGroup.Member.Name><PoliticalGroup.Member.Name MepId="5563">Karim</PoliticalGroup.Member.Name><PoliticalGroup.Member.Name MepId="6234">McIntyre</PoliticalGroup.Member.Name><PoliticalGroup.Member.Name MepId="6782">Packet</PoliticalGroup.Member.Name><PoliticalGroup.Member.Name MepId="6718">Ruohonen-Lerner</PoliticalGroup.Member.Name></Result.PoliticalGroup.List><Result.PoliticalGroup.List Identifier="EFDD"><PoliticalGroup.Member.Name MepId="6445">Agea</PoliticalGroup.Member.Name><PoliticalGroup.Member.Name MepId="6411">Beghin</PoliticalGroup.Member.Name><PoliticalGroup.Member.Name MepId="6590">Carver</PoliticalGroup.Member.Name><PoliticalGroup.Member.Name MepId="6446">Castaldo</PoliticalGroup.Member.Name><PoliticalGroup.Member.Name MepId="6482">Pedicini</PoliticalGroup.Member.Name><PoliticalGroup.Member.Name MepId="6412">Valli</PoliticalGroup.Member.Name><PoliticalGroup.Member.Name MepId="6695">Zullo</PoliticalGroup.Member.Name></Result.PoliticalGroup.List><Result.PoliticalGroup.List Identifier="GUE/NGL"><PoliticalGroup.Member.Name MepId="6604">Björk</PoliticalGroup.Member.Name><PoliticalGroup.Member.Name MepId="6598">Carthy</PoliticalGroup.Member.Name><PoliticalGroup.Member.Name MepId="5237">Chountis</PoliticalGroup.Member.Name><PoliticalGroup.Member.Name MepId="6024">Ernst</PoliticalGroup.Member.Name><PoliticalGroup.Member.Name MepId="6693">Forenza</PoliticalGroup.Member.Name><PoliticalGroup.Member.Name MepId="6076">Hadjigeorgiou</PoliticalGroup.Member.Name><PoliticalGroup.Member.Name MepId="6628">Hazekamp</PoliticalGroup.Member.Name><PoliticalGroup.Member.Name MepId="6653">López Bermejo</PoliticalGroup.Member.Name><PoliticalGroup.Member.Name MepId="5992">Matias</PoliticalGroup.Member.Name><PoliticalGroup.Member.Name MepId="6310">Michels</PoliticalGroup.Member.Name><PoliticalGroup.Member.Name MepId="5596">Papadimoulis</PoliticalGroup.Member.Name><PoliticalGroup.Member.Name MepId="6727">Pimenta Lopes</PoliticalGroup.Member.Name><PoliticalGroup.Member.Name MepId="6641">Sánchez Caldentey</PoliticalGroup.Member.Name><PoliticalGroup.Member.Name MepId="5837">Scholz</PoliticalGroup.Member.Name><PoliticalGroup.Member.Name MepId="6655">Senra Rodríguez</PoliticalGroup.Member.Name><PoliticalGroup.Member.Name MepId="6444">Spinelli</PoliticalGroup.Member.Name><PoliticalGroup.Member.Name MepId="6030">Vergiat</PoliticalGroup.Member.Name><PoliticalGroup.Member.Name MepId="6678">Viegas</PoliticalGroup.Member.Name><PoliticalGroup.Member.Name MepId="5368">Zimmer</PoliticalGroup.Member.Name></Result.PoliticalGroup.List><Result.PoliticalGroup.List Identifier="PPE"><PoliticalGroup.Member.Name MepId="6535">Boni</PoliticalGroup.Member.Name><PoliticalGroup.Member.Name MepId="5252">Casa</PoliticalGroup.Member.Name><PoliticalGroup.Member.Name MepId="3800">Coelho</PoliticalGroup.Member.Name><PoliticalGroup.Member.Name MepId="6527">Kozłowska-Rajewicz</PoliticalGroup.Member.Name><PoliticalGroup.Member.Name MepId="6363">Lavrilleux</PoliticalGroup.Member.Name><PoliticalGroup.Member.Name MepId="6592">Lenaers</PoliticalGroup.Member.Name><PoliticalGroup.Member.Name MepId="6297">Metsola</PoliticalGroup.Member.Name><PoliticalGroup.Member.Name MepId="6684">Rolin</PoliticalGroup.Member.Name><PoliticalGroup.Member.Name MepId="6706">Vandenkendelaere</PoliticalGroup.Member.Name></Result.PoliticalGroup.List><Result.PoliticalGroup.List Identifier="S&amp;D"><PoliticalGroup.Member.Name MepId="6651">Aguilera García</PoliticalGroup.Member.Name><PoliticalGroup.Member.Name MepId="6567">Anderson Lucy</PoliticalGroup.Member.Name><PoliticalGroup.Member.Name MepId="5411">Ayala Sender</PoliticalGroup.Member.Name><PoliticalGroup.Member.Name MepId="6378">Balas</PoliticalGroup.Member.Name><PoliticalGroup.Member.Name MepId="5173">Beňová</PoliticalGroup.Member.Name><PoliticalGroup.Member.Name MepId="3972">Berès</PoliticalGroup.Member.Name><PoliticalGroup.Member.Name MepId="5768">Boştinaru</PoliticalGroup.Member.Name><PoliticalGroup.Member.Name MepId="5465">Bresso</PoliticalGroup.Member.Name><PoliticalGroup.Member.Name MepId="6421">Briano</PoliticalGroup.Member.Name><PoliticalGroup.Member.Name MepId="6499">Chinnici</PoliticalGroup.Member.Name><PoliticalGroup.Member.Name MepId="6083">Cofferati</PoliticalGroup.Member.Name><PoliticalGroup.Member.Name MepId="6410">Delvaux</PoliticalGroup.Member.Name><PoliticalGroup.Member.Name MepId="6437">De Monte</PoliticalGroup.Member.Name><PoliticalGroup.Member.Name MepId="6763">Detjen</PoliticalGroup.Member.Name><PoliticalGroup.Member.Name MepId="6014">Ertug</PoliticalGroup.Member.Name><PoliticalGroup.Member.Name MepId="6652">Fernández</PoliticalGroup.Member.Name><PoliticalGroup.Member.Name MepId="6620">Freund</PoliticalGroup.Member.Name><PoliticalGroup.Member.Name MepId="6769">Gabelic</PoliticalGroup.Member.Name><PoliticalGroup.Member.Name MepId="6130">Gardiazabal Rubial</PoliticalGroup.Member.Name><PoliticalGroup.Member.Name MepId="3827">Gebhardt</PoliticalGroup.Member.Name><PoliticalGroup.Member.Name MepId="5495">Geringer de Oedenberg</PoliticalGroup.Member.Name><PoliticalGroup.Member.Name MepId="5497">Gierek</PoliticalGroup.Member.Name><PoliticalGroup.Member.Name MepId="6772">Gloanec Maurin</PoliticalGroup.Member.Name><PoliticalGroup.Member.Name MepId="5425">Gomes</PoliticalGroup.Member.Name><PoliticalGroup.Member.Name MepId="6688">Grammatikakis</PoliticalGroup.Member.Name><PoliticalGroup.Member.Name MepId="6720">Graswander-Hainz</PoliticalGroup.Member.Name><PoliticalGroup.Member.Name MepId="5261">Hedh</PoliticalGroup.Member.Name><PoliticalGroup.Member.Name MepId="6745">Howarth</PoliticalGroup.Member.Name><PoliticalGroup.Member.Name MepId="6161">Jáuregui Atondo</PoliticalGroup.Member.Name><PoliticalGroup.Member.Name MepId="6624">Jongerius</PoliticalGroup.Member.Name><PoliticalGroup.Member.Name MepId="6146">Kadenbach</PoliticalGroup.Member.Name><PoliticalGroup.Member.Name MepId="3756">Kaufmann</PoliticalGroup.Member.Name><PoliticalGroup.Member.Name MepId="6326">Keller Jan</PoliticalGroup.Member.Name><PoliticalGroup.Member.Name MepId="6571">Kirton-Darling</PoliticalGroup.Member.Name><PoliticalGroup.Member.Name MepId="6459">Köster</PoliticalGroup.Member.Name><PoliticalGroup.Member.Name MepId="3761">Krehl</PoliticalGroup.Member.Name><PoliticalGroup.Member.Name MepId="6435">Kyenge</PoliticalGroup.Member.Name><PoliticalGroup.Member.Name MepId="6689">Kyrkos</PoliticalGroup.Member.Name><PoliticalGroup.Member.Name MepId="3823">Lange</PoliticalGroup.Member.Name><PoliticalGroup.Member.Name MepId="6477">Lietz</PoliticalGroup.Member.Name><PoliticalGroup.Member.Name MepId="5860">Ludvigsson</PoliticalGroup.Member.Name><PoliticalGroup.Member.Name MepId="6521">Łybacka</PoliticalGroup.Member.Name><PoliticalGroup.Member.Name MepId="6380">Mamikins</PoliticalGroup.Member.Name><PoliticalGroup.Member.Name MepId="5314">Maňka</PoliticalGroup.Member.Name><PoliticalGroup.Member.Name MepId="6565">Martin Edouard</PoliticalGroup.Member.Name><PoliticalGroup.Member.Name MepId="6476">Melior</PoliticalGroup.Member.Name><PoliticalGroup.Member.Name MepId="6351">Molnár</PoliticalGroup.Member.Name><PoliticalGroup.Member.Name MepId="6562">Moody</PoliticalGroup.Member.Name><PoliticalGroup.Member.Name MepId="4923">Moraes</PoliticalGroup.Member.Name><PoliticalGroup.Member.Name MepId="6016">Neuser</PoliticalGroup.Member.Name><PoliticalGroup.Member.Name MepId="6473">Noichl</PoliticalGroup.Member.Name><PoliticalGroup.Member.Name MepId="5483">Panzeri</PoliticalGroup.Member.Name><PoliticalGroup.Member.Name MepId="6103">Pargneaux</PoliticalGroup.Member.Name><PoliticalGroup.Member.Name MepId="5894">Poc</PoliticalGroup.Member.Name><PoliticalGroup.Member.Name MepId="6526">Preuß</PoliticalGroup.Member.Name><PoliticalGroup.Member.Name MepId="6136">Regner</PoliticalGroup.Member.Name><PoliticalGroup.Member.Name MepId="6316">Revault d'Allonnes Bonnefoy</PoliticalGroup.Member.Name><PoliticalGroup.Member.Name MepId="6677">Rodrigues Liliana</PoliticalGroup.Member.Name><PoliticalGroup.Member.Name MepId="6371">Rodrigues Maria João</PoliticalGroup.Member.Name><PoliticalGroup.Member.Name MepId="5813">Rodust</PoliticalGroup.Member.Name><PoliticalGroup.Member.Name MepId="5653">Sârbu</PoliticalGroup.Member.Name><PoliticalGroup.Member.Name MepId="5713">Schaldemose</PoliticalGroup.Member.Name><PoliticalGroup.Member.Name MepId="6438">Schlein</PoliticalGroup.Member.Name><PoliticalGroup.Member.Name MepId="6475">Schuster</PoliticalGroup.Member.Name><PoliticalGroup.Member.Name MepId="6375">Serrão Santos</PoliticalGroup.Member.Name><PoliticalGroup.Member.Name MepId="6008">Simon Peter</PoliticalGroup.Member.Name><PoliticalGroup.Member.Name MepId="6093">Sippel</PoliticalGroup.Member.Name><PoliticalGroup.Member.Name MepId="6427">Țapardel</PoliticalGroup.Member.Name><PoliticalGroup.Member.Name MepId="5459">Toia</PoliticalGroup.Member.Name><PoliticalGroup.Member.Name MepId="4990">Van Brempt</PoliticalGroup.Member.Name><PoliticalGroup.Member.Name MepId="6425">Viotti</PoliticalGroup.Member.Name><PoliticalGroup.Member.Name MepId="6582">Ward</PoliticalGroup.Member.Name><PoliticalGroup.Member.Name MepId="6235">Weidenholzer</PoliticalGroup.Member.Name><PoliticalGroup.Member.Name MepId="6787">Winter</PoliticalGroup.Member.Name><PoliticalGroup.Member.Name MepId="6434">Zanonato</PoliticalGroup.Member.Name><PoliticalGroup.Member.Name MepId="5957">Zemke</PoliticalGroup.Member.Name><PoliticalGroup.Member.Name MepId="6764">Zoană</PoliticalGroup.Member.Name><PoliticalGroup.Member.Name MepId="6373">Zorrinho</PoliticalGroup.Member.Name></Result.PoliticalGroup.List><Result.PoliticalGroup.List Identifier="Verts/ALE"><PoliticalGroup.Member.Name MepId="6606">Andersson</PoliticalGroup.Member.Name><PoliticalGroup.Member.Name MepId="5291">Auken</PoliticalGroup.Member.Name><PoliticalGroup.Member.Name MepId="5358">Cramer</PoliticalGroup.Member.Name><PoliticalGroup.Member.Name MepId="6730">Dalunde</PoliticalGroup.Member.Name><PoliticalGroup.Member.Name MepId="6324">Durand</PoliticalGroup.Member.Name><PoliticalGroup.Member.Name MepId="5899">Eickhout</PoliticalGroup.Member.Name><PoliticalGroup.Member.Name MepId="6703">Engström</PoliticalGroup.Member.Name><PoliticalGroup.Member.Name MepId="6775">Franz</PoliticalGroup.Member.Name><PoliticalGroup.Member.Name MepId="5353">Harms</PoliticalGroup.Member.Name><PoliticalGroup.Member.Name MepId="4535">Hautala</PoliticalGroup.Member.Name><PoliticalGroup.Member.Name MepId="6486">Heubuch</PoliticalGroup.Member.Name><PoliticalGroup.Member.Name MepId="5908">Keller Ska</PoliticalGroup.Member.Name><PoliticalGroup.Member.Name MepId="6732">Marcellesi</PoliticalGroup.Member.Name><PoliticalGroup.Member.Name MepId="6552">Reimon</PoliticalGroup.Member.Name><PoliticalGroup.Member.Name MepId="6529">Reintke</PoliticalGroup.Member.Name><PoliticalGroup.Member.Name MepId="5987">Sargentini</PoliticalGroup.Member.Name><PoliticalGroup.Member.Name MepId="6560">Scott Cato</PoliticalGroup.Member.Name><PoliticalGroup.Member.Name MepId="6738">Solé</PoliticalGroup.Member.Name><PoliticalGroup.Member.Name MepId="4983">Staes</PoliticalGroup.Member.Name><PoliticalGroup.Member.Name MepId="6204">Taylor</PoliticalGroup.Member.Name><PoliticalGroup.Member.Name MepId="6549">Terricabras</PoliticalGroup.Member.Name><PoliticalGroup.Member.Name MepId="6757">Waitz</PoliticalGroup.Member.Name></Result.PoliticalGroup.List></Result.For><Result.Against Number="118"><Result.PoliticalGroup.List Identifier="ALDE"><PoliticalGroup.Member.Name MepId="6379">Grigule-Pēterse</PoliticalGroup.Member.Name></Result.PoliticalGroup.List><Result.PoliticalGroup.List Identifier="ECR"><PoliticalGroup.Member.Name MepId="6719">Czesak</PoliticalGroup.Member.Name><PoliticalGroup.Member.Name MepId="6539">Gosiewska</PoliticalGroup.Member.Name><PoliticalGroup.Member.Name MepId="6358">Halla-aho</PoliticalGroup.Member.Name><PoliticalGroup.Member.Name MepId="6531">Jurek</PoliticalGroup.Member.Name><PoliticalGroup.Member.Name MepId="6461">Kölmel</PoliticalGroup.Member.Name><PoliticalGroup.Member.Name MepId="5507">Kuźmiuk</PoliticalGroup.Member.Name><PoliticalGroup.Member.Name MepId="6536">Ożóg</PoliticalGroup.Member.Name><PoliticalGroup.Member.Name MepId="6512">Piecha</PoliticalGroup.Member.Name><PoliticalGroup.Member.Name MepId="6300">Tomašić</PoliticalGroup.Member.Name><PoliticalGroup.Member.Name MepId="6515">Wiśniewska</PoliticalGroup.Member.Name><PoliticalGroup.Member.Name MepId="6540">Žitňanská</PoliticalGroup.Member.Name></Result.PoliticalGroup.List><Result.PoliticalGroup.List Identifier="EFDD"><PoliticalGroup.Member.Name MepId="6524">Iwaszkiewicz</PoliticalGroup.Member.Name><PoliticalGroup.Member.Name MepId="6557">O'Flynn</PoliticalGroup.Member.Name></Result.PoliticalGroup.List><Result.PoliticalGroup.List Identifier="ENF"><PoliticalGroup.Member.Name MepId="6066">Agnew</PoliticalGroup.Member.Name><PoliticalGroup.Member.Name MepId="6555">Atkinson</PoliticalGroup.Member.Name><PoliticalGroup.Member.Name MepId="6405">Bilde</PoliticalGroup.Member.Name><PoliticalGroup.Member.Name MepId="6179">Bizzotto</PoliticalGroup.Member.Name><PoliticalGroup.Member.Name MepId="5010">Borghezio</PoliticalGroup.Member.Name><PoliticalGroup.Member.Name MepId="6741">Elissen</PoliticalGroup.Member.Name><PoliticalGroup.Member.Name MepId="6629">Kappel</PoliticalGroup.Member.Name><PoliticalGroup.Member.Name MepId="6699">Loiseau</PoliticalGroup.Member.Name><PoliticalGroup.Member.Name MepId="6123">Obermayr</PoliticalGroup.Member.Name><PoliticalGroup.Member.Name MepId="6389">Schaffhauser</PoliticalGroup.Member.Name><PoliticalGroup.Member.Name MepId="6134">Scottà</PoliticalGroup.Member.Name><PoliticalGroup.Member.Name MepId="6392">Troszczynski</PoliticalGroup.Member.Name><PoliticalGroup.Member.Name MepId="6414">Zanni</PoliticalGroup.Member.Name><PoliticalGroup.Member.Name MepId="6228">Zijlstra</PoliticalGroup.Member.Name></Result.PoliticalGroup.List><Result.PoliticalGroup.List Identifier="GUE/NGL"><PoliticalGroup.Member.Name MepId="5450">Kohlíček</PoliticalGroup.Member.Name></Result.PoliticalGroup.List><Result.PoliticalGroup.List Identifier="NI"><PoliticalGroup.Member.Name MepId="6048">Balczó</PoliticalGroup.Member.Name><PoliticalGroup.Member.Name MepId="6669">Epitideios</PoliticalGroup.Member.Name><PoliticalGroup.Member.Name MepId="6668">Fountoulis</PoliticalGroup.Member.Name><PoliticalGroup.Member.Name MepId="1380">Gollnisch</PoliticalGroup.Member.Name><PoliticalGroup.Member.Name MepId="6670">Synadinos</PoliticalGroup.Member.Name><PoliticalGroup.Member.Name MepId="6469">Voigt</PoliticalGroup.Member.Name></Result.PoliticalGroup.List><Result.PoliticalGroup.List Identifier="PPE"><PoliticalGroup.Member.Name MepId="1340">Alliot-Marie</PoliticalGroup.Member.Name><PoliticalGroup.Member.Name MepId="5262">Ashworth</PoliticalGroup.Member.Name><PoliticalGroup.Member.Name MepId="5377">Belet</PoliticalGroup.Member.Name><PoliticalGroup.Member.Name MepId="5885">Bendtsen</PoliticalGroup.Member.Name><PoliticalGroup.Member.Name MepId="6343">Bocskor</PoliticalGroup.Member.Name><PoliticalGroup.Member.Name MepId="1507">Böge</PoliticalGroup.Member.Name><PoliticalGroup.Member.Name MepId="6613">Bogovič</PoliticalGroup.Member.Name><PoliticalGroup.Member.Name MepId="6021">Cadec</PoliticalGroup.Member.Name><PoliticalGroup.Member.Name MepId="5341">Caspary</PoliticalGroup.Member.Name><PoliticalGroup.Member.Name MepId="6492">Cicu</PoliticalGroup.Member.Name><PoliticalGroup.Member.Name MepId="6273">Collin-Langen</PoliticalGroup.Member.Name><PoliticalGroup.Member.Name MepId="6548">Csáky</PoliticalGroup.Member.Name><PoliticalGroup.Member.Name MepId="6364">Delahaye</PoliticalGroup.Member.Name><PoliticalGroup.Member.Name MepId="6345">Deli</PoliticalGroup.Member.Name><PoliticalGroup.Member.Name MepId="6342">Erdős</PoliticalGroup.Member.Name><PoliticalGroup.Member.Name MepId="3833">Ferber</PoliticalGroup.Member.Name><PoliticalGroup.Member.Name MepId="4659">Gahler</PoliticalGroup.Member.Name><PoliticalGroup.Member.Name MepId="5280">Gál</PoliticalGroup.Member.Name><PoliticalGroup.Member.Name MepId="6615">Gambús</PoliticalGroup.Member.Name><PoliticalGroup.Member.Name MepId="6780">Gehrold</PoliticalGroup.Member.Name><PoliticalGroup.Member.Name MepId="6441">Gieseke</PoliticalGroup.Member.Name><PoliticalGroup.Member.Name MepId="5342">Gräßle</PoliticalGroup.Member.Name><PoliticalGroup.Member.Name MepId="4032">Grossetête</PoliticalGroup.Member.Name><PoliticalGroup.Member.Name MepId="5018">Herranz García</PoliticalGroup.Member.Name><PoliticalGroup.Member.Name MepId="5254">Hökmark</PoliticalGroup.Member.Name><PoliticalGroup.Member.Name MepId="6346">Hölvényi</PoliticalGroup.Member.Name><PoliticalGroup.Member.Name MepId="4669">Karas</PoliticalGroup.Member.Name><PoliticalGroup.Member.Name MepId="5542">Kelam</PoliticalGroup.Member.Name><PoliticalGroup.Member.Name MepId="5855">Kelly</PoliticalGroup.Member.Name><PoliticalGroup.Member.Name MepId="3759">Koch</PoliticalGroup.Member.Name><PoliticalGroup.Member.Name MepId="6001">Kósa</PoliticalGroup.Member.Name><PoliticalGroup.Member.Name MepId="5403">Kudrycka</PoliticalGroup.Member.Name><PoliticalGroup.Member.Name MepId="5940">Kuhn</PoliticalGroup.Member.Name><PoliticalGroup.Member.Name MepId="5840">Kukan</PoliticalGroup.Member.Name><PoliticalGroup.Member.Name MepId="3856">Langen</PoliticalGroup.Member.Name><PoliticalGroup.Member.Name MepId="5988">La Via</PoliticalGroup.Member.Name><PoliticalGroup.Member.Name MepId="5105">Lewandowski</PoliticalGroup.Member.Name><PoliticalGroup.Member.Name MepId="5517">López-Istúriz White</PoliticalGroup.Member.Name><PoliticalGroup.Member.Name MepId="6440">McAllister</PoliticalGroup.Member.Name><PoliticalGroup.Member.Name MepId="6761">Mandl</PoliticalGroup.Member.Name><PoliticalGroup.Member.Name MepId="3845">Mann</PoliticalGroup.Member.Name><PoliticalGroup.Member.Name MepId="6096">Mato</PoliticalGroup.Member.Name><PoliticalGroup.Member.Name MepId="5518">Millán Mon</PoliticalGroup.Member.Name><PoliticalGroup.Member.Name MepId="6423">Moisă</PoliticalGroup.Member.Name><PoliticalGroup.Member.Name MepId="5732">Morin-Chartier</PoliticalGroup.Member.Name><PoliticalGroup.Member.Name MepId="6436">Mureşan</PoliticalGroup.Member.Name><PoliticalGroup.Member.Name MepId="4712">Niebler</PoliticalGroup.Member.Name><PoliticalGroup.Member.Name MepId="6332">Niedermayer</PoliticalGroup.Member.Name><PoliticalGroup.Member.Name MepId="6709">Novakov</PoliticalGroup.Member.Name><PoliticalGroup.Member.Name MepId="5407">Olbrycht</PoliticalGroup.Member.Name><PoliticalGroup.Member.Name MepId="6383">Petir</PoliticalGroup.Member.Name><PoliticalGroup.Member.Name MepId="6537">Pitera</PoliticalGroup.Member.Name><PoliticalGroup.Member.Name MepId="6224">Proust</PoliticalGroup.Member.Name><PoliticalGroup.Member.Name MepId="1487">Quisthoudt-Rowohl</PoliticalGroup.Member.Name><PoliticalGroup.Member.Name MepId="6488">Radev</PoliticalGroup.Member.Name><PoliticalGroup.Member.Name MepId="5512">Rosati</PoliticalGroup.Member.Name><PoliticalGroup.Member.Name MepId="4596">Rübig</PoliticalGroup.Member.Name><PoliticalGroup.Member.Name MepId="3991">Salafranca Sánchez-Neyra</PoliticalGroup.Member.Name><PoliticalGroup.Member.Name MepId="6698">Salini</PoliticalGroup.Member.Name><PoliticalGroup.Member.Name MepId="6370">Sander</PoliticalGroup.Member.Name><PoliticalGroup.Member.Name MepId="6619">Schmidt</PoliticalGroup.Member.Name><PoliticalGroup.Member.Name MepId="6636">Schreijer-Pierik</PoliticalGroup.Member.Name><PoliticalGroup.Member.Name MepId="5345">Schwab</PoliticalGroup.Member.Name><PoliticalGroup.Member.Name MepId="5111">Siekierski</PoliticalGroup.Member.Name><PoliticalGroup.Member.Name MepId="5781">Sógor</PoliticalGroup.Member.Name><PoliticalGroup.Member.Name MepId="6341">Šojdrová</PoliticalGroup.Member.Name><PoliticalGroup.Member.Name MepId="5418">Sonik</PoliticalGroup.Member.Name><PoliticalGroup.Member.Name MepId="5778">Stolojan</PoliticalGroup.Member.Name><PoliticalGroup.Member.Name MepId="6680">Šulin</PoliticalGroup.Member.Name><PoliticalGroup.Member.Name MepId="6672">Svoboda</PoliticalGroup.Member.Name><PoliticalGroup.Member.Name MepId="5949">Thun und Hohenstein</PoliticalGroup.Member.Name><PoliticalGroup.Member.Name MepId="5934">Voss</PoliticalGroup.Member.Name><PoliticalGroup.Member.Name MepId="5947">Wałęsa</PoliticalGroup.Member.Name><PoliticalGroup.Member.Name MepId="5351">Weber Manfred</PoliticalGroup.Member.Name><PoliticalGroup.Member.Name MepId="4643">Wieland</PoliticalGroup.Member.Name><PoliticalGroup.Member.Name MepId="5937">Winkler Hermann</PoliticalGroup.Member.Name><PoliticalGroup.Member.Name MepId="5782">Winkler Iuliu</PoliticalGroup.Member.Name><PoliticalGroup.Member.Name MepId="6344">Zdechovský</PoliticalGroup.Member.Name><PoliticalGroup.Member.Name MepId="6532">Zdrojewski</PoliticalGroup.Member.Name><PoliticalGroup.Member.Name MepId="5935">Zeller</PoliticalGroup.Member.Name><PoliticalGroup.Member.Name MepId="6094">Zver</PoliticalGroup.Member.Name><PoliticalGroup.Member.Name MepId="5420">Zwiefka</PoliticalGroup.Member.Name></Result.PoliticalGroup.List><Result.PoliticalGroup.List Identifier="S&amp;D"><PoliticalGroup.Member.Name MepId="6616">Cristea</PoliticalGroup.Member.Name></Result.PoliticalGroup.List></Result.Against><Result.Abstention Number="11"><Result.PoliticalGroup.List Identifier="ALDE"><PoliticalGroup.Member.Name MepId="6056">Riquet</PoliticalGroup.Member.Name></Result.PoliticalGroup.List><Result.PoliticalGroup.List Identifier="ECR"><PoliticalGroup.Member.Name MepId="5981">van Dalen</PoliticalGroup.Member.Name><PoliticalGroup.Member.Name MepId="6667">Marias</PoliticalGroup.Member.Name><PoliticalGroup.Member.Name MepId="1230">Nicholson</PoliticalGroup.Member.Name><PoliticalGroup.Member.Name MepId="5892">Tošenovský</PoliticalGroup.Member.Name></Result.PoliticalGroup.List><Result.PoliticalGroup.List Identifier="EFDD"><PoliticalGroup.Member.Name MepId="6559">Aker</PoliticalGroup.Member.Name><PoliticalGroup.Member.Name MepId="6577">Arnott</PoliticalGroup.Member.Name></Result.PoliticalGroup.List><Result.PoliticalGroup.List Identifier="ENF"><PoliticalGroup.Member.Name MepId="6593">Annemans</PoliticalGroup.Member.Name></Result.PoliticalGroup.List><Result.PoliticalGroup.List Identifier="GUE/NGL"><PoliticalGroup.Member.Name MepId="5044">Maštálka</PoliticalGroup.Member.Name></Result.PoliticalGroup.List><Result.PoliticalGroup.List Identifier="PPE"><PoliticalGroup.Member.Name MepId="6010">Preda</PoliticalGroup.Member.Name><PoliticalGroup.Member.Name MepId="6528">Szejnfeld</PoliticalGroup.Member.Name></Result.PoliticalGroup.List></Result.Abstention></RollCallVote.Result></PV.RollCallVoteResults>