<?xml version="1.0" encoding="UTF-8"?>
<!DOCTYPE PV.RollCallVoteResults SYSTEM "http://www2.europarl.ep.ec/pv/RCV.dtd">
<PV.RollCallVoteResults xmlns:chart="http://openoffice.org/2000/chart" xmlns:dr3d="http://openoffice.org/2000/dr3d" xmlns:draw="http://openoffice.org/2000/drawing" xmlns:fo="http://www.w3.org/1999/XSL/Format" xmlns:form="http://openoffice.org/2000/form" xmlns:ino="http://namespaces.softwareag.com/tamino/response2" xmlns:math="http://www.w3.org/1998/Math/MathML" xmlns:number="http://openoffice.org/2000/datastyle" xmlns:office="http://openoffice.org/2000/office" xmlns:script="http://openoffice.org/2000/script" xmlns:style="http://openoffice.org/2000/style" xmlns:svg="http://www.w3.org/2000/svg" xmlns:table="http://openoffice.org/2000/table" xmlns:text="http://openoffice.org/2000/text" xmlns:xlink="http://www.w3.org/1999/xlink" xmlns:xql="http://metalab.unc.edu/xql/" Sitting.Identifier="1345" Sitting.Date="2019-01-14" EP.Reference="P8_PV(2019)01-14" EP.Number="PE 633.588" Document.Language="XL"><RollCallVoteResults.Titles><RollCallVoteResults.Title.Text Language="BG">ПРОТОКОЛ<text:line-break />Резултат от поименни гласувания - Приложение 2</RollCallVoteResults.Title.Text><RollCallVoteResults.Title.Text Language="CS">ZÁPIS<text:line-break />Výsledek jmenovitého hlasování - Příloha 2</RollCallVoteResults.Title.Text><RollCallVoteResults.Title.Text Language="DA">PROTOKOL<text:line-break />Resultat af afstemningerne ved navneopråb - Bilag 2</RollCallVoteResults.Title.Text><RollCallVoteResults.Title.Text Language="DE">PROTOKOLL<text:line-break />Ergebnis der namentlichen Abstimmungen - Anlage 2</RollCallVoteResults.Title.Text><RollCallVoteResults.Title.Text Language="EL">ΣΥΝΟΠΤIΚΑ ΠΡΑΚΤIΚΑ<text:line-break />Αποτέλεσμα των ψηφοφοριών με ονομαστική κλήση - Παράρτηµα 2</RollCallVoteResults.Title.Text><RollCallVoteResults.Title.Text Language="EN">MINUTES<text:line-break />Result of roll-call votes - Annex 2</RollCallVoteResults.Title.Text><RollCallVoteResults.Title.Text Language="ES">ACTA<text:line-break />Resultados de las votaciones nominales - Anexo 2</RollCallVoteResults.Title.Text><RollCallVoteResults.Title.Text Language="ET">PROTOKOLL<text:line-break />Nimelise hääletuse tulemused - lisa 2</RollCallVoteResults.Title.Text><RollCallVoteResults.Title.Text Language="FI">PÖYTÄKIRJA<text:line-break />Nimenhuutoäänestysten tulokset - Liite 2</RollCallVoteResults.Title.Text><RollCallVoteResults.Title.Text Language="FR">PROCÈS-VERBAL<text:line-break />Résultat des votes par appel nominal - Annexe 2</RollCallVoteResults.Title.Text><RollCallVoteResults.Title.Text Language="HR">ZAPISNIK<text:line-break />Rezultat poimeničnog glasovanja - Prilog 2</RollCallVoteResults.Title.Text><RollCallVoteResults.Title.Text Language="HU">JEGYZŐKÖNYV<text:line-break />A név szerinti szavazások eredménye - melléklet 2</RollCallVoteResults.Title.Text><RollCallVoteResults.Title.Text Language="IT">PROCESSO VERBALE<text:line-break />Risultato delle votazioni per appello nominale - Allegato 2</RollCallVoteResults.Title.Text><RollCallVoteResults.Title.Text Language="LT">PROTOKOLAS<text:line-break />Vardinio balsavimo rezultatai - priedas 2</RollCallVoteResults.Title.Text><RollCallVoteResults.Title.Text Language="LV">PROTOKOLS<text:line-break />Rezultāti balsošanai pēc saraksta - pielikums 2</RollCallVoteResults.Title.Text><RollCallVoteResults.Title.Text Language="MT">MINUTI<text:line-break />Riżultat tal-votazzjoni bis-sejħa tal-ismijiet - Anness 2</RollCallVoteResults.Title.Text><RollCallVoteResults.Title.Text Language="NL">NOTULEN<text:line-break />Uitslag van de hoofdelijke stemmingen - Bijlage 2</RollCallVoteResults.Title.Text><RollCallVoteResults.Title.Text Language="PL">PROTOKÓŁ<text:line-break />Wyniki głosowań imiennych - Załącznik 2</RollCallVoteResults.Title.Text><RollCallVoteResults.Title.Text Language="PT">ATA<text:line-break />Resultados das votações nominais - Anexo 2</RollCallVoteResults.Title.Text><RollCallVoteResults.Title.Text Language="RO">PROCES-VERBAL<text:line-break />Rezultatul voturilor prin apel nominal - Anexa 2</RollCallVoteResults.Title.Text><RollCallVoteResults.Title.Text Language="SK">ZÁPISNICA<text:line-break />Výsledok hlasovania podľa mien - Príloha 2</RollCallVoteResults.Title.Text><RollCallVoteResults.Title.Text Language="SL">ZAPISNIK<text:line-break />Izid poimenskega glasovanja - Priloga 2</RollCallVoteResults.Title.Text><RollCallVoteResults.Title.Text Language="SV">PROTOKOLL<text:line-break />Resultat av omröstningarna med namnupprop - Bilaga 2</RollCallVoteResults.Title.Text></RollCallVoteResults.Titles><RollCallVote.Result Identifier="100087" Date="2019-01-14 17:31:11"><RollCallVote.Description.Text>Ordre du jour du lundi - demande du groupe Verts/ALE</RollCallVote.Description.Text><Result.For Number="143"><Result.PoliticalGroup.List Identifier="ALDE"><PoliticalGroup.Member.Name MepId="6089">Bilbao Barandica</PoliticalGroup.Member.Name><PoliticalGroup.Member.Name MepId="6601">Federley</PoliticalGroup.Member.Name><PoliticalGroup.Member.Name MepId="6098">Gerbrandy</PoliticalGroup.Member.Name><PoliticalGroup.Member.Name MepId="6041">Meissner</PoliticalGroup.Member.Name><PoliticalGroup.Member.Name MepId="6626">van Miltenburg</PoliticalGroup.Member.Name><PoliticalGroup.Member.Name MepId="6631">Mlinar</PoliticalGroup.Member.Name><PoliticalGroup.Member.Name MepId="6644">Pagazaurtundúa Ruiz</PoliticalGroup.Member.Name><PoliticalGroup.Member.Name MepId="6510">Petersen</PoliticalGroup.Member.Name><PoliticalGroup.Member.Name MepId="6100">Schaake</PoliticalGroup.Member.Name><PoliticalGroup.Member.Name MepId="6722">Selimovic</PoliticalGroup.Member.Name><PoliticalGroup.Member.Name MepId="6281">Torvalds</PoliticalGroup.Member.Name><PoliticalGroup.Member.Name MepId="6181">Tremosa i Balcells</PoliticalGroup.Member.Name><PoliticalGroup.Member.Name MepId="6710">Vautmans</PoliticalGroup.Member.Name><PoliticalGroup.Member.Name MepId="5864">Wikström</PoliticalGroup.Member.Name></Result.PoliticalGroup.List><Result.PoliticalGroup.List Identifier="ECR"><PoliticalGroup.Member.Name MepId="6667">Marias</PoliticalGroup.Member.Name></Result.PoliticalGroup.List><Result.PoliticalGroup.List Identifier="EFDD"><PoliticalGroup.Member.Name MepId="6446">Castaldo</PoliticalGroup.Member.Name><PoliticalGroup.Member.Name MepId="6494">Corrao</PoliticalGroup.Member.Name><PoliticalGroup.Member.Name MepId="6695">Zullo</PoliticalGroup.Member.Name></Result.PoliticalGroup.List><Result.PoliticalGroup.List Identifier="ENF"><PoliticalGroup.Member.Name MepId="6593">Annemans</PoliticalGroup.Member.Name><PoliticalGroup.Member.Name MepId="6741">Elissen</PoliticalGroup.Member.Name><PoliticalGroup.Member.Name MepId="6630">de Graaff</PoliticalGroup.Member.Name><PoliticalGroup.Member.Name MepId="6629">Kappel</PoliticalGroup.Member.Name><PoliticalGroup.Member.Name MepId="6123">Obermayr</PoliticalGroup.Member.Name><PoliticalGroup.Member.Name MepId="6610">Vilimsky</PoliticalGroup.Member.Name><PoliticalGroup.Member.Name MepId="6228">Zijlstra</PoliticalGroup.Member.Name></Result.PoliticalGroup.List><Result.PoliticalGroup.List Identifier="GUE/NGL"><PoliticalGroup.Member.Name MepId="6598">Carthy</PoliticalGroup.Member.Name><PoliticalGroup.Member.Name MepId="5237">Chountis</PoliticalGroup.Member.Name><PoliticalGroup.Member.Name MepId="5886">Ferreira</PoliticalGroup.Member.Name><PoliticalGroup.Member.Name MepId="6693">Forenza</PoliticalGroup.Member.Name><PoliticalGroup.Member.Name MepId="6076">Hadjigeorgiou</PoliticalGroup.Member.Name><PoliticalGroup.Member.Name MepId="6023">Händel</PoliticalGroup.Member.Name><PoliticalGroup.Member.Name MepId="6628">Hazekamp</PoliticalGroup.Member.Name><PoliticalGroup.Member.Name MepId="6369">Kyllönen</PoliticalGroup.Member.Name><PoliticalGroup.Member.Name MepId="5909">Le Hyaric</PoliticalGroup.Member.Name><PoliticalGroup.Member.Name MepId="6653">López Bermejo</PoliticalGroup.Member.Name><PoliticalGroup.Member.Name MepId="5992">Matias</PoliticalGroup.Member.Name><PoliticalGroup.Member.Name MepId="6310">Michels</PoliticalGroup.Member.Name><PoliticalGroup.Member.Name MepId="6643">Mineur</PoliticalGroup.Member.Name><PoliticalGroup.Member.Name MepId="5596">Papadimoulis</PoliticalGroup.Member.Name><PoliticalGroup.Member.Name MepId="6727">Pimenta Lopes</PoliticalGroup.Member.Name><PoliticalGroup.Member.Name MepId="6641">Sánchez Caldentey</PoliticalGroup.Member.Name><PoliticalGroup.Member.Name MepId="5837">Scholz</PoliticalGroup.Member.Name><PoliticalGroup.Member.Name MepId="6655">Senra Rodríguez</PoliticalGroup.Member.Name><PoliticalGroup.Member.Name MepId="6444">Spinelli</PoliticalGroup.Member.Name><PoliticalGroup.Member.Name MepId="6321">Sylikiotis</PoliticalGroup.Member.Name><PoliticalGroup.Member.Name MepId="6030">Vergiat</PoliticalGroup.Member.Name><PoliticalGroup.Member.Name MepId="6678">Viegas</PoliticalGroup.Member.Name></Result.PoliticalGroup.List><Result.PoliticalGroup.List Identifier="NI"><PoliticalGroup.Member.Name MepId="6676">Papadakis Konstantinos</PoliticalGroup.Member.Name><PoliticalGroup.Member.Name MepId="6469">Voigt</PoliticalGroup.Member.Name></Result.PoliticalGroup.List><Result.PoliticalGroup.List Identifier="S&amp;D"><PoliticalGroup.Member.Name MepId="6279">Andrieu</PoliticalGroup.Member.Name><PoliticalGroup.Member.Name MepId="6553">Arena</PoliticalGroup.Member.Name><PoliticalGroup.Member.Name MepId="6378">Balas</PoliticalGroup.Member.Name><PoliticalGroup.Member.Name MepId="5173">Beňová</PoliticalGroup.Member.Name><PoliticalGroup.Member.Name MepId="6449">Bonafè</PoliticalGroup.Member.Name><PoliticalGroup.Member.Name MepId="5465">Bresso</PoliticalGroup.Member.Name><PoliticalGroup.Member.Name MepId="6421">Briano</PoliticalGroup.Member.Name><PoliticalGroup.Member.Name MepId="6489">Caputo</PoliticalGroup.Member.Name><PoliticalGroup.Member.Name MepId="6083">Cofferati</PoliticalGroup.Member.Name><PoliticalGroup.Member.Name MepId="6458">Danti</PoliticalGroup.Member.Name><PoliticalGroup.Member.Name MepId="6437">De Monte</PoliticalGroup.Member.Name><PoliticalGroup.Member.Name MepId="6763">Detjen</PoliticalGroup.Member.Name><PoliticalGroup.Member.Name MepId="6012">Fleckenstein</PoliticalGroup.Member.Name><PoliticalGroup.Member.Name MepId="6620">Freund</PoliticalGroup.Member.Name><PoliticalGroup.Member.Name MepId="6769">Gabelic</PoliticalGroup.Member.Name><PoliticalGroup.Member.Name MepId="3827">Gebhardt</PoliticalGroup.Member.Name><PoliticalGroup.Member.Name MepId="5495">Geringer de Oedenberg</PoliticalGroup.Member.Name><PoliticalGroup.Member.Name MepId="5497">Gierek</PoliticalGroup.Member.Name><PoliticalGroup.Member.Name MepId="5425">Gomes</PoliticalGroup.Member.Name><PoliticalGroup.Member.Name MepId="6688">Grammatikakis</PoliticalGroup.Member.Name><PoliticalGroup.Member.Name MepId="6720">Graswander-Hainz</PoliticalGroup.Member.Name><PoliticalGroup.Member.Name MepId="6107">Guillaume</PoliticalGroup.Member.Name><PoliticalGroup.Member.Name MepId="5261">Hedh</PoliticalGroup.Member.Name><PoliticalGroup.Member.Name MepId="6745">Howarth</PoliticalGroup.Member.Name><PoliticalGroup.Member.Name MepId="5870">Jaakonsaari</PoliticalGroup.Member.Name><PoliticalGroup.Member.Name MepId="6624">Jongerius</PoliticalGroup.Member.Name><PoliticalGroup.Member.Name MepId="6009">Kammerevert</PoliticalGroup.Member.Name><PoliticalGroup.Member.Name MepId="3756">Kaufmann</PoliticalGroup.Member.Name><PoliticalGroup.Member.Name MepId="6326">Keller Jan</PoliticalGroup.Member.Name><PoliticalGroup.Member.Name MepId="6571">Kirton-Darling</PoliticalGroup.Member.Name><PoliticalGroup.Member.Name MepId="6508">Kofod</PoliticalGroup.Member.Name><PoliticalGroup.Member.Name MepId="6739">Kohn</PoliticalGroup.Member.Name><PoliticalGroup.Member.Name MepId="6459">Köster</PoliticalGroup.Member.Name><PoliticalGroup.Member.Name MepId="6689">Kyrkos</PoliticalGroup.Member.Name><PoliticalGroup.Member.Name MepId="3823">Lange</PoliticalGroup.Member.Name><PoliticalGroup.Member.Name MepId="6477">Lietz</PoliticalGroup.Member.Name><PoliticalGroup.Member.Name MepId="5860">Ludvigsson</PoliticalGroup.Member.Name><PoliticalGroup.Member.Name MepId="6521">Łybacka</PoliticalGroup.Member.Name><PoliticalGroup.Member.Name MepId="6380">Mamikins</PoliticalGroup.Member.Name><PoliticalGroup.Member.Name MepId="5314">Maňka</PoliticalGroup.Member.Name><PoliticalGroup.Member.Name MepId="6565">Martin Edouard</PoliticalGroup.Member.Name><PoliticalGroup.Member.Name MepId="6351">Molnár</PoliticalGroup.Member.Name><PoliticalGroup.Member.Name MepId="6016">Neuser</PoliticalGroup.Member.Name><PoliticalGroup.Member.Name MepId="6352">Niedermüller</PoliticalGroup.Member.Name><PoliticalGroup.Member.Name MepId="5483">Panzeri</PoliticalGroup.Member.Name><PoliticalGroup.Member.Name MepId="6323">Papadakis Demetris</PoliticalGroup.Member.Name><PoliticalGroup.Member.Name MepId="5648">Paşcu</PoliticalGroup.Member.Name><PoliticalGroup.Member.Name MepId="5894">Poc</PoliticalGroup.Member.Name><PoliticalGroup.Member.Name MepId="6609">Post</PoliticalGroup.Member.Name><PoliticalGroup.Member.Name MepId="6526">Preuß</PoliticalGroup.Member.Name><PoliticalGroup.Member.Name MepId="6136">Regner</PoliticalGroup.Member.Name><PoliticalGroup.Member.Name MepId="6371">Rodrigues Maria João</PoliticalGroup.Member.Name><PoliticalGroup.Member.Name MepId="5813">Rodust</PoliticalGroup.Member.Name><PoliticalGroup.Member.Name MepId="6357">Rozière</PoliticalGroup.Member.Name><PoliticalGroup.Member.Name MepId="5713">Schaldemose</PoliticalGroup.Member.Name><PoliticalGroup.Member.Name MepId="6438">Schlein</PoliticalGroup.Member.Name><PoliticalGroup.Member.Name MepId="6375">Serrão Santos</PoliticalGroup.Member.Name><PoliticalGroup.Member.Name MepId="6008">Simon Peter</PoliticalGroup.Member.Name><PoliticalGroup.Member.Name MepId="6093">Sippel</PoliticalGroup.Member.Name><PoliticalGroup.Member.Name MepId="6427">Țapardel</PoliticalGroup.Member.Name><PoliticalGroup.Member.Name MepId="5624">Tarabella</PoliticalGroup.Member.Name><PoliticalGroup.Member.Name MepId="6282">Thomas</PoliticalGroup.Member.Name><PoliticalGroup.Member.Name MepId="5859">Ulvskog</PoliticalGroup.Member.Name><PoliticalGroup.Member.Name MepId="4990">Van Brempt</PoliticalGroup.Member.Name><PoliticalGroup.Member.Name MepId="6582">Ward</PoliticalGroup.Member.Name><PoliticalGroup.Member.Name MepId="6235">Weidenholzer</PoliticalGroup.Member.Name><PoliticalGroup.Member.Name MepId="6011">Westphal</PoliticalGroup.Member.Name><PoliticalGroup.Member.Name MepId="6735">Wölken</PoliticalGroup.Member.Name><PoliticalGroup.Member.Name MepId="6434">Zanonato</PoliticalGroup.Member.Name><PoliticalGroup.Member.Name MepId="5957">Zemke</PoliticalGroup.Member.Name><PoliticalGroup.Member.Name MepId="6373">Zorrinho</PoliticalGroup.Member.Name></Result.PoliticalGroup.List><Result.PoliticalGroup.List Identifier="Verts/ALE"><PoliticalGroup.Member.Name MepId="6455">Buchner</PoliticalGroup.Member.Name><PoliticalGroup.Member.Name MepId="5358">Cramer</PoliticalGroup.Member.Name><PoliticalGroup.Member.Name MepId="6730">Dalunde</PoliticalGroup.Member.Name><PoliticalGroup.Member.Name MepId="6040">Delli</PoliticalGroup.Member.Name><PoliticalGroup.Member.Name MepId="6324">Durand</PoliticalGroup.Member.Name><PoliticalGroup.Member.Name MepId="6703">Engström</PoliticalGroup.Member.Name><PoliticalGroup.Member.Name MepId="6775">Franz</PoliticalGroup.Member.Name><PoliticalGroup.Member.Name MepId="5353">Harms</PoliticalGroup.Member.Name><PoliticalGroup.Member.Name MepId="4535">Hautala</PoliticalGroup.Member.Name><PoliticalGroup.Member.Name MepId="6350">Jávor</PoliticalGroup.Member.Name><PoliticalGroup.Member.Name MepId="5838">Lamberts</PoliticalGroup.Member.Name><PoliticalGroup.Member.Name MepId="5902">Lochbihler</PoliticalGroup.Member.Name><PoliticalGroup.Member.Name MepId="6732">Marcellesi</PoliticalGroup.Member.Name><PoliticalGroup.Member.Name MepId="6453">Reda</PoliticalGroup.Member.Name><PoliticalGroup.Member.Name MepId="6552">Reimon</PoliticalGroup.Member.Name><PoliticalGroup.Member.Name MepId="6529">Reintke</PoliticalGroup.Member.Name><PoliticalGroup.Member.Name MepId="6560">Scott Cato</PoliticalGroup.Member.Name><PoliticalGroup.Member.Name MepId="6738">Solé</PoliticalGroup.Member.Name><PoliticalGroup.Member.Name MepId="4983">Staes</PoliticalGroup.Member.Name><PoliticalGroup.Member.Name MepId="6204">Taylor</PoliticalGroup.Member.Name><PoliticalGroup.Member.Name MepId="6549">Terricabras</PoliticalGroup.Member.Name><PoliticalGroup.Member.Name MepId="6551">Vana</PoliticalGroup.Member.Name><PoliticalGroup.Member.Name MepId="6757">Waitz</PoliticalGroup.Member.Name></Result.PoliticalGroup.List></Result.For><Result.Against Number="153"><Result.PoliticalGroup.List Identifier="ALDE"><PoliticalGroup.Member.Name MepId="6407">Arthuis</PoliticalGroup.Member.Name><PoliticalGroup.Member.Name MepId="1060">Deprez</PoliticalGroup.Member.Name><PoliticalGroup.Member.Name MepId="5330">Griesbeck</PoliticalGroup.Member.Name><PoliticalGroup.Member.Name MepId="6338">Ježek</PoliticalGroup.Member.Name><PoliticalGroup.Member.Name MepId="6740">Lalonde</PoliticalGroup.Member.Name><PoliticalGroup.Member.Name MepId="5857">Michel</PoliticalGroup.Member.Name><PoliticalGroup.Member.Name MepId="4676">Ries</PoliticalGroup.Member.Name><PoliticalGroup.Member.Name MepId="6056">Riquet</PoliticalGroup.Member.Name><PoliticalGroup.Member.Name MepId="6154">Rochefort</PoliticalGroup.Member.Name><PoliticalGroup.Member.Name MepId="6337">Telička</PoliticalGroup.Member.Name><PoliticalGroup.Member.Name MepId="6729">Wierinck</PoliticalGroup.Member.Name></Result.PoliticalGroup.List><Result.PoliticalGroup.List Identifier="ECR"><PoliticalGroup.Member.Name MepId="6719">Czesak</PoliticalGroup.Member.Name><PoliticalGroup.Member.Name MepId="6712">Dalton</PoliticalGroup.Member.Name><PoliticalGroup.Member.Name MepId="6516">Dohrmann</PoliticalGroup.Member.Name><PoliticalGroup.Member.Name MepId="6452">Gericke</PoliticalGroup.Member.Name><PoliticalGroup.Member.Name MepId="6539">Gosiewska</PoliticalGroup.Member.Name><PoliticalGroup.Member.Name MepId="6358">Halla-aho</PoliticalGroup.Member.Name><PoliticalGroup.Member.Name MepId="6460">Henkel</PoliticalGroup.Member.Name><PoliticalGroup.Member.Name MepId="6531">Jurek</PoliticalGroup.Member.Name><PoliticalGroup.Member.Name MepId="6461">Kölmel</PoliticalGroup.Member.Name><PoliticalGroup.Member.Name MepId="6530">Krasnodębski</PoliticalGroup.Member.Name><PoliticalGroup.Member.Name MepId="5453">Krupa</PoliticalGroup.Member.Name><PoliticalGroup.Member.Name MepId="5507">Kuźmiuk</PoliticalGroup.Member.Name><PoliticalGroup.Member.Name MepId="1230">Nicholson</PoliticalGroup.Member.Name><PoliticalGroup.Member.Name MepId="6536">Ożóg</PoliticalGroup.Member.Name><PoliticalGroup.Member.Name MepId="6512">Piecha</PoliticalGroup.Member.Name><PoliticalGroup.Member.Name MepId="6464">Starbatty</PoliticalGroup.Member.Name><PoliticalGroup.Member.Name MepId="6682">Stevens</PoliticalGroup.Member.Name><PoliticalGroup.Member.Name MepId="5892">Tošenovský</PoliticalGroup.Member.Name><PoliticalGroup.Member.Name MepId="6466">Trebesius</PoliticalGroup.Member.Name><PoliticalGroup.Member.Name MepId="6711">Van Bossuyt</PoliticalGroup.Member.Name><PoliticalGroup.Member.Name MepId="6515">Wiśniewska</PoliticalGroup.Member.Name></Result.PoliticalGroup.List><Result.PoliticalGroup.List Identifier="EFDD"><PoliticalGroup.Member.Name MepId="6559">Aker</PoliticalGroup.Member.Name><PoliticalGroup.Member.Name MepId="6577">Arnott</PoliticalGroup.Member.Name><PoliticalGroup.Member.Name MepId="6384">D'Ornano</PoliticalGroup.Member.Name><PoliticalGroup.Member.Name MepId="6524">Iwaszkiewicz</PoliticalGroup.Member.Name><PoliticalGroup.Member.Name MepId="6557">O'Flynn</PoliticalGroup.Member.Name><PoliticalGroup.Member.Name MepId="6482">Pedicini</PoliticalGroup.Member.Name><PoliticalGroup.Member.Name MepId="6412">Valli</PoliticalGroup.Member.Name></Result.PoliticalGroup.List><Result.PoliticalGroup.List Identifier="ENF"><PoliticalGroup.Member.Name MepId="6179">Bizzotto</PoliticalGroup.Member.Name><PoliticalGroup.Member.Name MepId="5010">Borghezio</PoliticalGroup.Member.Name><PoliticalGroup.Member.Name MepId="6387">Boutonnet</PoliticalGroup.Member.Name><PoliticalGroup.Member.Name MepId="6699">Loiseau</PoliticalGroup.Member.Name><PoliticalGroup.Member.Name MepId="6389">Schaffhauser</PoliticalGroup.Member.Name><PoliticalGroup.Member.Name MepId="6134">Scottà</PoliticalGroup.Member.Name><PoliticalGroup.Member.Name MepId="6392">Troszczynski</PoliticalGroup.Member.Name><PoliticalGroup.Member.Name MepId="6414">Zanni</PoliticalGroup.Member.Name></Result.PoliticalGroup.List><Result.PoliticalGroup.List Identifier="GUE/NGL"><PoliticalGroup.Member.Name MepId="5450">Kohlíček</PoliticalGroup.Member.Name><PoliticalGroup.Member.Name MepId="5039">Konečná</PoliticalGroup.Member.Name><PoliticalGroup.Member.Name MepId="5044">Maštálka</PoliticalGroup.Member.Name></Result.PoliticalGroup.List><Result.PoliticalGroup.List Identifier="NI"><PoliticalGroup.Member.Name MepId="6106">Dodds</PoliticalGroup.Member.Name><PoliticalGroup.Member.Name MepId="6669">Epitideios</PoliticalGroup.Member.Name><PoliticalGroup.Member.Name MepId="6668">Fountoulis</PoliticalGroup.Member.Name><PoliticalGroup.Member.Name MepId="6670">Synadinos</PoliticalGroup.Member.Name><PoliticalGroup.Member.Name MepId="6585">Woolfe</PoliticalGroup.Member.Name></Result.PoliticalGroup.List><Result.PoliticalGroup.List Identifier="PPE"><PoliticalGroup.Member.Name MepId="4742">Ayuso</PoliticalGroup.Member.Name><PoliticalGroup.Member.Name MepId="6191">Bach</PoliticalGroup.Member.Name><PoliticalGroup.Member.Name MepId="5377">Belet</PoliticalGroup.Member.Name><PoliticalGroup.Member.Name MepId="5885">Bendtsen</PoliticalGroup.Member.Name><PoliticalGroup.Member.Name MepId="6343">Bocskor</PoliticalGroup.Member.Name><PoliticalGroup.Member.Name MepId="6613">Bogovič</PoliticalGroup.Member.Name><PoliticalGroup.Member.Name MepId="6535">Boni</PoliticalGroup.Member.Name><PoliticalGroup.Member.Name MepId="5928">van de Camp</PoliticalGroup.Member.Name><PoliticalGroup.Member.Name MepId="5341">Caspary</PoliticalGroup.Member.Name><PoliticalGroup.Member.Name MepId="5236">Christoforou</PoliticalGroup.Member.Name><PoliticalGroup.Member.Name MepId="6273">Collin-Langen</PoliticalGroup.Member.Name><PoliticalGroup.Member.Name MepId="5921">Danjean</PoliticalGroup.Member.Name><PoliticalGroup.Member.Name MepId="6345">Deli</PoliticalGroup.Member.Name><PoliticalGroup.Member.Name MepId="5350">Deß</PoliticalGroup.Member.Name><PoliticalGroup.Member.Name MepId="6342">Erdős</PoliticalGroup.Member.Name><PoliticalGroup.Member.Name MepId="3833">Ferber</PoliticalGroup.Member.Name><PoliticalGroup.Member.Name MepId="5903">Fisas Ayxelà</PoliticalGroup.Member.Name><PoliticalGroup.Member.Name MepId="1508">Florenz</PoliticalGroup.Member.Name><PoliticalGroup.Member.Name MepId="4659">Gahler</PoliticalGroup.Member.Name><PoliticalGroup.Member.Name MepId="5280">Gál</PoliticalGroup.Member.Name><PoliticalGroup.Member.Name MepId="6615">Gambús</PoliticalGroup.Member.Name><PoliticalGroup.Member.Name MepId="6780">Gehrold</PoliticalGroup.Member.Name><PoliticalGroup.Member.Name MepId="6441">Gieseke</PoliticalGroup.Member.Name><PoliticalGroup.Member.Name MepId="5342">Gräßle</PoliticalGroup.Member.Name><PoliticalGroup.Member.Name MepId="4032">Grossetête</PoliticalGroup.Member.Name><PoliticalGroup.Member.Name MepId="5109">Grzyb</PoliticalGroup.Member.Name><PoliticalGroup.Member.Name MepId="5018">Herranz García</PoliticalGroup.Member.Name><PoliticalGroup.Member.Name MepId="6346">Hölvényi</PoliticalGroup.Member.Name><PoliticalGroup.Member.Name MepId="5945">Jahr</PoliticalGroup.Member.Name><PoliticalGroup.Member.Name MepId="6666">Kefalogiannis</PoliticalGroup.Member.Name><PoliticalGroup.Member.Name MepId="5542">Kelam</PoliticalGroup.Member.Name><PoliticalGroup.Member.Name MepId="5855">Kelly</PoliticalGroup.Member.Name><PoliticalGroup.Member.Name MepId="3759">Koch</PoliticalGroup.Member.Name><PoliticalGroup.Member.Name MepId="6527">Kozłowska-Rajewicz</PoliticalGroup.Member.Name><PoliticalGroup.Member.Name MepId="5403">Kudrycka</PoliticalGroup.Member.Name><PoliticalGroup.Member.Name MepId="5840">Kukan</PoliticalGroup.Member.Name><PoliticalGroup.Member.Name MepId="5727">de Lange</PoliticalGroup.Member.Name><PoliticalGroup.Member.Name MepId="6363">Lavrilleux</PoliticalGroup.Member.Name><PoliticalGroup.Member.Name MepId="6592">Lenaers</PoliticalGroup.Member.Name><PoliticalGroup.Member.Name MepId="5105">Lewandowski</PoliticalGroup.Member.Name><PoliticalGroup.Member.Name MepId="6442">Lins</PoliticalGroup.Member.Name><PoliticalGroup.Member.Name MepId="5517">López-Istúriz White</PoliticalGroup.Member.Name><PoliticalGroup.Member.Name MepId="6761">Mandl</PoliticalGroup.Member.Name><PoliticalGroup.Member.Name MepId="5646">Marinescu</PoliticalGroup.Member.Name><PoliticalGroup.Member.Name MepId="5985">Matera</PoliticalGroup.Member.Name><PoliticalGroup.Member.Name MepId="6096">Mato</PoliticalGroup.Member.Name><PoliticalGroup.Member.Name MepId="5518">Millán Mon</PoliticalGroup.Member.Name><PoliticalGroup.Member.Name MepId="6366">Monteiro de Aguiar</PoliticalGroup.Member.Name><PoliticalGroup.Member.Name MepId="5732">Morin-Chartier</PoliticalGroup.Member.Name><PoliticalGroup.Member.Name MepId="6436">Mureşan</PoliticalGroup.Member.Name><PoliticalGroup.Member.Name MepId="4712">Niebler</PoliticalGroup.Member.Name><PoliticalGroup.Member.Name MepId="6332">Niedermayer</PoliticalGroup.Member.Name><PoliticalGroup.Member.Name MepId="5407">Olbrycht</PoliticalGroup.Member.Name><PoliticalGroup.Member.Name MepId="5033">Peterle</PoliticalGroup.Member.Name><PoliticalGroup.Member.Name MepId="6537">Pitera</PoliticalGroup.Member.Name><PoliticalGroup.Member.Name MepId="6010">Preda</PoliticalGroup.Member.Name><PoliticalGroup.Member.Name MepId="6224">Proust</PoliticalGroup.Member.Name><PoliticalGroup.Member.Name MepId="6750">Radtke</PoliticalGroup.Member.Name><PoliticalGroup.Member.Name MepId="6365">Ribeiro</PoliticalGroup.Member.Name><PoliticalGroup.Member.Name MepId="4596">Rübig</PoliticalGroup.Member.Name><PoliticalGroup.Member.Name MepId="3991">Salafranca Sánchez-Neyra</PoliticalGroup.Member.Name><PoliticalGroup.Member.Name MepId="6698">Salini</PoliticalGroup.Member.Name><PoliticalGroup.Member.Name MepId="6370">Sander</PoliticalGroup.Member.Name><PoliticalGroup.Member.Name MepId="6619">Schmidt</PoliticalGroup.Member.Name><PoliticalGroup.Member.Name MepId="5265">Schöpflin</PoliticalGroup.Member.Name><PoliticalGroup.Member.Name MepId="6636">Schreijer-Pierik</PoliticalGroup.Member.Name><PoliticalGroup.Member.Name MepId="5345">Schwab</PoliticalGroup.Member.Name><PoliticalGroup.Member.Name MepId="5111">Siekierski</PoliticalGroup.Member.Name><PoliticalGroup.Member.Name MepId="5781">Sógor</PoliticalGroup.Member.Name><PoliticalGroup.Member.Name MepId="6341">Šojdrová</PoliticalGroup.Member.Name><PoliticalGroup.Member.Name MepId="5418">Sonik</PoliticalGroup.Member.Name><PoliticalGroup.Member.Name MepId="6333">Štětina</PoliticalGroup.Member.Name><PoliticalGroup.Member.Name MepId="5778">Stolojan</PoliticalGroup.Member.Name><PoliticalGroup.Member.Name MepId="6680">Šulin</PoliticalGroup.Member.Name><PoliticalGroup.Member.Name MepId="6672">Svoboda</PoliticalGroup.Member.Name><PoliticalGroup.Member.Name MepId="5143">Szájer</PoliticalGroup.Member.Name><PoliticalGroup.Member.Name MepId="5949">Thun und Hohenstein</PoliticalGroup.Member.Name><PoliticalGroup.Member.Name MepId="6681">Tomc</PoliticalGroup.Member.Name><PoliticalGroup.Member.Name MepId="6007">Ungureanu</PoliticalGroup.Member.Name><PoliticalGroup.Member.Name MepId="6706">Vandenkendelaere</PoliticalGroup.Member.Name><PoliticalGroup.Member.Name MepId="5930">Verheyen</PoliticalGroup.Member.Name><PoliticalGroup.Member.Name MepId="6356">Virkkunen</PoliticalGroup.Member.Name><PoliticalGroup.Member.Name MepId="5934">Voss</PoliticalGroup.Member.Name><PoliticalGroup.Member.Name MepId="5947">Wałęsa</PoliticalGroup.Member.Name><PoliticalGroup.Member.Name MepId="5782">Winkler Iuliu</PoliticalGroup.Member.Name><PoliticalGroup.Member.Name MepId="6532">Zdrojewski</PoliticalGroup.Member.Name><PoliticalGroup.Member.Name MepId="6094">Zver</PoliticalGroup.Member.Name><PoliticalGroup.Member.Name MepId="5420">Zwiefka</PoliticalGroup.Member.Name></Result.PoliticalGroup.List><Result.PoliticalGroup.List Identifier="S&amp;D"><PoliticalGroup.Member.Name MepId="6651">Aguilera García</PoliticalGroup.Member.Name><PoliticalGroup.Member.Name MepId="6650">Blanco López</PoliticalGroup.Member.Name><PoliticalGroup.Member.Name MepId="6647">Cabezón Ruiz</PoliticalGroup.Member.Name><PoliticalGroup.Member.Name MepId="6014">Ertug</PoliticalGroup.Member.Name><PoliticalGroup.Member.Name MepId="6652">Fernández</PoliticalGroup.Member.Name><PoliticalGroup.Member.Name MepId="6424">Frunzulică</PoliticalGroup.Member.Name><PoliticalGroup.Member.Name MepId="6130">Gardiazabal Rubial</PoliticalGroup.Member.Name><PoliticalGroup.Member.Name MepId="6103">Pargneaux</PoliticalGroup.Member.Name><PoliticalGroup.Member.Name MepId="6707">Pavel</PoliticalGroup.Member.Name><PoliticalGroup.Member.Name MepId="6753">Popa</PoliticalGroup.Member.Name></Result.PoliticalGroup.List></Result.Against><Result.Abstention Number="18"><Result.PoliticalGroup.List Identifier="ALDE"><PoliticalGroup.Member.Name MepId="6339">Charanzová</PoliticalGroup.Member.Name><PoliticalGroup.Member.Name MepId="6340">Dlabajová</PoliticalGroup.Member.Name><PoliticalGroup.Member.Name MepId="5385">in 't Veld</PoliticalGroup.Member.Name></Result.PoliticalGroup.List><Result.PoliticalGroup.List Identifier="EFDD"><PoliticalGroup.Member.Name MepId="6066">Agnew</PoliticalGroup.Member.Name><PoliticalGroup.Member.Name MepId="6748">Bullock</PoliticalGroup.Member.Name><PoliticalGroup.Member.Name MepId="6590">Carver</PoliticalGroup.Member.Name><PoliticalGroup.Member.Name MepId="6584">Gill Nathan</PoliticalGroup.Member.Name><PoliticalGroup.Member.Name MepId="6563">Parker</PoliticalGroup.Member.Name></Result.PoliticalGroup.List><Result.PoliticalGroup.List Identifier="ENF"><PoliticalGroup.Member.Name MepId="6541">Żółtek</PoliticalGroup.Member.Name></Result.PoliticalGroup.List><Result.PoliticalGroup.List Identifier="NI"><PoliticalGroup.Member.Name MepId="1380">Gollnisch</PoliticalGroup.Member.Name><PoliticalGroup.Member.Name MepId="6768">Sośnierz</PoliticalGroup.Member.Name></Result.PoliticalGroup.List><Result.PoliticalGroup.List Identifier="PPE"><PoliticalGroup.Member.Name MepId="3800">Coelho</PoliticalGroup.Member.Name><PoliticalGroup.Member.Name MepId="6679">Faria</PoliticalGroup.Member.Name><PoliticalGroup.Member.Name MepId="5809">Leontini</PoliticalGroup.Member.Name><PoliticalGroup.Member.Name MepId="6684">Rolin</PoliticalGroup.Member.Name></Result.PoliticalGroup.List><Result.PoliticalGroup.List Identifier="S&amp;D"><PoliticalGroup.Member.Name MepId="5094">Liberadzki</PoliticalGroup.Member.Name><PoliticalGroup.Member.Name MepId="6418">Nica</PoliticalGroup.Member.Name><PoliticalGroup.Member.Name MepId="6764">Zoană</PoliticalGroup.Member.Name></Result.PoliticalGroup.List></Result.Abstention></RollCallVote.Result></PV.RollCallVoteResults>