<?xml version="1.0" encoding="UTF-8"?><PV.RollCallVoteResults xmlns:style="http://openoffice.org/2000/style" xmlns:xql="http://metalab.unc.edu/xql/" xmlns:form="http://openoffice.org/2000/form" xmlns:xlink="http://www.w3.org/1999/xlink" xmlns:number="http://openoffice.org/2000/datastyle" xmlns:svg="http://www.w3.org/2000/svg" xmlns:office="http://openoffice.org/2000/office" xmlns:dr3d="http://openoffice.org/2000/dr3d" xmlns:chart="http://openoffice.org/2000/chart" xmlns:fo="http://www.w3.org/1999/XSL/Format" xmlns:ino="http://namespaces.softwareag.com/tamino/response2" xmlns:script="http://openoffice.org/2000/script" xmlns:math="http://www.w3.org/1998/Math/MathML" xmlns:draw="http://openoffice.org/2000/drawing" xmlns:text="http://openoffice.org/2000/text" xmlns:table="http://openoffice.org/2000/table" Sitting.Identifier="676" Sitting.Date="2019-03-11" EP.Reference="P8_PV(2019)03-11(RCV)" EP.Number="PE 636.463" Document.Language="XL"><RollCallVoteResults.Titles><RollCallVoteResults.Title.Text Language="BG">ПРОТОКОЛ<text:line-break />Резултат от поименни гласувания - Приложение</RollCallVoteResults.Title.Text><RollCallVoteResults.Title.Text Language="CS">ZÁPIS<text:line-break />Výsledek jmenovitého hlasování - Příloha</RollCallVoteResults.Title.Text><RollCallVoteResults.Title.Text Language="DA">PROTOKOL<text:line-break />Resultat af afstemningerne ved navneopråb - Bilag</RollCallVoteResults.Title.Text><RollCallVoteResults.Title.Text Language="DE">PROTOKOLL<text:line-break />Ergebnis der namentlichen Abstimmungen - Anlage</RollCallVoteResults.Title.Text><RollCallVoteResults.Title.Text Language="EL">ΣΥΝΟΠΤIΚΑ ΠΡΑΚΤIΚΑ<text:line-break />Αποτέλεσμα των ψηφοφοριών με ονομαστική κλήση - Παράρτηµα</RollCallVoteResults.Title.Text><RollCallVoteResults.Title.Text Language="EN">MINUTES<text:line-break />Result of roll-call votes - Annex</RollCallVoteResults.Title.Text><RollCallVoteResults.Title.Text Language="ES">ACTA<text:line-break />Resultados de las votaciones nominales - Anexo</RollCallVoteResults.Title.Text><RollCallVoteResults.Title.Text Language="ET">PROTOKOLL<text:line-break />Nimelise hääletuse tulemused - lisa</RollCallVoteResults.Title.Text><RollCallVoteResults.Title.Text Language="FI">PÖYTÄKIRJA<text:line-break />Nimenhuutoäänestysten tulokset - Liite</RollCallVoteResults.Title.Text><RollCallVoteResults.Title.Text Language="FR">PROCÈS-VERBAL<text:line-break />Résultat des votes par appel nominal - Annexe</RollCallVoteResults.Title.Text><RollCallVoteResults.Title.Text Language="HR">ZAPISNIK<text:line-break />Rezultat poimeničnog glasovanja - Prilog</RollCallVoteResults.Title.Text><RollCallVoteResults.Title.Text Language="HU">JEGYZŐKÖNYV<text:line-break />A név szerinti szavazások eredménye - melléklet</RollCallVoteResults.Title.Text><RollCallVoteResults.Title.Text Language="IT">PROCESSO VERBALE<text:line-break />Risultato delle votazioni per appello nominale - Allegato</RollCallVoteResults.Title.Text><RollCallVoteResults.Title.Text Language="LT">PROTOKOLAS<text:line-break />Vardinio balsavimo rezultatai - priedas</RollCallVoteResults.Title.Text><RollCallVoteResults.Title.Text Language="LV">PROTOKOLS<text:line-break />Rezultāti balsošanai pēc saraksta - pielikums</RollCallVoteResults.Title.Text><RollCallVoteResults.Title.Text Language="MT">MINUTI<text:line-break />Riżultat tal-votazzjoni bis-sejħa tal-ismijiet - Anness</RollCallVoteResults.Title.Text><RollCallVoteResults.Title.Text Language="NL">NOTULEN<text:line-break />Uitslag van de hoofdelijke stemmingen - Bijlage</RollCallVoteResults.Title.Text><RollCallVoteResults.Title.Text Language="PL">PROTOKÓŁ<text:line-break />Wyniki głosowań imiennych - Załącznik</RollCallVoteResults.Title.Text><RollCallVoteResults.Title.Text Language="PT">ATA<text:line-break />Resultados das votações nominais - Anexo</RollCallVoteResults.Title.Text><RollCallVoteResults.Title.Text Language="RO">PROCES-VERBAL<text:line-break />Rezultatul voturilor prin apel nominal - Anexa</RollCallVoteResults.Title.Text><RollCallVoteResults.Title.Text Language="SK">ZÁPISNICA<text:line-break />Výsledok hlasovania podľa mien - Príloha</RollCallVoteResults.Title.Text><RollCallVoteResults.Title.Text Language="SL">ZAPISNIK<text:line-break />Izid poimenskega glasovanja - Priloga</RollCallVoteResults.Title.Text><RollCallVoteResults.Title.Text Language="SV">PROTOKOLL<text:line-break />Resultat av omröstningarna med namnupprop - Bilaga 2</RollCallVoteResults.Title.Text></RollCallVoteResults.Titles><RollCallVoteResults.InformationNote><text:h text:weight="bold" text:level="1">AVERTISSEMENT</text:h><text:p>Les corrections de vote sont reprises sous les points de vote concernés.</text:p><text:p>Pour toute observation éventuelle concernant les corrections/intentions de vote, voir point correspondant au procès-verbal.</text:p><text:p>Les corrections reprennent les demandes transmises avant 18h30. Les demandes parvenues ultérieurement (pendant une durée maximale de 2 semaines) figureront dans la version électronique de la présente annexe, mise à jour régulièrement.</text:p><text:p>À l'issue du délai de 2 semaines, la liste des corrections de vote sera close en vue de la publication au Journal officiel.</text:p><text:p>Signification des sigles :+ (pour), - (contre), 0 (abstention)</text:p></RollCallVoteResults.InformationNote><RollCallVoteResults.SituationDate>01/04/2019 14:57</RollCallVoteResults.SituationDate><RollCallVote.Result Date="2019-03-11" Number="1."><RollCallVote.Description.Text>Ordre du jour du lundi - demande du groupe ECR 11/03/2019 17:19:57.000</RollCallVote.Description.Text><Result.For Number="81"><Result.PoliticalGroup.List Identifier="ECR"><Member.Name MepId="6719">Czesak</Member.Name><Member.Name MepId="5981">van Dalen</Member.Name><Member.Name MepId="6712">Dalton</Member.Name><Member.Name MepId="6516">Dohrmann</Member.Name><Member.Name MepId="6511">Dzhambazki</Member.Name><Member.Name MepId="5472">Fotyga</Member.Name><Member.Name MepId="6452">Gericke</Member.Name><Member.Name MepId="6539">Gosiewska</Member.Name><Member.Name MepId="6460">Henkel</Member.Name><Member.Name MepId="6725">Hoc</Member.Name><Member.Name MepId="6531">Jurek</Member.Name><Member.Name MepId="5630">Kamall</Member.Name><Member.Name MepId="6461">Kölmel</Member.Name><Member.Name MepId="6530">Krasnodębski</Member.Name><Member.Name MepId="5809">Leontini</Member.Name><Member.Name MepId="6234">McIntyre</Member.Name><Member.Name MepId="6667">Marias</Member.Name><Member.Name MepId="1230">Nicholson</Member.Name><Member.Name MepId="6536">Ożóg</Member.Name><Member.Name MepId="6782">Packet</Member.Name><Member.Name MepId="6512">Piecha</Member.Name><Member.Name MepId="6464">Starbatty</Member.Name><Member.Name MepId="6682">Stevens</Member.Name><Member.Name MepId="5207">Theocharous</Member.Name><Member.Name MepId="6300">Tomašić</Member.Name><Member.Name MepId="5892">Tošenovský</Member.Name><Member.Name MepId="6466">Trebesius</Member.Name><Member.Name MepId="6515">Wiśniewska</Member.Name><Member.Name MepId="6522">Złotowski</Member.Name></Result.PoliticalGroup.List><Result.PoliticalGroup.List Identifier="EFDD"><Member.Name MepId="6445">Agea</Member.Name><Member.Name MepId="6590">Carver</Member.Name><Member.Name MepId="6446">Castaldo</Member.Name><Member.Name MepId="6472">D'Amato</Member.Name><Member.Name MepId="6413">Evi</Member.Name><Member.Name MepId="6524">Iwaszkiewicz</Member.Name><Member.Name MepId="6482">Pedicini</Member.Name><Member.Name MepId="6412">Valli</Member.Name><Member.Name MepId="6695">Zullo</Member.Name></Result.PoliticalGroup.List><Result.PoliticalGroup.List Identifier="ENF"><Member.Name MepId="6593">Annemans</Member.Name><Member.Name MepId="6555">Atkinson</Member.Name><Member.Name MepId="6751">Jamet</Member.Name><Member.Name MepId="6629">Kappel</Member.Name><Member.Name MepId="6699">Loiseau</Member.Name><Member.Name MepId="6123">Obermayr</Member.Name><Member.Name MepId="6134">Scottà</Member.Name><Member.Name MepId="6392">Troszczynski</Member.Name></Result.PoliticalGroup.List><Result.PoliticalGroup.List Identifier="GUE/NGL"><Member.Name MepId="6598">Carthy</Member.Name><Member.Name MepId="5237">Chountis</Member.Name><Member.Name MepId="6701">Couso Permuy</Member.Name><Member.Name MepId="6693">Forenza</Member.Name><Member.Name MepId="6628">Hazekamp</Member.Name><Member.Name MepId="6653">López Bermejo</Member.Name><Member.Name MepId="6310">Michels</Member.Name><Member.Name MepId="5596">Papadimoulis</Member.Name><Member.Name MepId="6641">Sánchez Caldentey</Member.Name><Member.Name MepId="6758">Schirdewan</Member.Name><Member.Name MepId="5837">Scholz</Member.Name><Member.Name MepId="6655">Senra Rodríguez</Member.Name><Member.Name MepId="6444">Spinelli</Member.Name><Member.Name MepId="6321">Sylikiotis</Member.Name><Member.Name MepId="5368">Zimmer</Member.Name></Result.PoliticalGroup.List><Result.PoliticalGroup.List Identifier="NI"><Member.Name MepId="6048">Balczó</Member.Name><Member.Name MepId="6106">Dodds</Member.Name><Member.Name MepId="6669">Epitideios</Member.Name><Member.Name MepId="6668">Fountoulis</Member.Name><Member.Name MepId="5849">Morvai</Member.Name><Member.Name MepId="6676">Papadakis Konstantinos</Member.Name><Member.Name MepId="6670">Synadinos</Member.Name></Result.PoliticalGroup.List><Result.PoliticalGroup.List Identifier="PPE"><Member.Name MepId="5236">Christoforou</Member.Name><Member.Name MepId="6666">Kefalogiannis</Member.Name><Member.Name MepId="5840">Kukan</Member.Name><Member.Name MepId="4596">Rübig</Member.Name></Result.PoliticalGroup.List><Result.PoliticalGroup.List Identifier="S&amp;D"><Member.Name MepId="6378">Balas</Member.Name><Member.Name MepId="6012">Fleckenstein</Member.Name><Member.Name MepId="6689">Kyrkos</Member.Name><Member.Name MepId="6521">Łybacka</Member.Name><Member.Name MepId="6565">Martin Edouard</Member.Name><Member.Name MepId="6323">Papadakis Demetris</Member.Name><Member.Name MepId="5897">Sehnalová</Member.Name></Result.PoliticalGroup.List><Result.PoliticalGroup.List Identifier="Verts/ALE"><Member.Name MepId="6455">Buchner</Member.Name><Member.Name MepId="6703">Engström</Member.Name></Result.PoliticalGroup.List></Result.For><Result.Against Number="201"><Result.PoliticalGroup.List Identifier="ALDE"><Member.Name MepId="5682">Ali</Member.Name><Member.Name MepId="6400">Auštrevičius</Member.Name><Member.Name MepId="6089">Bilbao Barandica</Member.Name><Member.Name MepId="6339">Charanzová</Member.Name><Member.Name MepId="6601">Federley</Member.Name><Member.Name MepId="6379">Grigule-Pēterse</Member.Name><Member.Name MepId="6043">Hirsch</Member.Name><Member.Name MepId="5681">Hyusmenova</Member.Name><Member.Name MepId="5385">in 't Veld</Member.Name><Member.Name MepId="6388">Jakovčić</Member.Name><Member.Name MepId="6504">Kyuchyuk</Member.Name><Member.Name MepId="6041">Meissner</Member.Name><Member.Name MepId="5857">Michel</Member.Name><Member.Name MepId="6690">Mihaylova</Member.Name><Member.Name MepId="6626">van Miltenburg</Member.Name><Member.Name MepId="6631">Mlinar</Member.Name><Member.Name MepId="6614">Nart</Member.Name><Member.Name MepId="6644">Pagazaurtundúa Ruiz</Member.Name><Member.Name MepId="6510">Petersen</Member.Name><Member.Name MepId="4676">Ries</Member.Name><Member.Name MepId="6154">Rochefort</Member.Name><Member.Name MepId="6722">Selimovic</Member.Name><Member.Name MepId="6337">Telička</Member.Name><Member.Name MepId="6281">Torvalds</Member.Name><Member.Name MepId="6181">Tremosa i Balcells</Member.Name><Member.Name MepId="6710">Vautmans</Member.Name><Member.Name MepId="6159">Verhofstadt</Member.Name><Member.Name MepId="6729">Wierinck</Member.Name></Result.PoliticalGroup.List><Result.PoliticalGroup.List Identifier="EFDD"><Member.Name MepId="6480">Aiuto</Member.Name></Result.PoliticalGroup.List><Result.PoliticalGroup.List Identifier="ENF"><Member.Name MepId="6741">Elissen</Member.Name><Member.Name MepId="6228">Zijlstra</Member.Name></Result.PoliticalGroup.List><Result.PoliticalGroup.List Identifier="NI"><Member.Name MepId="6768">Sośnierz</Member.Name></Result.PoliticalGroup.List><Result.PoliticalGroup.List Identifier="PPE"><Member.Name MepId="6755">Ademov</Member.Name><Member.Name MepId="1340">Alliot-Marie</Member.Name><Member.Name MepId="5262">Ashworth</Member.Name><Member.Name MepId="6191">Bach</Member.Name><Member.Name MepId="5885">Bendtsen</Member.Name><Member.Name MepId="6343">Bocskor</Member.Name><Member.Name MepId="6613">Bogovič</Member.Name><Member.Name MepId="6617">Buda</Member.Name><Member.Name MepId="5729">Buşoi</Member.Name><Member.Name MepId="5928">van de Camp</Member.Name><Member.Name MepId="3800">Coelho</Member.Name><Member.Name MepId="6273">Collin-Langen</Member.Name><Member.Name MepId="6548">Csáky</Member.Name><Member.Name MepId="6364">Delahaye</Member.Name><Member.Name MepId="5960">Dorfmann</Member.Name><Member.Name MepId="6342">Erdős</Member.Name><Member.Name MepId="5803">Gardini</Member.Name><Member.Name MepId="6441">Gieseke</Member.Name><Member.Name MepId="6632">González Pons</Member.Name><Member.Name MepId="5342">Gräßle</Member.Name><Member.Name MepId="4032">Grossetête</Member.Name><Member.Name MepId="6777">Hansen</Member.Name><Member.Name MepId="5018">Herranz García</Member.Name><Member.Name MepId="5254">Hökmark</Member.Name><Member.Name MepId="6346">Hölvényi</Member.Name><Member.Name MepId="5952">Hübner</Member.Name><Member.Name MepId="5542">Kelam</Member.Name><Member.Name MepId="3759">Koch</Member.Name><Member.Name MepId="6001">Kósa</Member.Name><Member.Name MepId="6196">Kovatchev</Member.Name><Member.Name MepId="6527">Kozłowska-Rajewicz</Member.Name><Member.Name MepId="5403">Kudrycka</Member.Name><Member.Name MepId="5940">Kuhn</Member.Name><Member.Name MepId="5727">de Lange</Member.Name><Member.Name MepId="3856">Langen</Member.Name><Member.Name MepId="5988">La Via</Member.Name><Member.Name MepId="6363">Lavrilleux</Member.Name><Member.Name MepId="6592">Lenaers</Member.Name><Member.Name MepId="3855">Liese</Member.Name><Member.Name MepId="5517">López-Istúriz White</Member.Name><Member.Name MepId="6245">Malinov</Member.Name><Member.Name MepId="6761">Mandl</Member.Name><Member.Name MepId="5646">Marinescu</Member.Name><Member.Name MepId="6096">Mato</Member.Name><Member.Name MepId="6297">Metsola</Member.Name><Member.Name MepId="6436">Mureşan</Member.Name><Member.Name MepId="4712">Niebler</Member.Name><Member.Name MepId="6332">Niedermayer</Member.Name><Member.Name MepId="6709">Novakov</Member.Name><Member.Name MepId="5033">Peterle</Member.Name><Member.Name MepId="5346">Pieper</Member.Name><Member.Name MepId="6537">Pitera</Member.Name><Member.Name MepId="6010">Preda</Member.Name><Member.Name MepId="6488">Radev</Member.Name><Member.Name MepId="6750">Radtke</Member.Name><Member.Name MepId="6365">Ribeiro</Member.Name><Member.Name MepId="6684">Rolin</Member.Name><Member.Name MepId="6698">Salini</Member.Name><Member.Name MepId="6370">Sander</Member.Name><Member.Name MepId="6259">Sarvamaa</Member.Name><Member.Name MepId="6619">Schmidt</Member.Name><Member.Name MepId="6636">Schreijer-Pierik</Member.Name><Member.Name MepId="5781">Sógor</Member.Name><Member.Name MepId="6341">Šojdrová</Member.Name><Member.Name MepId="6333">Štětina</Member.Name><Member.Name MepId="5778">Stolojan</Member.Name><Member.Name MepId="6672">Svoboda</Member.Name><Member.Name MepId="5143">Szájer</Member.Name><Member.Name MepId="6528">Szejnfeld</Member.Name><Member.Name MepId="5949">Thun und Hohenstein</Member.Name><Member.Name MepId="6717">Ţurcanu</Member.Name><Member.Name MepId="5734">Urutchev</Member.Name><Member.Name MepId="6638">Valcárcel Siso</Member.Name><Member.Name MepId="5947">Wałęsa</Member.Name><Member.Name MepId="5782">Winkler Iuliu</Member.Name><Member.Name MepId="6344">Zdechovský</Member.Name><Member.Name MepId="6532">Zdrojewski</Member.Name><Member.Name MepId="5935">Zeller</Member.Name><Member.Name MepId="6094">Zver</Member.Name></Result.PoliticalGroup.List><Result.PoliticalGroup.List Identifier="S&amp;D"><Member.Name MepId="6651">Aguilera García</Member.Name><Member.Name MepId="5411">Ayala Sender</Member.Name><Member.Name MepId="6650">Blanco López</Member.Name><Member.Name MepId="6449">Bonafè</Member.Name><Member.Name MepId="5465">Bresso</Member.Name><Member.Name MepId="6421">Briano</Member.Name><Member.Name MepId="6489">Caputo</Member.Name><Member.Name MepId="6499">Chinnici</Member.Name><Member.Name MepId="6458">Danti</Member.Name><Member.Name MepId="6062">De Castro</Member.Name><Member.Name MepId="6437">De Monte</Member.Name><Member.Name MepId="6763">Detjen</Member.Name><Member.Name MepId="6014">Ertug</Member.Name><Member.Name MepId="6652">Fernández</Member.Name><Member.Name MepId="6620">Freund</Member.Name><Member.Name MepId="6424">Frunzulică</Member.Name><Member.Name MepId="6769">Gabelic</Member.Name><Member.Name MepId="6130">Gardiazabal Rubial</Member.Name><Member.Name MepId="3827">Gebhardt</Member.Name><Member.Name MepId="6005">Geier</Member.Name><Member.Name MepId="5495">Geringer de Oedenberg</Member.Name><Member.Name MepId="6772">Gloanec Maurin</Member.Name><Member.Name MepId="5425">Gomes</Member.Name><Member.Name MepId="6419">Grapini</Member.Name><Member.Name MepId="6720">Graswander-Hainz</Member.Name><Member.Name MepId="5941">Guerrero Salom</Member.Name><Member.Name MepId="6107">Guillaume</Member.Name><Member.Name MepId="5261">Hedh</Member.Name><Member.Name MepId="6745">Howarth</Member.Name><Member.Name MepId="5870">Jaakonsaari</Member.Name><Member.Name MepId="6009">Kammerevert</Member.Name><Member.Name MepId="3756">Kaufmann</Member.Name><Member.Name MepId="6326">Keller Jan</Member.Name><Member.Name MepId="6495">Kouroumbashev</Member.Name><Member.Name MepId="3761">Krehl</Member.Name><Member.Name MepId="6435">Kyenge</Member.Name><Member.Name MepId="5094">Liberadzki</Member.Name><Member.Name MepId="6477">Lietz</Member.Name><Member.Name MepId="5860">Ludvigsson</Member.Name><Member.Name MepId="6380">Mamikins</Member.Name><Member.Name MepId="5314">Maňka</Member.Name><Member.Name MepId="6351">Molnár</Member.Name><Member.Name MepId="6618">Nekov</Member.Name><Member.Name MepId="6473">Noichl</Member.Name><Member.Name MepId="5483">Panzeri</Member.Name><Member.Name MepId="6707">Pavel</Member.Name><Member.Name MepId="6493">Pirinski</Member.Name><Member.Name MepId="6609">Post</Member.Name><Member.Name MepId="6316">Revault d'Allonnes Bonnefoy</Member.Name><Member.Name MepId="6677">Rodrigues Liliana</Member.Name><Member.Name MepId="6371">Rodrigues Maria João</Member.Name><Member.Name MepId="5813">Rodust</Member.Name><Member.Name MepId="6357">Rozière</Member.Name><Member.Name MepId="5653">Sârbu</Member.Name><Member.Name MepId="5713">Schaldemose</Member.Name><Member.Name MepId="6438">Schlein</Member.Name><Member.Name MepId="6375">Serrão Santos</Member.Name><Member.Name MepId="6008">Simon Peter</Member.Name><Member.Name MepId="6093">Sippel</Member.Name><Member.Name MepId="6334">Szanyi</Member.Name><Member.Name MepId="6427">Țapardel</Member.Name><Member.Name MepId="5859">Ulvskog</Member.Name><Member.Name MepId="4990">Van Brempt</Member.Name><Member.Name MepId="6425">Viotti</Member.Name><Member.Name MepId="6582">Ward</Member.Name><Member.Name MepId="6235">Weidenholzer</Member.Name><Member.Name MepId="6463">Werner</Member.Name><Member.Name MepId="6787">Winter</Member.Name><Member.Name MepId="5957">Zemke</Member.Name><Member.Name MepId="6764">Zoană</Member.Name><Member.Name MepId="6373">Zorrinho</Member.Name></Result.PoliticalGroup.List><Result.PoliticalGroup.List Identifier="Verts/ALE"><Member.Name MepId="5291">Auken</Member.Name><Member.Name MepId="5358">Cramer</Member.Name><Member.Name MepId="6730">Dalunde</Member.Name><Member.Name MepId="6324">Durand</Member.Name><Member.Name MepId="5899">Eickhout</Member.Name><Member.Name MepId="6775">Franz</Member.Name><Member.Name MepId="4535">Hautala</Member.Name><Member.Name MepId="6486">Heubuch</Member.Name><Member.Name MepId="5838">Lamberts</Member.Name><Member.Name MepId="6732">Marcellesi</Member.Name><Member.Name MepId="6251">Miranda</Member.Name><Member.Name MepId="6552">Reimon</Member.Name><Member.Name MepId="6529">Reintke</Member.Name><Member.Name MepId="5987">Sargentini</Member.Name><Member.Name MepId="6560">Scott Cato</Member.Name><Member.Name MepId="6738">Solé</Member.Name><Member.Name MepId="4983">Staes</Member.Name><Member.Name MepId="6605">Valero</Member.Name><Member.Name MepId="6757">Waitz</Member.Name></Result.PoliticalGroup.List></Result.Against><Result.Abstention Number="10"><Result.PoliticalGroup.List Identifier="ECR"><Member.Name MepId="6358">Halla-aho</Member.Name></Result.PoliticalGroup.List><Result.PoliticalGroup.List Identifier="EFDD"><Member.Name MepId="6559">Aker</Member.Name><Member.Name MepId="6577">Arnott</Member.Name><Member.Name MepId="6748">Bullock</Member.Name><Member.Name MepId="4929">Farage</Member.Name><Member.Name MepId="6557">O'Flynn</Member.Name></Result.PoliticalGroup.List><Result.PoliticalGroup.List Identifier="ENF"><Member.Name MepId="6066">Agnew</Member.Name></Result.PoliticalGroup.List><Result.PoliticalGroup.List Identifier="S&amp;D"><Member.Name MepId="5497">Gierek</Member.Name><Member.Name MepId="6016">Neuser</Member.Name><Member.Name MepId="5894">Poc</Member.Name></Result.PoliticalGroup.List></Result.Abstention><CorrectionResult.Titles><RollCallVoteResults.Corrections.Title.Text Language="BG">ПОПРАВКИ В ПОДАДЕНИТЕ ГЛАСОВЕ И НАМЕРЕНИЯ ЗА ГЛАСУВАНЕ</RollCallVoteResults.Corrections.Title.Text><RollCallVoteResults.Corrections.Title.Text Language="CS">OPRAVY HLASOVÁNÍ A SDĚLENÍ O ÚMYSLU HLASOVAT</RollCallVoteResults.Corrections.Title.Text><RollCallVoteResults.Corrections.Title.Text Language="DA">STEMMERETTELSER OG –INTENTIONER</RollCallVoteResults.Corrections.Title.Text><RollCallVoteResults.Corrections.Title.Text Language="DE">BERICHTIGUNGEN DES STIMMVERHALTENS UND BEABSICHTIGTES STIMMVERHALTEN</RollCallVoteResults.Corrections.Title.Text><RollCallVoteResults.Corrections.Title.Text Language="EL">ΔΙΟΡΘΩΣΕΙΣ ΚΑΙ ΠΡΟΘΕΣΕΙΣ ΨΗΦΟΥ</RollCallVoteResults.Corrections.Title.Text><RollCallVoteResults.Corrections.Title.Text Language="EN">CORRECTIONS TO VOTES AND VOTING INTENTIONS</RollCallVoteResults.Corrections.Title.Text><RollCallVoteResults.Corrections.Title.Text Language="ES">CORRECCIONES E INTENCIONES DE VOTO</RollCallVoteResults.Corrections.Title.Text><RollCallVoteResults.Corrections.Title.Text Language="ET">HÄÄLETUSE PARANDUSED JA HÄÄLETUSKAVATSUSED</RollCallVoteResults.Corrections.Title.Text><RollCallVoteResults.Corrections.Title.Text Language="FI">ÄÄNESTYSKÄYTTÄYTYMISTÄ JA ÄÄNESTYSAIKEITA KOSKEVAT ILMOITUKSET</RollCallVoteResults.Corrections.Title.Text><RollCallVoteResults.Corrections.Title.Text Language="FR">CORRECTIONS ET INTENTIONS DE VOTE</RollCallVoteResults.Corrections.Title.Text><RollCallVoteResults.Corrections.Title.Text Language="GA">CEARTÚCHÁIN AR AN VÓTA AGUS INTINNÍ VÓTÁLA</RollCallVoteResults.Corrections.Title.Text><RollCallVoteResults.Corrections.Title.Text Language="HR">IZMJENE DANIH GLASOVA I NAMJERE GLASAČA</RollCallVoteResults.Corrections.Title.Text><RollCallVoteResults.Corrections.Title.Text Language="HU">SZAVAZATOK HELYESBÍTÉSEI ÉS SZAVAZÁSI SZÁNDÉKOK</RollCallVoteResults.Corrections.Title.Text><RollCallVoteResults.Corrections.Title.Text Language="IT">CORREZIONI E INTENZIONI DI VOTO</RollCallVoteResults.Corrections.Title.Text><RollCallVoteResults.Corrections.Title.Text Language="LT">BALSOJUMU LABOJUMI UN NODOMI BALSOT</RollCallVoteResults.Corrections.Title.Text><RollCallVoteResults.Corrections.Title.Text Language="LV">BALSAVIMO PATAISYMAI IR KETINIMAI</RollCallVoteResults.Corrections.Title.Text><RollCallVoteResults.Corrections.Title.Text Language="NL">RECTIFICATIES STEMGEDRAG/ VOORGENOMEN STEMGEDRAG</RollCallVoteResults.Corrections.Title.Text><RollCallVoteResults.Corrections.Title.Text Language="MT">KORREZZJONIJIET U INTENZJONIJIET GĦALL-VOT</RollCallVoteResults.Corrections.Title.Text><RollCallVoteResults.Corrections.Title.Text Language="PL">KOREKTY DO GŁOSOWANIA I ZAMIAR GŁOSOWANIA</RollCallVoteResults.Corrections.Title.Text><RollCallVoteResults.Corrections.Title.Text Language="PT">CORRECÇÕES E INTENÇÕES DE VOTO</RollCallVoteResults.Corrections.Title.Text><RollCallVoteResults.Corrections.Title.Text Language="RO">CORECTĂRI ŞI INTENŢII DE VOT OPRAVY HLASOVANIA A ZÁMERY PRI HLASOVANÍ</RollCallVoteResults.Corrections.Title.Text><RollCallVoteResults.Corrections.Title.Text Language="SK">POPRAVKI IN NAMERE GLASOVANJA</RollCallVoteResults.Corrections.Title.Text><RollCallVoteResults.Corrections.Title.Text Language="SL">ÄÄNESTYSKÄYTTÄYTYMISTÄ JA ÄÄNESTYSAIKEITA KOSKEVAT ILMOITUKSET</RollCallVoteResults.Corrections.Title.Text><RollCallVoteResults.Corrections.Title.Text Language="SV">RÄTTELSER/AVSIKTSFÖRKLARINGAR TILL AVGIVNA RÖSTER</RollCallVoteResults.Corrections.Title.Text><CorrectionResult.For><Member.Name /></CorrectionResult.For><CorrectionResult.Against><Member.Name>Pervenche Berès</Member.Name></CorrectionResult.Against><CorrectionResult.Abstention><Member.Name /></CorrectionResult.Abstention></CorrectionResult.Titles></RollCallVote.Result><RollCallVote.Result Date="2019-03-11" Number="2."><RollCallVote.Description.Text>Ordre du jour du mardi - demande du groupe S&amp;D 11/03/2019 17:25:30.000</RollCallVote.Description.Text><Result.For Number="262"><Result.PoliticalGroup.List Identifier="ALDE"><Member.Name MepId="6337">Telička</Member.Name></Result.PoliticalGroup.List><Result.PoliticalGroup.List Identifier="ECR"><Member.Name MepId="6719">Czesak</Member.Name><Member.Name MepId="5981">van Dalen</Member.Name><Member.Name MepId="6712">Dalton</Member.Name><Member.Name MepId="6516">Dohrmann</Member.Name><Member.Name MepId="6511">Dzhambazki</Member.Name><Member.Name MepId="5472">Fotyga</Member.Name><Member.Name MepId="6452">Gericke</Member.Name><Member.Name MepId="6539">Gosiewska</Member.Name><Member.Name MepId="6358">Halla-aho</Member.Name><Member.Name MepId="6460">Henkel</Member.Name><Member.Name MepId="6725">Hoc</Member.Name><Member.Name MepId="6531">Jurek</Member.Name><Member.Name MepId="5630">Kamall</Member.Name><Member.Name MepId="6461">Kölmel</Member.Name><Member.Name MepId="6530">Krasnodębski</Member.Name><Member.Name MepId="5809">Leontini</Member.Name><Member.Name MepId="6234">McIntyre</Member.Name><Member.Name MepId="6667">Marias</Member.Name><Member.Name MepId="1230">Nicholson</Member.Name><Member.Name MepId="6536">Ożóg</Member.Name><Member.Name MepId="6782">Packet</Member.Name><Member.Name MepId="6512">Piecha</Member.Name><Member.Name MepId="6464">Starbatty</Member.Name><Member.Name MepId="6682">Stevens</Member.Name><Member.Name MepId="5207">Theocharous</Member.Name><Member.Name MepId="6300">Tomašić</Member.Name><Member.Name MepId="5892">Tošenovský</Member.Name><Member.Name MepId="6466">Trebesius</Member.Name><Member.Name MepId="6515">Wiśniewska</Member.Name><Member.Name MepId="6522">Złotowski</Member.Name></Result.PoliticalGroup.List><Result.PoliticalGroup.List Identifier="EFDD"><Member.Name MepId="6445">Agea</Member.Name><Member.Name MepId="6480">Aiuto</Member.Name><Member.Name MepId="6577">Arnott</Member.Name><Member.Name MepId="6748">Bullock</Member.Name><Member.Name MepId="6590">Carver</Member.Name><Member.Name MepId="6446">Castaldo</Member.Name><Member.Name MepId="6472">D'Amato</Member.Name><Member.Name MepId="6413">Evi</Member.Name><Member.Name MepId="6482">Pedicini</Member.Name><Member.Name MepId="6412">Valli</Member.Name><Member.Name MepId="6695">Zullo</Member.Name></Result.PoliticalGroup.List><Result.PoliticalGroup.List Identifier="ENF"><Member.Name MepId="6066">Agnew</Member.Name><Member.Name MepId="6593">Annemans</Member.Name><Member.Name MepId="6751">Jamet</Member.Name><Member.Name MepId="6699">Loiseau</Member.Name><Member.Name MepId="6134">Scottà</Member.Name><Member.Name MepId="6392">Troszczynski</Member.Name></Result.PoliticalGroup.List><Result.PoliticalGroup.List Identifier="GUE/NGL"><Member.Name MepId="6598">Carthy</Member.Name><Member.Name MepId="5237">Chountis</Member.Name><Member.Name MepId="6701">Couso Permuy</Member.Name><Member.Name MepId="6693">Forenza</Member.Name><Member.Name MepId="6628">Hazekamp</Member.Name><Member.Name MepId="6653">López Bermejo</Member.Name><Member.Name MepId="6310">Michels</Member.Name><Member.Name MepId="5596">Papadimoulis</Member.Name><Member.Name MepId="6641">Sánchez Caldentey</Member.Name><Member.Name MepId="6758">Schirdewan</Member.Name><Member.Name MepId="5837">Scholz</Member.Name><Member.Name MepId="6655">Senra Rodríguez</Member.Name><Member.Name MepId="6444">Spinelli</Member.Name><Member.Name MepId="6321">Sylikiotis</Member.Name><Member.Name MepId="5368">Zimmer</Member.Name></Result.PoliticalGroup.List><Result.PoliticalGroup.List Identifier="NI"><Member.Name MepId="6048">Balczó</Member.Name><Member.Name MepId="6106">Dodds</Member.Name><Member.Name MepId="6669">Epitideios</Member.Name><Member.Name MepId="6668">Fountoulis</Member.Name><Member.Name MepId="6676">Papadakis Konstantinos</Member.Name><Member.Name MepId="6670">Synadinos</Member.Name></Result.PoliticalGroup.List><Result.PoliticalGroup.List Identifier="PPE"><Member.Name MepId="6755">Ademov</Member.Name><Member.Name MepId="1340">Alliot-Marie</Member.Name><Member.Name MepId="5262">Ashworth</Member.Name><Member.Name MepId="6191">Bach</Member.Name><Member.Name MepId="5885">Bendtsen</Member.Name><Member.Name MepId="6343">Bocskor</Member.Name><Member.Name MepId="6613">Bogovič</Member.Name><Member.Name MepId="6617">Buda</Member.Name><Member.Name MepId="5729">Buşoi</Member.Name><Member.Name MepId="5928">van de Camp</Member.Name><Member.Name MepId="5236">Christoforou</Member.Name><Member.Name MepId="3800">Coelho</Member.Name><Member.Name MepId="6273">Collin-Langen</Member.Name><Member.Name MepId="6548">Csáky</Member.Name><Member.Name MepId="6364">Delahaye</Member.Name><Member.Name MepId="5960">Dorfmann</Member.Name><Member.Name MepId="6342">Erdős</Member.Name><Member.Name MepId="1508">Florenz</Member.Name><Member.Name MepId="4659">Gahler</Member.Name><Member.Name MepId="5803">Gardini</Member.Name><Member.Name MepId="6441">Gieseke</Member.Name><Member.Name MepId="6111">Girling</Member.Name><Member.Name MepId="6632">González Pons</Member.Name><Member.Name MepId="5342">Gräßle</Member.Name><Member.Name MepId="4032">Grossetête</Member.Name><Member.Name MepId="6777">Hansen</Member.Name><Member.Name MepId="5018">Herranz García</Member.Name><Member.Name MepId="5254">Hökmark</Member.Name><Member.Name MepId="6346">Hölvényi</Member.Name><Member.Name MepId="5952">Hübner</Member.Name><Member.Name MepId="5542">Kelam</Member.Name><Member.Name MepId="3759">Koch</Member.Name><Member.Name MepId="6001">Kósa</Member.Name><Member.Name MepId="6196">Kovatchev</Member.Name><Member.Name MepId="6527">Kozłowska-Rajewicz</Member.Name><Member.Name MepId="5403">Kudrycka</Member.Name><Member.Name MepId="5940">Kuhn</Member.Name><Member.Name MepId="5840">Kukan</Member.Name><Member.Name MepId="5727">de Lange</Member.Name><Member.Name MepId="3856">Langen</Member.Name><Member.Name MepId="5988">La Via</Member.Name><Member.Name MepId="6363">Lavrilleux</Member.Name><Member.Name MepId="6592">Lenaers</Member.Name><Member.Name MepId="3855">Liese</Member.Name><Member.Name MepId="5517">López-Istúriz White</Member.Name><Member.Name MepId="6245">Malinov</Member.Name><Member.Name MepId="6761">Mandl</Member.Name><Member.Name MepId="5646">Marinescu</Member.Name><Member.Name MepId="6096">Mato</Member.Name><Member.Name MepId="6297">Metsola</Member.Name><Member.Name MepId="6436">Mureşan</Member.Name><Member.Name MepId="4712">Niebler</Member.Name><Member.Name MepId="6332">Niedermayer</Member.Name><Member.Name MepId="6709">Novakov</Member.Name><Member.Name MepId="5033">Peterle</Member.Name><Member.Name MepId="5346">Pieper</Member.Name><Member.Name MepId="6537">Pitera</Member.Name><Member.Name MepId="6010">Preda</Member.Name><Member.Name MepId="6488">Radev</Member.Name><Member.Name MepId="6750">Radtke</Member.Name><Member.Name MepId="6365">Ribeiro</Member.Name><Member.Name MepId="6684">Rolin</Member.Name><Member.Name MepId="4596">Rübig</Member.Name><Member.Name MepId="6698">Salini</Member.Name><Member.Name MepId="6370">Sander</Member.Name><Member.Name MepId="6259">Sarvamaa</Member.Name><Member.Name MepId="6619">Schmidt</Member.Name><Member.Name MepId="6636">Schreijer-Pierik</Member.Name><Member.Name MepId="5345">Schwab</Member.Name><Member.Name MepId="6781">Sellström</Member.Name><Member.Name MepId="5781">Sógor</Member.Name><Member.Name MepId="6341">Šojdrová</Member.Name><Member.Name MepId="6333">Štětina</Member.Name><Member.Name MepId="5778">Stolojan</Member.Name><Member.Name MepId="6672">Svoboda</Member.Name><Member.Name MepId="5143">Szájer</Member.Name><Member.Name MepId="6528">Szejnfeld</Member.Name><Member.Name MepId="5949">Thun und Hohenstein</Member.Name><Member.Name MepId="6717">Ţurcanu</Member.Name><Member.Name MepId="5734">Urutchev</Member.Name><Member.Name MepId="6638">Valcárcel Siso</Member.Name><Member.Name MepId="5947">Wałęsa</Member.Name><Member.Name MepId="5782">Winkler Iuliu</Member.Name><Member.Name MepId="6344">Zdechovský</Member.Name><Member.Name MepId="6532">Zdrojewski</Member.Name><Member.Name MepId="5935">Zeller</Member.Name><Member.Name MepId="6094">Zver</Member.Name></Result.PoliticalGroup.List><Result.PoliticalGroup.List Identifier="S&amp;D"><Member.Name MepId="6651">Aguilera García</Member.Name><Member.Name MepId="5411">Ayala Sender</Member.Name><Member.Name MepId="6378">Balas</Member.Name><Member.Name MepId="6650">Blanco López</Member.Name><Member.Name MepId="6449">Bonafè</Member.Name><Member.Name MepId="5768">Boştinaru</Member.Name><Member.Name MepId="5465">Bresso</Member.Name><Member.Name MepId="6421">Briano</Member.Name><Member.Name MepId="6489">Caputo</Member.Name><Member.Name MepId="6499">Chinnici</Member.Name><Member.Name MepId="6458">Danti</Member.Name><Member.Name MepId="6062">De Castro</Member.Name><Member.Name MepId="6437">De Monte</Member.Name><Member.Name MepId="6763">Detjen</Member.Name><Member.Name MepId="6014">Ertug</Member.Name><Member.Name MepId="6652">Fernández</Member.Name><Member.Name MepId="6012">Fleckenstein</Member.Name><Member.Name MepId="6620">Freund</Member.Name><Member.Name MepId="6424">Frunzulică</Member.Name><Member.Name MepId="6769">Gabelic</Member.Name><Member.Name MepId="6130">Gardiazabal Rubial</Member.Name><Member.Name MepId="3827">Gebhardt</Member.Name><Member.Name MepId="6005">Geier</Member.Name><Member.Name MepId="5495">Geringer de Oedenberg</Member.Name><Member.Name MepId="5497">Gierek</Member.Name><Member.Name MepId="6772">Gloanec Maurin</Member.Name><Member.Name MepId="5425">Gomes</Member.Name><Member.Name MepId="6419">Grapini</Member.Name><Member.Name MepId="6720">Graswander-Hainz</Member.Name><Member.Name MepId="5941">Guerrero Salom</Member.Name><Member.Name MepId="6107">Guillaume</Member.Name><Member.Name MepId="5261">Hedh</Member.Name><Member.Name MepId="6745">Howarth</Member.Name><Member.Name MepId="5870">Jaakonsaari</Member.Name><Member.Name MepId="6009">Kammerevert</Member.Name><Member.Name MepId="3756">Kaufmann</Member.Name><Member.Name MepId="6326">Keller Jan</Member.Name><Member.Name MepId="6495">Kouroumbashev</Member.Name><Member.Name MepId="3761">Krehl</Member.Name><Member.Name MepId="6435">Kyenge</Member.Name><Member.Name MepId="6689">Kyrkos</Member.Name><Member.Name MepId="5094">Liberadzki</Member.Name><Member.Name MepId="6477">Lietz</Member.Name><Member.Name MepId="5860">Ludvigsson</Member.Name><Member.Name MepId="6521">Łybacka</Member.Name><Member.Name MepId="6380">Mamikins</Member.Name><Member.Name MepId="5314">Maňka</Member.Name><Member.Name MepId="6565">Martin Edouard</Member.Name><Member.Name MepId="6351">Molnár</Member.Name><Member.Name MepId="6562">Moody</Member.Name><Member.Name MepId="6618">Nekov</Member.Name><Member.Name MepId="6016">Neuser</Member.Name><Member.Name MepId="5483">Panzeri</Member.Name><Member.Name MepId="6323">Papadakis Demetris</Member.Name><Member.Name MepId="6707">Pavel</Member.Name><Member.Name MepId="6493">Pirinski</Member.Name><Member.Name MepId="5894">Poc</Member.Name><Member.Name MepId="6753">Popa</Member.Name><Member.Name MepId="6609">Post</Member.Name><Member.Name MepId="6316">Revault d'Allonnes Bonnefoy</Member.Name><Member.Name MepId="6677">Rodrigues Liliana</Member.Name><Member.Name MepId="6371">Rodrigues Maria João</Member.Name><Member.Name MepId="5813">Rodust</Member.Name><Member.Name MepId="6357">Rozière</Member.Name><Member.Name MepId="5653">Sârbu</Member.Name><Member.Name MepId="5713">Schaldemose</Member.Name><Member.Name MepId="6438">Schlein</Member.Name><Member.Name MepId="5897">Sehnalová</Member.Name><Member.Name MepId="6375">Serrão Santos</Member.Name><Member.Name MepId="6008">Simon Peter</Member.Name><Member.Name MepId="6093">Sippel</Member.Name><Member.Name MepId="6334">Szanyi</Member.Name><Member.Name MepId="6427">Țapardel</Member.Name><Member.Name MepId="5859">Ulvskog</Member.Name><Member.Name MepId="4990">Van Brempt</Member.Name><Member.Name MepId="6425">Viotti</Member.Name><Member.Name MepId="6582">Ward</Member.Name><Member.Name MepId="6235">Weidenholzer</Member.Name><Member.Name MepId="6463">Werner</Member.Name><Member.Name MepId="6787">Winter</Member.Name><Member.Name MepId="6735">Wölken</Member.Name><Member.Name MepId="5957">Zemke</Member.Name><Member.Name MepId="6764">Zoană</Member.Name><Member.Name MepId="6373">Zorrinho</Member.Name></Result.PoliticalGroup.List><Result.PoliticalGroup.List Identifier="Verts/ALE"><Member.Name MepId="5291">Auken</Member.Name><Member.Name MepId="6455">Buchner</Member.Name><Member.Name MepId="5358">Cramer</Member.Name><Member.Name MepId="6730">Dalunde</Member.Name><Member.Name MepId="6324">Durand</Member.Name><Member.Name MepId="5899">Eickhout</Member.Name><Member.Name MepId="6703">Engström</Member.Name><Member.Name MepId="6775">Franz</Member.Name><Member.Name MepId="4535">Hautala</Member.Name><Member.Name MepId="6486">Heubuch</Member.Name><Member.Name MepId="5838">Lamberts</Member.Name><Member.Name MepId="6732">Marcellesi</Member.Name><Member.Name MepId="6251">Miranda</Member.Name><Member.Name MepId="6453">Reda</Member.Name><Member.Name MepId="6552">Reimon</Member.Name><Member.Name MepId="6529">Reintke</Member.Name><Member.Name MepId="5987">Sargentini</Member.Name><Member.Name MepId="6560">Scott Cato</Member.Name><Member.Name MepId="6738">Solé</Member.Name><Member.Name MepId="4983">Staes</Member.Name><Member.Name MepId="6605">Valero</Member.Name><Member.Name MepId="6757">Waitz</Member.Name></Result.PoliticalGroup.List></Result.For><Result.Against Number="29"><Result.PoliticalGroup.List Identifier="ALDE"><Member.Name MepId="5682">Ali</Member.Name><Member.Name MepId="6400">Auštrevičius</Member.Name><Member.Name MepId="6089">Bilbao Barandica</Member.Name><Member.Name MepId="6339">Charanzová</Member.Name><Member.Name MepId="1060">Deprez</Member.Name><Member.Name MepId="6601">Federley</Member.Name><Member.Name MepId="6043">Hirsch</Member.Name><Member.Name MepId="5681">Hyusmenova</Member.Name><Member.Name MepId="5385">in 't Veld</Member.Name><Member.Name MepId="6388">Jakovčić</Member.Name><Member.Name MepId="6338">Ježek</Member.Name><Member.Name MepId="6504">Kyuchyuk</Member.Name><Member.Name MepId="6041">Meissner</Member.Name><Member.Name MepId="6690">Mihaylova</Member.Name><Member.Name MepId="6626">van Miltenburg</Member.Name><Member.Name MepId="6614">Nart</Member.Name><Member.Name MepId="6644">Pagazaurtundúa Ruiz</Member.Name><Member.Name MepId="6510">Petersen</Member.Name><Member.Name MepId="4676">Ries</Member.Name><Member.Name MepId="6154">Rochefort</Member.Name><Member.Name MepId="6722">Selimovic</Member.Name><Member.Name MepId="6281">Torvalds</Member.Name><Member.Name MepId="6181">Tremosa i Balcells</Member.Name><Member.Name MepId="6710">Vautmans</Member.Name><Member.Name MepId="6159">Verhofstadt</Member.Name><Member.Name MepId="6729">Wierinck</Member.Name></Result.PoliticalGroup.List><Result.PoliticalGroup.List Identifier="ENF"><Member.Name MepId="6741">Elissen</Member.Name><Member.Name MepId="6228">Zijlstra</Member.Name></Result.PoliticalGroup.List><Result.PoliticalGroup.List Identifier="NI"><Member.Name MepId="6768">Sośnierz</Member.Name></Result.PoliticalGroup.List></Result.Against><Result.Abstention Number="8"><Result.PoliticalGroup.List Identifier="ALDE"><Member.Name MepId="6379">Grigule-Pēterse</Member.Name></Result.PoliticalGroup.List><Result.PoliticalGroup.List Identifier="EFDD"><Member.Name MepId="6559">Aker</Member.Name><Member.Name MepId="6524">Iwaszkiewicz</Member.Name><Member.Name MepId="6557">O'Flynn</Member.Name></Result.PoliticalGroup.List><Result.PoliticalGroup.List Identifier="ENF"><Member.Name MepId="6555">Atkinson</Member.Name><Member.Name MepId="6629">Kappel</Member.Name><Member.Name MepId="6123">Obermayr</Member.Name></Result.PoliticalGroup.List><Result.PoliticalGroup.List Identifier="NI"><Member.Name MepId="5849">Morvai</Member.Name></Result.PoliticalGroup.List></Result.Abstention></RollCallVote.Result></PV.RollCallVoteResults>