<?xml version="1.0" encoding="UTF-8"?><PV.RollCallVoteResults xmlns:style="http://openoffice.org/2000/style" xmlns:xql="http://metalab.unc.edu/xql/" xmlns:form="http://openoffice.org/2000/form" xmlns:xlink="http://www.w3.org/1999/xlink" xmlns:number="http://openoffice.org/2000/datastyle" xmlns:svg="http://www.w3.org/2000/svg" xmlns:office="http://openoffice.org/2000/office" xmlns:dr3d="http://openoffice.org/2000/dr3d" xmlns:chart="http://openoffice.org/2000/chart" xmlns:fo="http://www.w3.org/1999/XSL/Format" xmlns:ino="http://namespaces.softwareag.com/tamino/response2" xmlns:script="http://openoffice.org/2000/script" xmlns:math="http://www.w3.org/1998/Math/MathML" xmlns:draw="http://openoffice.org/2000/drawing" xmlns:text="http://openoffice.org/2000/text" xmlns:table="http://openoffice.org/2000/table" Sitting.Identifier="676" Sitting.Date="2019-01-30" EP.Reference="P8_PV(2019)01-30(RCV)" EP.Number="PE 634.454" Document.Language="XL"><RollCallVoteResults.Titles><RollCallVoteResults.Title.Text Language="BG">ПРОТОКОЛ<text:line-break />Резултат от поименни гласувания - Приложение</RollCallVoteResults.Title.Text><RollCallVoteResults.Title.Text Language="CS">ZÁPIS<text:line-break />Výsledek jmenovitého hlasování - Příloha</RollCallVoteResults.Title.Text><RollCallVoteResults.Title.Text Language="DA">PROTOKOL<text:line-break />Resultat af afstemningerne ved navneopråb - Bilag</RollCallVoteResults.Title.Text><RollCallVoteResults.Title.Text Language="DE">PROTOKOLL<text:line-break />Ergebnis der namentlichen Abstimmungen - Anlage</RollCallVoteResults.Title.Text><RollCallVoteResults.Title.Text Language="EL">ΣΥΝΟΠΤIΚΑ ΠΡΑΚΤIΚΑ<text:line-break />Αποτέλεσμα των ψηφοφοριών με ονομαστική κλήση - Παράρτηµα</RollCallVoteResults.Title.Text><RollCallVoteResults.Title.Text Language="EN">MINUTES<text:line-break />Result of roll-call votes - Annex</RollCallVoteResults.Title.Text><RollCallVoteResults.Title.Text Language="ES">ACTA<text:line-break />Resultados de las votaciones nominales - Anexo</RollCallVoteResults.Title.Text><RollCallVoteResults.Title.Text Language="ET">PROTOKOLL<text:line-break />Nimelise hääletuse tulemused - lisa</RollCallVoteResults.Title.Text><RollCallVoteResults.Title.Text Language="FI">PÖYTÄKIRJA<text:line-break />Nimenhuutoäänestysten tulokset - Liite</RollCallVoteResults.Title.Text><RollCallVoteResults.Title.Text Language="FR">PROCÈS-VERBAL<text:line-break />Résultat des votes par appel nominal - Annexe</RollCallVoteResults.Title.Text><RollCallVoteResults.Title.Text Language="HR">ZAPISNIK<text:line-break />Rezultat poimeničnog glasovanja - Prilog</RollCallVoteResults.Title.Text><RollCallVoteResults.Title.Text Language="HU">JEGYZŐKÖNYV<text:line-break />A név szerinti szavazások eredménye - melléklet</RollCallVoteResults.Title.Text><RollCallVoteResults.Title.Text Language="IT">PROCESSO VERBALE<text:line-break />Risultato delle votazioni per appello nominale - Allegato</RollCallVoteResults.Title.Text><RollCallVoteResults.Title.Text Language="LT">PROTOKOLAS<text:line-break />Vardinio balsavimo rezultatai - priedas</RollCallVoteResults.Title.Text><RollCallVoteResults.Title.Text Language="LV">PROTOKOLS<text:line-break />Rezultāti balsošanai pēc saraksta - pielikums</RollCallVoteResults.Title.Text><RollCallVoteResults.Title.Text Language="MT">MINUTI<text:line-break />Riżultat tal-votazzjoni bis-sejħa tal-ismijiet - Anness</RollCallVoteResults.Title.Text><RollCallVoteResults.Title.Text Language="NL">NOTULEN<text:line-break />Uitslag van de hoofdelijke stemmingen - Bijlage</RollCallVoteResults.Title.Text><RollCallVoteResults.Title.Text Language="PL">PROTOKÓŁ<text:line-break />Wyniki głosowań imiennych - Załącznik</RollCallVoteResults.Title.Text><RollCallVoteResults.Title.Text Language="PT">ATA<text:line-break />Resultados das votações nominais - Anexo</RollCallVoteResults.Title.Text><RollCallVoteResults.Title.Text Language="RO">PROCES-VERBAL<text:line-break />Rezultatul voturilor prin apel nominal - Anexa</RollCallVoteResults.Title.Text><RollCallVoteResults.Title.Text Language="SK">ZÁPISNICA<text:line-break />Výsledok hlasovania podľa mien - Príloha</RollCallVoteResults.Title.Text><RollCallVoteResults.Title.Text Language="SL">ZAPISNIK<text:line-break />Izid poimenskega glasovanja - Priloga</RollCallVoteResults.Title.Text><RollCallVoteResults.Title.Text Language="SV">PROTOKOLL<text:line-break />Resultat av omröstningarna med namnupprop - Bilaga 2</RollCallVoteResults.Title.Text></RollCallVoteResults.Titles><RollCallVoteResults.InformationNote><text:h text:weight="bold" text:level="1">AVERTISSEMENT</text:h><text:p>Les corrections de vote sont reprises sous les points de vote concernés.</text:p><text:p>Pour toute observation éventuelle concernant les corrections/intentions de vote, voir point correspondant au procès-verbal.</text:p><text:p>Les corrections reprennent les demandes transmises avant 18h30. Les demandes parvenues ultérieurement (pendant une durée maximale de 2 semaines) figureront dans la version électronique de la présente annexe, mise à jour régulièrement.</text:p><text:p>À l'issue du délai de 2 semaines, la liste des corrections de vote sera close en vue de la publication au Journal officiel.</text:p><text:p>Signification des sigles :+ (pour), - (contre), 0 (abstention)</text:p></RollCallVoteResults.InformationNote><RollCallVoteResults.SituationDate>05/02/2019 17:25</RollCallVoteResults.SituationDate><RollCallVote.Result Date="2019-01-30" Number="1."><RollCallVote.Description.Text>Ordre du jour de mercredi - demande du groupe S&amp;D 30/01/2019 16:08:47.000</RollCallVote.Description.Text><Result.For Number="193"><Result.PoliticalGroup.List Identifier="ALDE"><Member.Name MepId="5682">Ali</Member.Name><Member.Name MepId="6407">Arthuis</Member.Name><Member.Name MepId="6400">Auštrevičius</Member.Name><Member.Name MepId="6646">Becerra Basterrechea</Member.Name><Member.Name MepId="6089">Bilbao Barandica</Member.Name><Member.Name MepId="1060">Deprez</Member.Name><Member.Name MepId="6340">Dlabajová</Member.Name><Member.Name MepId="1793">Goerens</Member.Name><Member.Name MepId="6043">Hirsch</Member.Name><Member.Name MepId="5681">Hyusmenova</Member.Name><Member.Name MepId="5385">in 't Veld</Member.Name><Member.Name MepId="5433">Jäätteenmäki</Member.Name><Member.Name MepId="6388">Jakovčić</Member.Name><Member.Name MepId="6766">Katainen</Member.Name><Member.Name MepId="5364">Klinz</Member.Name><Member.Name MepId="6504">Kyuchyuk</Member.Name><Member.Name MepId="5889">Løkkegaard</Member.Name><Member.Name MepId="6376">Marinho e Pinto</Member.Name><Member.Name MepId="6041">Meissner</Member.Name><Member.Name MepId="6690">Mihaylova</Member.Name><Member.Name MepId="6626">van Miltenburg</Member.Name><Member.Name MepId="6631">Mlinar</Member.Name><Member.Name MepId="6500">Müller</Member.Name><Member.Name MepId="6760">Nagtegaal</Member.Name><Member.Name MepId="6266">Radoš</Member.Name><Member.Name MepId="6056">Riquet</Member.Name><Member.Name MepId="6154">Rochefort</Member.Name><Member.Name MepId="6337">Telička</Member.Name><Member.Name MepId="6331">Toom</Member.Name><Member.Name MepId="6151">Vajgl</Member.Name><Member.Name MepId="6710">Vautmans</Member.Name><Member.Name MepId="6774">Vehkaperä</Member.Name><Member.Name MepId="6159">Verhofstadt</Member.Name><Member.Name MepId="6729">Wierinck</Member.Name></Result.PoliticalGroup.List><Result.PoliticalGroup.List Identifier="ECR"><Member.Name MepId="6081">Campbell Bannerman</Member.Name><Member.Name MepId="6719">Czesak</Member.Name><Member.Name MepId="5981">van Dalen</Member.Name><Member.Name MepId="6712">Dalton</Member.Name><Member.Name MepId="4960">Deva</Member.Name><Member.Name MepId="6743">Flack</Member.Name><Member.Name MepId="4957">Foster</Member.Name><Member.Name MepId="6112">Fox</Member.Name><Member.Name MepId="6539">Gosiewska</Member.Name><Member.Name MepId="6358">Halla-aho</Member.Name><Member.Name MepId="4959">Hannan</Member.Name><Member.Name MepId="6460">Henkel</Member.Name><Member.Name MepId="6531">Jurek</Member.Name><Member.Name MepId="5630">Kamall</Member.Name><Member.Name MepId="5563">Karim</Member.Name><Member.Name MepId="6530">Krasnodębski</Member.Name><Member.Name MepId="5453">Krupa</Member.Name><Member.Name MepId="5507">Kuźmiuk</Member.Name><Member.Name MepId="5809">Leontini</Member.Name><Member.Name MepId="6608">Lundgren</Member.Name><Member.Name MepId="6234">McIntyre</Member.Name><Member.Name MepId="6742">Matthews</Member.Name><Member.Name MepId="6752">Mobarik</Member.Name><Member.Name MepId="1230">Nicholson</Member.Name><Member.Name MepId="6536">Ożóg</Member.Name><Member.Name MepId="6512">Piecha</Member.Name><Member.Name MepId="6736">Procter</Member.Name><Member.Name MepId="6718">Ruohonen-Lerner</Member.Name><Member.Name MepId="6464">Starbatty</Member.Name><Member.Name MepId="6682">Stevens</Member.Name><Member.Name MepId="4925">Tannock</Member.Name><Member.Name MepId="5207">Theocharous</Member.Name><Member.Name MepId="5878">Tomaševski</Member.Name><Member.Name MepId="6300">Tomašić</Member.Name><Member.Name MepId="5892">Tošenovský</Member.Name><Member.Name MepId="4917">Van Orden</Member.Name><Member.Name MepId="6513">Vistisen</Member.Name><Member.Name MepId="6515">Wiśniewska</Member.Name><Member.Name MepId="6522">Złotowski</Member.Name></Result.PoliticalGroup.List><Result.PoliticalGroup.List Identifier="EFDD"><Member.Name MepId="6445">Agea</Member.Name><Member.Name MepId="6577">Arnott</Member.Name><Member.Name MepId="6411">Beghin</Member.Name><Member.Name MepId="6374">Bergeron</Member.Name><Member.Name MepId="6748">Bullock</Member.Name><Member.Name MepId="6590">Carver</Member.Name><Member.Name MepId="6446">Castaldo</Member.Name><Member.Name MepId="6586">Coburn</Member.Name><Member.Name MepId="6494">Corrao</Member.Name><Member.Name MepId="6472">D'Amato</Member.Name><Member.Name MepId="6569">Etheridge</Member.Name><Member.Name MepId="6413">Evi</Member.Name><Member.Name MepId="4929">Farage</Member.Name><Member.Name MepId="6470">Ferrara</Member.Name><Member.Name MepId="6584">Gill Nathan</Member.Name><Member.Name MepId="6759">Meuthen</Member.Name><Member.Name MepId="5977">Nuttall</Member.Name><Member.Name MepId="6557">O'Flynn</Member.Name><Member.Name MepId="6563">Parker</Member.Name><Member.Name MepId="6568">Seymour</Member.Name><Member.Name MepId="6447">Tamburrano</Member.Name><Member.Name MepId="6412">Valli</Member.Name><Member.Name MepId="6695">Zullo</Member.Name></Result.PoliticalGroup.List><Result.PoliticalGroup.List Identifier="ENF"><Member.Name MepId="6066">Agnew</Member.Name><Member.Name MepId="6555">Atkinson</Member.Name><Member.Name MepId="6741">Elissen</Member.Name><Member.Name MepId="6630">de Graaff</Member.Name><Member.Name MepId="6629">Kappel</Member.Name><Member.Name MepId="6123">Obermayr</Member.Name><Member.Name MepId="6134">Scottà</Member.Name><Member.Name MepId="6634">Stuger</Member.Name><Member.Name MepId="6414">Zanni</Member.Name><Member.Name MepId="6228">Zijlstra</Member.Name></Result.PoliticalGroup.List><Result.PoliticalGroup.List Identifier="GUE/NGL"><Member.Name MepId="6597">Flanagan</Member.Name></Result.PoliticalGroup.List><Result.PoliticalGroup.List Identifier="NI"><Member.Name MepId="6669">Epitideios</Member.Name><Member.Name MepId="6668">Fountoulis</Member.Name><Member.Name MepId="6029">Ivan</Member.Name><Member.Name MepId="6670">Synadinos</Member.Name></Result.PoliticalGroup.List><Result.PoliticalGroup.List Identifier="PPE"><Member.Name MepId="6594">Arimont</Member.Name><Member.Name MepId="6788">Loskutovs</Member.Name><Member.Name MepId="6362">Ruas</Member.Name></Result.PoliticalGroup.List><Result.PoliticalGroup.List Identifier="S&amp;D"><Member.Name MepId="6651">Aguilera García</Member.Name><Member.Name MepId="6279">Andrieu</Member.Name><Member.Name MepId="5411">Ayala Sender</Member.Name><Member.Name MepId="5866">Balčytis</Member.Name><Member.Name MepId="5173">Beňová</Member.Name><Member.Name MepId="6650">Blanco López</Member.Name><Member.Name MepId="6264">Borzan</Member.Name><Member.Name MepId="6572">Brannen</Member.Name><Member.Name MepId="5465">Bresso</Member.Name><Member.Name MepId="6421">Briano</Member.Name><Member.Name MepId="6489">Caputo</Member.Name><Member.Name MepId="6499">Chinnici</Member.Name><Member.Name MepId="5284">Christensen</Member.Name><Member.Name MepId="6083">Cofferati</Member.Name><Member.Name MepId="4628">Corbett</Member.Name><Member.Name MepId="6085">Costa</Member.Name><Member.Name MepId="6570">Dance</Member.Name><Member.Name MepId="6458">Danti</Member.Name><Member.Name MepId="6437">De Monte</Member.Name><Member.Name MepId="6420">Drăghici</Member.Name><Member.Name MepId="6080">Fajon</Member.Name><Member.Name MepId="6770">Ferrandino</Member.Name><Member.Name MepId="6620">Freund</Member.Name><Member.Name MepId="6424">Frunzulică</Member.Name><Member.Name MepId="6769">Gabelic</Member.Name><Member.Name MepId="5417">García Pérez</Member.Name><Member.Name MepId="6130">Gardiazabal Rubial</Member.Name><Member.Name MepId="3827">Gebhardt</Member.Name><Member.Name MepId="5425">Gomes</Member.Name><Member.Name MepId="6720">Graswander-Hainz</Member.Name><Member.Name MepId="6063">Gualtieri</Member.Name><Member.Name MepId="5941">Guerrero Salom</Member.Name><Member.Name MepId="4994">Honeyball</Member.Name><Member.Name MepId="6745">Howarth</Member.Name><Member.Name MepId="5870">Jaakonsaari</Member.Name><Member.Name MepId="6161">Jáuregui Atondo</Member.Name><Member.Name MepId="6624">Jongerius</Member.Name><Member.Name MepId="6146">Kadenbach</Member.Name><Member.Name MepId="6508">Kofod</Member.Name><Member.Name MepId="6435">Kyenge</Member.Name><Member.Name MepId="3823">Lange</Member.Name><Member.Name MepId="4685">Leinen</Member.Name><Member.Name MepId="5094">Liberadzki</Member.Name><Member.Name MepId="5984">López Aguilar</Member.Name><Member.Name MepId="5860">Ludvigsson</Member.Name><Member.Name MepId="6380">Mamikins</Member.Name><Member.Name MepId="5314">Maňka</Member.Name><Member.Name MepId="1133">Martin David</Member.Name><Member.Name MepId="6322">Mavrides</Member.Name><Member.Name MepId="6476">Melior</Member.Name><Member.Name MepId="6352">Niedermüller</Member.Name><Member.Name MepId="6156">Padar</Member.Name><Member.Name MepId="5483">Panzeri</Member.Name><Member.Name MepId="6323">Papadakis Demetris</Member.Name><Member.Name MepId="6484">Picierno</Member.Name><Member.Name MepId="6625">Piri</Member.Name><Member.Name MepId="5894">Poc</Member.Name><Member.Name MepId="6753">Popa</Member.Name><Member.Name MepId="6316">Revault d'Allonnes Bonnefoy</Member.Name><Member.Name MepId="6677">Rodrigues Liliana</Member.Name><Member.Name MepId="6649">Rodríguez-Piñero Fernández</Member.Name><Member.Name MepId="5013">dos Santos</Member.Name><Member.Name MepId="5653">Sârbu</Member.Name><Member.Name MepId="5713">Schaldemose</Member.Name><Member.Name MepId="6375">Serrão Santos</Member.Name><Member.Name MepId="6381">Silva Pereira</Member.Name><Member.Name MepId="5844">Smolková</Member.Name><Member.Name MepId="6334">Szanyi</Member.Name><Member.Name MepId="6623">Tang</Member.Name><Member.Name MepId="6427">Țapardel</Member.Name><Member.Name MepId="5624">Tarabella</Member.Name><Member.Name MepId="5859">Ulvskog</Member.Name><Member.Name MepId="4990">Van Brempt</Member.Name><Member.Name MepId="6086">Vaughan</Member.Name><Member.Name MepId="5957">Zemke</Member.Name><Member.Name MepId="6764">Zoană</Member.Name><Member.Name MepId="6714">Zoffoli</Member.Name><Member.Name MepId="6373">Zorrinho</Member.Name></Result.PoliticalGroup.List><Result.PoliticalGroup.List Identifier="Verts/ALE"><Member.Name MepId="5353">Harms</Member.Name></Result.PoliticalGroup.List></Result.For><Result.Against Number="198"><Result.PoliticalGroup.List Identifier="ALDE"><Member.Name MepId="5330">Griesbeck</Member.Name><Member.Name MepId="5246">Harkin</Member.Name><Member.Name MepId="6644">Pagazaurtundúa Ruiz</Member.Name><Member.Name MepId="4676">Ries</Member.Name><Member.Name MepId="6722">Selimovic</Member.Name><Member.Name MepId="6181">Tremosa i Balcells</Member.Name></Result.PoliticalGroup.List><Result.PoliticalGroup.List Identifier="ECR"><Member.Name MepId="6667">Marias</Member.Name></Result.PoliticalGroup.List><Result.PoliticalGroup.List Identifier="EFDD"><Member.Name MepId="6450">Goddyn</Member.Name><Member.Name MepId="6395">Monot</Member.Name><Member.Name MepId="5875">Paksas</Member.Name></Result.PoliticalGroup.List><Result.PoliticalGroup.List Identifier="ENF"><Member.Name MepId="6593">Annemans</Member.Name><Member.Name MepId="6382">Arnautu</Member.Name><Member.Name MepId="6394">Bay</Member.Name><Member.Name MepId="6405">Bilde</Member.Name><Member.Name MepId="6765">Colombier</Member.Name><Member.Name MepId="6751">Jamet</Member.Name><Member.Name MepId="6372">Lebreton</Member.Name><Member.Name MepId="6746">Lechevalier</Member.Name><Member.Name MepId="6699">Loiseau</Member.Name><Member.Name MepId="6385">Martin Dominique</Member.Name><Member.Name MepId="6533">Marusik</Member.Name><Member.Name MepId="6467">Pretzell</Member.Name><Member.Name MepId="6389">Schaffhauser</Member.Name></Result.PoliticalGroup.List><Result.PoliticalGroup.List Identifier="GUE/NGL"><Member.Name MepId="6654">Albiol Guzmán</Member.Name><Member.Name MepId="6280">Anderson Martina</Member.Name><Member.Name MepId="6723">Benito Ziluaga</Member.Name><Member.Name MepId="6024">Ernst</Member.Name><Member.Name MepId="5886">Ferreira</Member.Name><Member.Name MepId="6702">González Peñas</Member.Name><Member.Name MepId="6023">Händel</Member.Name><Member.Name MepId="6313">Kari</Member.Name><Member.Name MepId="5039">Konečná</Member.Name><Member.Name MepId="6675">Kuneva</Member.Name><Member.Name MepId="6369">Kyllönen</Member.Name><Member.Name MepId="6653">López Bermejo</Member.Name><Member.Name MepId="5992">Matias</Member.Name><Member.Name MepId="6310">Michels</Member.Name><Member.Name MepId="5596">Papadimoulis</Member.Name><Member.Name MepId="6727">Pimenta Lopes</Member.Name><Member.Name MepId="6641">Sánchez Caldentey</Member.Name><Member.Name MepId="5837">Scholz</Member.Name><Member.Name MepId="6655">Senra Rodríguez</Member.Name><Member.Name MepId="6444">Spinelli</Member.Name><Member.Name MepId="6715">Urbán Crespo</Member.Name><Member.Name MepId="6030">Vergiat</Member.Name><Member.Name MepId="6678">Viegas</Member.Name><Member.Name MepId="5368">Zimmer</Member.Name></Result.PoliticalGroup.List><Result.PoliticalGroup.List Identifier="PPE"><Member.Name MepId="6755">Ademov</Member.Name><Member.Name MepId="1340">Alliot-Marie</Member.Name><Member.Name MepId="5395">Andrikienė</Member.Name><Member.Name MepId="5262">Ashworth</Member.Name><Member.Name MepId="4742">Ayuso</Member.Name><Member.Name MepId="6191">Bach</Member.Name><Member.Name MepId="6216">Becker</Member.Name><Member.Name MepId="5377">Belet</Member.Name><Member.Name MepId="6343">Bocskor</Member.Name><Member.Name MepId="6613">Bogovič</Member.Name><Member.Name MepId="6617">Buda</Member.Name><Member.Name MepId="5729">Buşoi</Member.Name><Member.Name MepId="5388">Buzek</Member.Name><Member.Name MepId="5928">van de Camp</Member.Name><Member.Name MepId="5508">del Castillo Vera</Member.Name><Member.Name MepId="5554">Cesa</Member.Name><Member.Name MepId="6600">Clune</Member.Name><Member.Name MepId="3800">Coelho</Member.Name><Member.Name MepId="5948">Comi</Member.Name><Member.Name MepId="6345">Deli</Member.Name><Member.Name MepId="5998">Deutsch</Member.Name><Member.Name MepId="5515">Díaz de Mera García Consuegra</Member.Name><Member.Name MepId="5960">Dorfmann</Member.Name><Member.Name MepId="5983">Estaràs Ferragut</Member.Name><Member.Name MepId="6679">Faria</Member.Name><Member.Name MepId="3833">Ferber</Member.Name><Member.Name MepId="6068">Fernandes</Member.Name><Member.Name MepId="4659">Gahler</Member.Name><Member.Name MepId="5280">Gál</Member.Name><Member.Name MepId="6615">Gambús</Member.Name><Member.Name MepId="6111">Girling</Member.Name><Member.Name MepId="6632">González Pons</Member.Name><Member.Name MepId="5342">Gräßle</Member.Name><Member.Name MepId="4032">Grossetête</Member.Name><Member.Name MepId="5109">Grzyb</Member.Name><Member.Name MepId="6777">Hansen</Member.Name><Member.Name MepId="5018">Herranz García</Member.Name><Member.Name MepId="6534">Hetman</Member.Name><Member.Name MepId="5953">Hohlmeier</Member.Name><Member.Name MepId="5952">Hübner</Member.Name><Member.Name MepId="5945">Jahr</Member.Name><Member.Name MepId="5271">Járóka</Member.Name><Member.Name MepId="6095">Kalniete</Member.Name><Member.Name MepId="6666">Kefalogiannis</Member.Name><Member.Name MepId="5542">Kelam</Member.Name><Member.Name MepId="5855">Kelly</Member.Name><Member.Name MepId="3759">Koch</Member.Name><Member.Name MepId="6001">Kósa</Member.Name><Member.Name MepId="6527">Kozłowska-Rajewicz</Member.Name><Member.Name MepId="5403">Kudrycka</Member.Name><Member.Name MepId="5940">Kuhn</Member.Name><Member.Name MepId="5727">de Lange</Member.Name><Member.Name MepId="3856">Langen</Member.Name><Member.Name MepId="6363">Lavrilleux</Member.Name><Member.Name MepId="6592">Lenaers</Member.Name><Member.Name MepId="5105">Lewandowski</Member.Name><Member.Name MepId="5938">Lope Fontagné</Member.Name><Member.Name MepId="5517">López-Istúriz White</Member.Name><Member.Name MepId="5964">Łukacijewska</Member.Name><Member.Name MepId="6440">McAllister</Member.Name><Member.Name MepId="5245">McGuinness</Member.Name><Member.Name MepId="6245">Malinov</Member.Name><Member.Name MepId="6761">Mandl</Member.Name><Member.Name MepId="6096">Mato</Member.Name><Member.Name MepId="6297">Metsola</Member.Name><Member.Name MepId="5308">Mikolášik</Member.Name><Member.Name MepId="5518">Millán Mon</Member.Name><Member.Name MepId="6366">Monteiro de Aguiar</Member.Name><Member.Name MepId="5732">Morin-Chartier</Member.Name><Member.Name MepId="4712">Niebler</Member.Name><Member.Name MepId="6332">Niedermayer</Member.Name><Member.Name MepId="5295">van Nistelrooij</Member.Name><Member.Name MepId="5407">Olbrycht</Member.Name><Member.Name MepId="6383">Petir</Member.Name><Member.Name MepId="6537">Pitera</Member.Name><Member.Name MepId="6519">Plura</Member.Name><Member.Name MepId="6700">Pospíšil</Member.Name><Member.Name MepId="6010">Preda</Member.Name><Member.Name MepId="6224">Proust</Member.Name><Member.Name MepId="1487">Quisthoudt-Rowohl</Member.Name><Member.Name MepId="6488">Radev</Member.Name><Member.Name MepId="6072">Rangel</Member.Name><Member.Name MepId="6365">Ribeiro</Member.Name><Member.Name MepId="3991">Salafranca Sánchez-Neyra</Member.Name><Member.Name MepId="6698">Salini</Member.Name><Member.Name MepId="6370">Sander</Member.Name><Member.Name MepId="6259">Sarvamaa</Member.Name><Member.Name MepId="5265">Schöpflin</Member.Name><Member.Name MepId="6636">Schreijer-Pierik</Member.Name><Member.Name MepId="6443">Schulze</Member.Name><Member.Name MepId="5111">Siekierski</Member.Name><Member.Name MepId="5781">Sógor</Member.Name><Member.Name MepId="6341">Šojdrová</Member.Name><Member.Name MepId="5418">Sonik</Member.Name><Member.Name MepId="6663">Spyraki</Member.Name><Member.Name MepId="6547">Štefanec</Member.Name><Member.Name MepId="6333">Štětina</Member.Name><Member.Name MepId="5778">Stolojan</Member.Name><Member.Name MepId="6672">Svoboda</Member.Name><Member.Name MepId="5143">Szájer</Member.Name><Member.Name MepId="5949">Thun und Hohenstein</Member.Name><Member.Name MepId="5783">Tőkés</Member.Name><Member.Name MepId="5734">Urutchev</Member.Name><Member.Name MepId="6638">Valcárcel Siso</Member.Name><Member.Name MepId="5714">Vălean</Member.Name><Member.Name MepId="5930">Verheyen</Member.Name><Member.Name MepId="6356">Virkkunen</Member.Name><Member.Name MepId="5934">Voss</Member.Name><Member.Name MepId="5947">Wałęsa</Member.Name><Member.Name MepId="5351">Weber Manfred</Member.Name><Member.Name MepId="6344">Zdechovský</Member.Name><Member.Name MepId="6532">Zdrojewski</Member.Name><Member.Name MepId="6094">Zver</Member.Name></Result.PoliticalGroup.List><Result.PoliticalGroup.List Identifier="S&amp;D"><Member.Name MepId="6378">Balas</Member.Name><Member.Name MepId="6565">Martin Edouard</Member.Name><Member.Name MepId="6493">Pirinski</Member.Name><Member.Name MepId="6438">Schlein</Member.Name><Member.Name MepId="5897">Sehnalová</Member.Name><Member.Name MepId="6282">Thomas</Member.Name><Member.Name MepId="6434">Zanonato</Member.Name></Result.PoliticalGroup.List><Result.PoliticalGroup.List Identifier="Verts/ALE"><Member.Name MepId="6431">Affronte</Member.Name><Member.Name MepId="6606">Andersson</Member.Name><Member.Name MepId="5291">Auken</Member.Name><Member.Name MepId="5358">Cramer</Member.Name><Member.Name MepId="6730">Dalunde</Member.Name><Member.Name MepId="6324">Durand</Member.Name><Member.Name MepId="5899">Eickhout</Member.Name><Member.Name MepId="4954">Evans</Member.Name><Member.Name MepId="5926">Häusling</Member.Name><Member.Name MepId="4535">Hautala</Member.Name><Member.Name MepId="5908">Keller Ska</Member.Name><Member.Name MepId="4935">Lambert</Member.Name><Member.Name MepId="6732">Marcellesi</Member.Name><Member.Name MepId="6776">Metz</Member.Name><Member.Name MepId="6251">Miranda</Member.Name><Member.Name MepId="6453">Reda</Member.Name><Member.Name MepId="5917">Rivasi</Member.Name><Member.Name MepId="6694">Ropė</Member.Name><Member.Name MepId="5987">Sargentini</Member.Name><Member.Name MepId="6560">Scott Cato</Member.Name><Member.Name MepId="6390">Škrlec</Member.Name><Member.Name MepId="5571">Smith</Member.Name><Member.Name MepId="6738">Solé</Member.Name><Member.Name MepId="4983">Staes</Member.Name><Member.Name MepId="6168">Tarand</Member.Name><Member.Name MepId="6204">Taylor</Member.Name><Member.Name MepId="5360">Trüpel</Member.Name><Member.Name MepId="6591">Urtasun</Member.Name><Member.Name MepId="6605">Valero</Member.Name><Member.Name MepId="6551">Vana</Member.Name><Member.Name MepId="6757">Waitz</Member.Name></Result.PoliticalGroup.List></Result.Against><Result.Abstention Number="13"><Result.PoliticalGroup.List Identifier="ALDE"><Member.Name MepId="6338">Ježek</Member.Name></Result.PoliticalGroup.List><Result.PoliticalGroup.List Identifier="EFDD"><Member.Name MepId="6480">Aiuto</Member.Name><Member.Name MepId="6524">Iwaszkiewicz</Member.Name></Result.PoliticalGroup.List><Result.PoliticalGroup.List Identifier="NI"><Member.Name MepId="6048">Balczó</Member.Name><Member.Name MepId="5849">Morvai</Member.Name><Member.Name MepId="6676">Papadakis Konstantinos</Member.Name><Member.Name MepId="6768">Sośnierz</Member.Name><Member.Name MepId="5113">Ujazdowski</Member.Name><Member.Name MepId="6469">Voigt</Member.Name><Member.Name MepId="6673">Zarianopoulos</Member.Name></Result.PoliticalGroup.List><Result.PoliticalGroup.List Identifier="PPE"><Member.Name MepId="6684">Rolin</Member.Name></Result.PoliticalGroup.List><Result.PoliticalGroup.List Identifier="S&amp;D"><Member.Name MepId="6419">Grapini</Member.Name><Member.Name MepId="6357">Rozière</Member.Name></Result.PoliticalGroup.List></Result.Abstention></RollCallVote.Result><RollCallVote.Result Date="2019-01-30" Number="2."><RollCallVote.Description.Text>Ordre du jour de jeudi - demande du groupe EFDD 30/01/2019 16:15:56.000</RollCallVote.Description.Text><Result.For Number="168"><Result.PoliticalGroup.List Identifier="ALDE"><Member.Name MepId="6089">Bilbao Barandica</Member.Name><Member.Name MepId="1060">Deprez</Member.Name><Member.Name MepId="5330">Griesbeck</Member.Name><Member.Name MepId="5433">Jäätteenmäki</Member.Name><Member.Name MepId="6376">Marinho e Pinto</Member.Name><Member.Name MepId="6154">Rochefort</Member.Name><Member.Name MepId="6331">Toom</Member.Name><Member.Name MepId="6181">Tremosa i Balcells</Member.Name></Result.PoliticalGroup.List><Result.PoliticalGroup.List Identifier="ECR"><Member.Name MepId="6081">Campbell Bannerman</Member.Name><Member.Name MepId="6719">Czesak</Member.Name><Member.Name MepId="5981">van Dalen</Member.Name><Member.Name MepId="6712">Dalton</Member.Name><Member.Name MepId="4960">Deva</Member.Name><Member.Name MepId="6743">Flack</Member.Name><Member.Name MepId="4957">Foster</Member.Name><Member.Name MepId="6112">Fox</Member.Name><Member.Name MepId="6539">Gosiewska</Member.Name><Member.Name MepId="6358">Halla-aho</Member.Name><Member.Name MepId="4959">Hannan</Member.Name><Member.Name MepId="6460">Henkel</Member.Name><Member.Name MepId="6531">Jurek</Member.Name><Member.Name MepId="5630">Kamall</Member.Name><Member.Name MepId="5563">Karim</Member.Name><Member.Name MepId="6530">Krasnodębski</Member.Name><Member.Name MepId="5453">Krupa</Member.Name><Member.Name MepId="5507">Kuźmiuk</Member.Name><Member.Name MepId="5809">Leontini</Member.Name><Member.Name MepId="6608">Lundgren</Member.Name><Member.Name MepId="6234">McIntyre</Member.Name><Member.Name MepId="6667">Marias</Member.Name><Member.Name MepId="6742">Matthews</Member.Name><Member.Name MepId="6752">Mobarik</Member.Name><Member.Name MepId="1230">Nicholson</Member.Name><Member.Name MepId="6536">Ożóg</Member.Name><Member.Name MepId="6512">Piecha</Member.Name><Member.Name MepId="6718">Ruohonen-Lerner</Member.Name><Member.Name MepId="6464">Starbatty</Member.Name><Member.Name MepId="6682">Stevens</Member.Name><Member.Name MepId="4925">Tannock</Member.Name><Member.Name MepId="5207">Theocharous</Member.Name><Member.Name MepId="5878">Tomaševski</Member.Name><Member.Name MepId="6300">Tomašić</Member.Name><Member.Name MepId="5892">Tošenovský</Member.Name><Member.Name MepId="4917">Van Orden</Member.Name><Member.Name MepId="6513">Vistisen</Member.Name><Member.Name MepId="6515">Wiśniewska</Member.Name><Member.Name MepId="6522">Złotowski</Member.Name></Result.PoliticalGroup.List><Result.PoliticalGroup.List Identifier="EFDD"><Member.Name MepId="6445">Agea</Member.Name><Member.Name MepId="6480">Aiuto</Member.Name><Member.Name MepId="6577">Arnott</Member.Name><Member.Name MepId="6411">Beghin</Member.Name><Member.Name MepId="6374">Bergeron</Member.Name><Member.Name MepId="6748">Bullock</Member.Name><Member.Name MepId="6590">Carver</Member.Name><Member.Name MepId="6446">Castaldo</Member.Name><Member.Name MepId="6586">Coburn</Member.Name><Member.Name MepId="6494">Corrao</Member.Name><Member.Name MepId="6472">D'Amato</Member.Name><Member.Name MepId="6569">Etheridge</Member.Name><Member.Name MepId="6413">Evi</Member.Name><Member.Name MepId="4929">Farage</Member.Name><Member.Name MepId="6470">Ferrara</Member.Name><Member.Name MepId="6584">Gill Nathan</Member.Name><Member.Name MepId="6450">Goddyn</Member.Name><Member.Name MepId="6524">Iwaszkiewicz</Member.Name><Member.Name MepId="6759">Meuthen</Member.Name><Member.Name MepId="6395">Monot</Member.Name><Member.Name MepId="5977">Nuttall</Member.Name><Member.Name MepId="6557">O'Flynn</Member.Name><Member.Name MepId="5875">Paksas</Member.Name><Member.Name MepId="6563">Parker</Member.Name><Member.Name MepId="6564">Reid</Member.Name><Member.Name MepId="6568">Seymour</Member.Name><Member.Name MepId="6447">Tamburrano</Member.Name><Member.Name MepId="6412">Valli</Member.Name><Member.Name MepId="6695">Zullo</Member.Name></Result.PoliticalGroup.List><Result.PoliticalGroup.List Identifier="ENF"><Member.Name MepId="6066">Agnew</Member.Name><Member.Name MepId="6593">Annemans</Member.Name><Member.Name MepId="6382">Arnautu</Member.Name><Member.Name MepId="6555">Atkinson</Member.Name><Member.Name MepId="6394">Bay</Member.Name><Member.Name MepId="6405">Bilde</Member.Name><Member.Name MepId="6179">Bizzotto</Member.Name><Member.Name MepId="6765">Colombier</Member.Name><Member.Name MepId="6741">Elissen</Member.Name><Member.Name MepId="6630">de Graaff</Member.Name><Member.Name MepId="6751">Jamet</Member.Name><Member.Name MepId="6629">Kappel</Member.Name><Member.Name MepId="6372">Lebreton</Member.Name><Member.Name MepId="6746">Lechevalier</Member.Name><Member.Name MepId="6699">Loiseau</Member.Name><Member.Name MepId="6385">Martin Dominique</Member.Name><Member.Name MepId="6533">Marusik</Member.Name><Member.Name MepId="6123">Obermayr</Member.Name><Member.Name MepId="6467">Pretzell</Member.Name><Member.Name MepId="6389">Schaffhauser</Member.Name><Member.Name MepId="6134">Scottà</Member.Name><Member.Name MepId="6634">Stuger</Member.Name><Member.Name MepId="6414">Zanni</Member.Name><Member.Name MepId="6228">Zijlstra</Member.Name></Result.PoliticalGroup.List><Result.PoliticalGroup.List Identifier="GUE/NGL"><Member.Name MepId="6654">Albiol Guzmán</Member.Name><Member.Name MepId="6280">Anderson Martina</Member.Name><Member.Name MepId="6723">Benito Ziluaga</Member.Name><Member.Name MepId="6024">Ernst</Member.Name><Member.Name MepId="5886">Ferreira</Member.Name><Member.Name MepId="6597">Flanagan</Member.Name><Member.Name MepId="6702">González Peñas</Member.Name><Member.Name MepId="6023">Händel</Member.Name><Member.Name MepId="6313">Kari</Member.Name><Member.Name MepId="5039">Konečná</Member.Name><Member.Name MepId="6675">Kuneva</Member.Name><Member.Name MepId="6369">Kyllönen</Member.Name><Member.Name MepId="6653">López Bermejo</Member.Name><Member.Name MepId="5992">Matias</Member.Name><Member.Name MepId="5596">Papadimoulis</Member.Name><Member.Name MepId="6727">Pimenta Lopes</Member.Name><Member.Name MepId="6641">Sánchez Caldentey</Member.Name><Member.Name MepId="5837">Scholz</Member.Name><Member.Name MepId="6655">Senra Rodríguez</Member.Name><Member.Name MepId="6444">Spinelli</Member.Name><Member.Name MepId="6715">Urbán Crespo</Member.Name><Member.Name MepId="6030">Vergiat</Member.Name><Member.Name MepId="6678">Viegas</Member.Name><Member.Name MepId="5368">Zimmer</Member.Name></Result.PoliticalGroup.List><Result.PoliticalGroup.List Identifier="NI"><Member.Name MepId="6048">Balczó</Member.Name><Member.Name MepId="6669">Epitideios</Member.Name><Member.Name MepId="6668">Fountoulis</Member.Name><Member.Name MepId="6575">Hookem</Member.Name><Member.Name MepId="5849">Morvai</Member.Name><Member.Name MepId="6768">Sośnierz</Member.Name><Member.Name MepId="6670">Synadinos</Member.Name><Member.Name MepId="5113">Ujazdowski</Member.Name><Member.Name MepId="6469">Voigt</Member.Name></Result.PoliticalGroup.List><Result.PoliticalGroup.List Identifier="S&amp;D"><Member.Name MepId="6378">Balas</Member.Name><Member.Name MepId="6565">Martin Edouard</Member.Name><Member.Name MepId="6357">Rozière</Member.Name><Member.Name MepId="6438">Schlein</Member.Name><Member.Name MepId="5844">Smolková</Member.Name><Member.Name MepId="6282">Thomas</Member.Name></Result.PoliticalGroup.List><Result.PoliticalGroup.List Identifier="Verts/ALE"><Member.Name MepId="6606">Andersson</Member.Name><Member.Name MepId="5291">Auken</Member.Name><Member.Name MepId="6730">Dalunde</Member.Name><Member.Name MepId="6324">Durand</Member.Name><Member.Name MepId="5899">Eickhout</Member.Name><Member.Name MepId="4954">Evans</Member.Name><Member.Name MepId="5926">Häusling</Member.Name><Member.Name MepId="4535">Hautala</Member.Name><Member.Name MepId="5908">Keller Ska</Member.Name><Member.Name MepId="4935">Lambert</Member.Name><Member.Name MepId="6732">Marcellesi</Member.Name><Member.Name MepId="6776">Metz</Member.Name><Member.Name MepId="6251">Miranda</Member.Name><Member.Name MepId="6453">Reda</Member.Name><Member.Name MepId="5917">Rivasi</Member.Name><Member.Name MepId="6694">Ropė</Member.Name><Member.Name MepId="5987">Sargentini</Member.Name><Member.Name MepId="6560">Scott Cato</Member.Name><Member.Name MepId="6390">Škrlec</Member.Name><Member.Name MepId="5571">Smith</Member.Name><Member.Name MepId="6738">Solé</Member.Name><Member.Name MepId="4983">Staes</Member.Name><Member.Name MepId="6168">Tarand</Member.Name><Member.Name MepId="6204">Taylor</Member.Name><Member.Name MepId="5360">Trüpel</Member.Name><Member.Name MepId="6591">Urtasun</Member.Name><Member.Name MepId="6605">Valero</Member.Name><Member.Name MepId="6551">Vana</Member.Name><Member.Name MepId="6757">Waitz</Member.Name></Result.PoliticalGroup.List></Result.For><Result.Against Number="209"><Result.PoliticalGroup.List Identifier="ALDE"><Member.Name MepId="6407">Arthuis</Member.Name><Member.Name MepId="6400">Auštrevičius</Member.Name><Member.Name MepId="1793">Goerens</Member.Name><Member.Name MepId="5246">Harkin</Member.Name><Member.Name MepId="6043">Hirsch</Member.Name><Member.Name MepId="5681">Hyusmenova</Member.Name><Member.Name MepId="5385">in 't Veld</Member.Name><Member.Name MepId="6388">Jakovčić</Member.Name><Member.Name MepId="6338">Ježek</Member.Name><Member.Name MepId="6766">Katainen</Member.Name><Member.Name MepId="5364">Klinz</Member.Name><Member.Name MepId="6504">Kyuchyuk</Member.Name><Member.Name MepId="5889">Løkkegaard</Member.Name><Member.Name MepId="6041">Meissner</Member.Name><Member.Name MepId="6690">Mihaylova</Member.Name><Member.Name MepId="6626">van Miltenburg</Member.Name><Member.Name MepId="6631">Mlinar</Member.Name><Member.Name MepId="6500">Müller</Member.Name><Member.Name MepId="6644">Pagazaurtundúa Ruiz</Member.Name><Member.Name MepId="6266">Radoš</Member.Name><Member.Name MepId="4676">Ries</Member.Name><Member.Name MepId="6056">Riquet</Member.Name><Member.Name MepId="6337">Telička</Member.Name><Member.Name MepId="6151">Vajgl</Member.Name><Member.Name MepId="6710">Vautmans</Member.Name><Member.Name MepId="6774">Vehkaperä</Member.Name><Member.Name MepId="6159">Verhofstadt</Member.Name><Member.Name MepId="6729">Wierinck</Member.Name></Result.PoliticalGroup.List><Result.PoliticalGroup.List Identifier="NI"><Member.Name MepId="6029">Ivan</Member.Name></Result.PoliticalGroup.List><Result.PoliticalGroup.List Identifier="PPE"><Member.Name MepId="6755">Ademov</Member.Name><Member.Name MepId="1340">Alliot-Marie</Member.Name><Member.Name MepId="5395">Andrikienė</Member.Name><Member.Name MepId="5262">Ashworth</Member.Name><Member.Name MepId="4742">Ayuso</Member.Name><Member.Name MepId="6216">Becker</Member.Name><Member.Name MepId="5377">Belet</Member.Name><Member.Name MepId="6343">Bocskor</Member.Name><Member.Name MepId="1507">Böge</Member.Name><Member.Name MepId="6613">Bogovič</Member.Name><Member.Name MepId="1278">Brok</Member.Name><Member.Name MepId="6617">Buda</Member.Name><Member.Name MepId="5729">Buşoi</Member.Name><Member.Name MepId="5388">Buzek</Member.Name><Member.Name MepId="5928">van de Camp</Member.Name><Member.Name MepId="5508">del Castillo Vera</Member.Name><Member.Name MepId="5554">Cesa</Member.Name><Member.Name MepId="6600">Clune</Member.Name><Member.Name MepId="5948">Comi</Member.Name><Member.Name MepId="6345">Deli</Member.Name><Member.Name MepId="5998">Deutsch</Member.Name><Member.Name MepId="5515">Díaz de Mera García Consuegra</Member.Name><Member.Name MepId="5960">Dorfmann</Member.Name><Member.Name MepId="5983">Estaràs Ferragut</Member.Name><Member.Name MepId="6068">Fernandes</Member.Name><Member.Name MepId="4659">Gahler</Member.Name><Member.Name MepId="5280">Gál</Member.Name><Member.Name MepId="6615">Gambús</Member.Name><Member.Name MepId="6111">Girling</Member.Name><Member.Name MepId="6632">González Pons</Member.Name><Member.Name MepId="5342">Gräßle</Member.Name><Member.Name MepId="4032">Grossetête</Member.Name><Member.Name MepId="5109">Grzyb</Member.Name><Member.Name MepId="6777">Hansen</Member.Name><Member.Name MepId="5018">Herranz García</Member.Name><Member.Name MepId="6534">Hetman</Member.Name><Member.Name MepId="5953">Hohlmeier</Member.Name><Member.Name MepId="5952">Hübner</Member.Name><Member.Name MepId="5945">Jahr</Member.Name><Member.Name MepId="5271">Járóka</Member.Name><Member.Name MepId="6095">Kalniete</Member.Name><Member.Name MepId="6666">Kefalogiannis</Member.Name><Member.Name MepId="5542">Kelam</Member.Name><Member.Name MepId="3759">Koch</Member.Name><Member.Name MepId="6001">Kósa</Member.Name><Member.Name MepId="6527">Kozłowska-Rajewicz</Member.Name><Member.Name MepId="5403">Kudrycka</Member.Name><Member.Name MepId="5940">Kuhn</Member.Name><Member.Name MepId="5727">de Lange</Member.Name><Member.Name MepId="3856">Langen</Member.Name><Member.Name MepId="6363">Lavrilleux</Member.Name><Member.Name MepId="6592">Lenaers</Member.Name><Member.Name MepId="5105">Lewandowski</Member.Name><Member.Name MepId="5964">Łukacijewska</Member.Name><Member.Name MepId="6440">McAllister</Member.Name><Member.Name MepId="5245">McGuinness</Member.Name><Member.Name MepId="6245">Malinov</Member.Name><Member.Name MepId="6761">Mandl</Member.Name><Member.Name MepId="6096">Mato</Member.Name><Member.Name MepId="6297">Metsola</Member.Name><Member.Name MepId="5308">Mikolášik</Member.Name><Member.Name MepId="5518">Millán Mon</Member.Name><Member.Name MepId="6366">Monteiro de Aguiar</Member.Name><Member.Name MepId="5732">Morin-Chartier</Member.Name><Member.Name MepId="4712">Niebler</Member.Name><Member.Name MepId="6332">Niedermayer</Member.Name><Member.Name MepId="5295">van Nistelrooij</Member.Name><Member.Name MepId="5407">Olbrycht</Member.Name><Member.Name MepId="6383">Petir</Member.Name><Member.Name MepId="6537">Pitera</Member.Name><Member.Name MepId="6519">Plura</Member.Name><Member.Name MepId="6010">Preda</Member.Name><Member.Name MepId="6224">Proust</Member.Name><Member.Name MepId="6488">Radev</Member.Name><Member.Name MepId="6072">Rangel</Member.Name><Member.Name MepId="6365">Ribeiro</Member.Name><Member.Name MepId="6362">Ruas</Member.Name><Member.Name MepId="3991">Salafranca Sánchez-Neyra</Member.Name><Member.Name MepId="6698">Salini</Member.Name><Member.Name MepId="6370">Sander</Member.Name><Member.Name MepId="6259">Sarvamaa</Member.Name><Member.Name MepId="5265">Schöpflin</Member.Name><Member.Name MepId="6636">Schreijer-Pierik</Member.Name><Member.Name MepId="6443">Schulze</Member.Name><Member.Name MepId="5111">Siekierski</Member.Name><Member.Name MepId="5781">Sógor</Member.Name><Member.Name MepId="6341">Šojdrová</Member.Name><Member.Name MepId="5418">Sonik</Member.Name><Member.Name MepId="6663">Spyraki</Member.Name><Member.Name MepId="6547">Štefanec</Member.Name><Member.Name MepId="5778">Stolojan</Member.Name><Member.Name MepId="6672">Svoboda</Member.Name><Member.Name MepId="5143">Szájer</Member.Name><Member.Name MepId="5783">Tőkés</Member.Name><Member.Name MepId="5734">Urutchev</Member.Name><Member.Name MepId="6638">Valcárcel Siso</Member.Name><Member.Name MepId="5714">Vălean</Member.Name><Member.Name MepId="5930">Verheyen</Member.Name><Member.Name MepId="5934">Voss</Member.Name><Member.Name MepId="5947">Wałęsa</Member.Name><Member.Name MepId="5351">Weber Manfred</Member.Name><Member.Name MepId="6344">Zdechovský</Member.Name><Member.Name MepId="6532">Zdrojewski</Member.Name><Member.Name MepId="6094">Zver</Member.Name></Result.PoliticalGroup.List><Result.PoliticalGroup.List Identifier="S&amp;D"><Member.Name MepId="6651">Aguilera García</Member.Name><Member.Name MepId="6279">Andrieu</Member.Name><Member.Name MepId="5411">Ayala Sender</Member.Name><Member.Name MepId="5866">Balčytis</Member.Name><Member.Name MepId="5173">Beňová</Member.Name><Member.Name MepId="6650">Blanco López</Member.Name><Member.Name MepId="6264">Borzan</Member.Name><Member.Name MepId="6572">Brannen</Member.Name><Member.Name MepId="5465">Bresso</Member.Name><Member.Name MepId="6421">Briano</Member.Name><Member.Name MepId="6489">Caputo</Member.Name><Member.Name MepId="6499">Chinnici</Member.Name><Member.Name MepId="5284">Christensen</Member.Name><Member.Name MepId="6083">Cofferati</Member.Name><Member.Name MepId="4628">Corbett</Member.Name><Member.Name MepId="6085">Costa</Member.Name><Member.Name MepId="6570">Dance</Member.Name><Member.Name MepId="6458">Danti</Member.Name><Member.Name MepId="6437">De Monte</Member.Name><Member.Name MepId="6420">Drăghici</Member.Name><Member.Name MepId="6080">Fajon</Member.Name><Member.Name MepId="6770">Ferrandino</Member.Name><Member.Name MepId="6012">Fleckenstein</Member.Name><Member.Name MepId="6620">Freund</Member.Name><Member.Name MepId="6769">Gabelic</Member.Name><Member.Name MepId="5417">García Pérez</Member.Name><Member.Name MepId="6130">Gardiazabal Rubial</Member.Name><Member.Name MepId="3827">Gebhardt</Member.Name><Member.Name MepId="5425">Gomes</Member.Name><Member.Name MepId="6419">Grapini</Member.Name><Member.Name MepId="6720">Graswander-Hainz</Member.Name><Member.Name MepId="6063">Gualtieri</Member.Name><Member.Name MepId="5941">Guerrero Salom</Member.Name><Member.Name MepId="4994">Honeyball</Member.Name><Member.Name MepId="6745">Howarth</Member.Name><Member.Name MepId="5870">Jaakonsaari</Member.Name><Member.Name MepId="6161">Jáuregui Atondo</Member.Name><Member.Name MepId="6624">Jongerius</Member.Name><Member.Name MepId="6146">Kadenbach</Member.Name><Member.Name MepId="6571">Kirton-Darling</Member.Name><Member.Name MepId="6508">Kofod</Member.Name><Member.Name MepId="6435">Kyenge</Member.Name><Member.Name MepId="4685">Leinen</Member.Name><Member.Name MepId="5094">Liberadzki</Member.Name><Member.Name MepId="5984">López Aguilar</Member.Name><Member.Name MepId="5860">Ludvigsson</Member.Name><Member.Name MepId="6380">Mamikins</Member.Name><Member.Name MepId="5314">Maňka</Member.Name><Member.Name MepId="1133">Martin David</Member.Name><Member.Name MepId="6476">Melior</Member.Name><Member.Name MepId="6562">Moody</Member.Name><Member.Name MepId="6352">Niedermüller</Member.Name><Member.Name MepId="6156">Padar</Member.Name><Member.Name MepId="5483">Panzeri</Member.Name><Member.Name MepId="6484">Picierno</Member.Name><Member.Name MepId="6625">Piri</Member.Name><Member.Name MepId="6493">Pirinski</Member.Name><Member.Name MepId="5894">Poc</Member.Name><Member.Name MepId="6753">Popa</Member.Name><Member.Name MepId="6649">Rodríguez-Piñero Fernández</Member.Name><Member.Name MepId="5013">dos Santos</Member.Name><Member.Name MepId="5653">Sârbu</Member.Name><Member.Name MepId="5713">Schaldemose</Member.Name><Member.Name MepId="6381">Silva Pereira</Member.Name><Member.Name MepId="6334">Szanyi</Member.Name><Member.Name MepId="6623">Tang</Member.Name><Member.Name MepId="6427">Țapardel</Member.Name><Member.Name MepId="5624">Tarabella</Member.Name><Member.Name MepId="5859">Ulvskog</Member.Name><Member.Name MepId="4990">Van Brempt</Member.Name><Member.Name MepId="6086">Vaughan</Member.Name><Member.Name MepId="6434">Zanonato</Member.Name><Member.Name MepId="5957">Zemke</Member.Name><Member.Name MepId="6714">Zoffoli</Member.Name><Member.Name MepId="6373">Zorrinho</Member.Name></Result.PoliticalGroup.List><Result.PoliticalGroup.List Identifier="Verts/ALE"><Member.Name MepId="5353">Harms</Member.Name></Result.PoliticalGroup.List></Result.Against><Result.Abstention Number="9"><Result.PoliticalGroup.List Identifier="GUE/NGL"><Member.Name MepId="6310">Michels</Member.Name></Result.PoliticalGroup.List><Result.PoliticalGroup.List Identifier="NI"><Member.Name MepId="6676">Papadakis Konstantinos</Member.Name><Member.Name MepId="6673">Zarianopoulos</Member.Name></Result.PoliticalGroup.List><Result.PoliticalGroup.List Identifier="PPE"><Member.Name MepId="6594">Arimont</Member.Name><Member.Name MepId="3800">Coelho</Member.Name><Member.Name MepId="6679">Faria</Member.Name><Member.Name MepId="6684">Rolin</Member.Name><Member.Name MepId="5949">Thun und Hohenstein</Member.Name></Result.PoliticalGroup.List><Result.PoliticalGroup.List Identifier="S&amp;D"><Member.Name MepId="6764">Zoană</Member.Name></Result.PoliticalGroup.List></Result.Abstention></RollCallVote.Result></PV.RollCallVoteResults>