<?xml version="1.0" encoding="UTF-8"?>
<!DOCTYPE PV.RollCallVoteResults SYSTEM "http://www2.europarl.ep.ec/pv/RCV.dtd">
<PV.RollCallVoteResults xmlns:chart="http://openoffice.org/2000/chart" xmlns:dr3d="http://openoffice.org/2000/dr3d" xmlns:draw="http://openoffice.org/2000/drawing" xmlns:fo="http://www.w3.org/1999/XSL/Format" xmlns:form="http://openoffice.org/2000/form" xmlns:ino="http://namespaces.softwareag.com/tamino/response2" xmlns:math="http://www.w3.org/1998/Math/MathML" xmlns:number="http://openoffice.org/2000/datastyle" xmlns:office="http://openoffice.org/2000/office" xmlns:script="http://openoffice.org/2000/script" xmlns:style="http://openoffice.org/2000/style" xmlns:svg="http://www.w3.org/2000/svg" xmlns:table="http://openoffice.org/2000/table" xmlns:text="http://openoffice.org/2000/text" xmlns:xlink="http://www.w3.org/1999/xlink" xmlns:xql="http://metalab.unc.edu/xql/" Sitting.Identifier="1318" Sitting.Date="2019-11-25" EP.Reference="P9_PV(2019)11-25" EP.Number="PE 644.713" Document.Language="XL"><RollCallVoteResults.Titles><RollCallVoteResults.Title.Text Language="BG">ПРОТОКОЛ<text:line-break />Резултат от поименни гласувания - Приложение 2</RollCallVoteResults.Title.Text><RollCallVoteResults.Title.Text Language="CS">ZÁPIS<text:line-break />Výsledek jmenovitého hlasování - Příloha 2</RollCallVoteResults.Title.Text><RollCallVoteResults.Title.Text Language="DA">PROTOKOL<text:line-break />Resultat af afstemningerne ved navneopråb - Bilag 2</RollCallVoteResults.Title.Text><RollCallVoteResults.Title.Text Language="DE">PROTOKOLL<text:line-break />Ergebnis der namentlichen Abstimmungen - Anlage 2</RollCallVoteResults.Title.Text><RollCallVoteResults.Title.Text Language="EL">ΣΥΝΟΠΤIΚΑ ΠΡΑΚΤIΚΑ<text:line-break />Αποτέλεσμα των ψηφοφοριών με ονομαστική κλήση - Παράρτηµα 2</RollCallVoteResults.Title.Text><RollCallVoteResults.Title.Text Language="EN">MINUTES<text:line-break />Result of roll-call votes - Annex 2</RollCallVoteResults.Title.Text><RollCallVoteResults.Title.Text Language="ES">ACTA<text:line-break />Resultados de las votaciones nominales - Anexo 2</RollCallVoteResults.Title.Text><RollCallVoteResults.Title.Text Language="ET">PROTOKOLL<text:line-break />Nimelise hääletuse tulemused - lisa 2</RollCallVoteResults.Title.Text><RollCallVoteResults.Title.Text Language="FI">PÖYTÄKIRJA<text:line-break />Nimenhuutoäänestysten tulokset - Liite 2</RollCallVoteResults.Title.Text><RollCallVoteResults.Title.Text Language="FR">PROCÈS-VERBAL<text:line-break />Résultat des votes par appel nominal - Annexe 2</RollCallVoteResults.Title.Text><RollCallVoteResults.Title.Text Language="HR">ZAPISNIK<text:line-break />Rezultat poimeničnog glasovanja - Prilog 2</RollCallVoteResults.Title.Text><RollCallVoteResults.Title.Text Language="HU">JEGYZŐKÖNYV<text:line-break />A név szerinti szavazások eredménye - melléklet 2</RollCallVoteResults.Title.Text><RollCallVoteResults.Title.Text Language="IT">PROCESSO VERBALE<text:line-break />Risultato delle votazioni per appello nominale - Allegato 2</RollCallVoteResults.Title.Text><RollCallVoteResults.Title.Text Language="LT">PROTOKOLAS<text:line-break />Vardinio balsavimo rezultatai - priedas 2</RollCallVoteResults.Title.Text><RollCallVoteResults.Title.Text Language="LV">PROTOKOLS<text:line-break />Rezultāti balsošanai pēc saraksta - pielikums 2</RollCallVoteResults.Title.Text><RollCallVoteResults.Title.Text Language="MT">MINUTI<text:line-break />Riżultat tal-votazzjoni bis-sejħa tal-ismijiet - Anness 2</RollCallVoteResults.Title.Text><RollCallVoteResults.Title.Text Language="NL">NOTULEN<text:line-break />Uitslag van de hoofdelijke stemmingen - Bijlage 2</RollCallVoteResults.Title.Text><RollCallVoteResults.Title.Text Language="PL">PROTOKÓŁ<text:line-break />Wyniki głosowań imiennych - Załącznik 2</RollCallVoteResults.Title.Text><RollCallVoteResults.Title.Text Language="PT">ATA<text:line-break />Resultados das votações nominais - Anexo 2</RollCallVoteResults.Title.Text><RollCallVoteResults.Title.Text Language="RO">PROCES-VERBAL<text:line-break />Rezultatul voturilor prin apel nominal - Anexa 2</RollCallVoteResults.Title.Text><RollCallVoteResults.Title.Text Language="SK">ZÁPISNICA<text:line-break />Výsledok hlasovania podľa mien - Príloha 2</RollCallVoteResults.Title.Text><RollCallVoteResults.Title.Text Language="SL">ZAPISNIK<text:line-break />Izid poimenskega glasovanja - Priloga 2</RollCallVoteResults.Title.Text><RollCallVoteResults.Title.Text Language="SV">PROTOKOLL<text:line-break />Resultat av omröstningarna med namnupprop - Bilaga 2</RollCallVoteResults.Title.Text></RollCallVoteResults.Titles><RollCallVote.Result Identifier="110121" Date="2019-11-25 17:17:33"><RollCallVote.Description.Text>Ordre du jour de mardi - demande du groupe GUE/NGL</RollCallVote.Description.Text><Result.For Number="248"><Result.PoliticalGroup.List Identifier="GUE/NGL"><PoliticalGroup.Member.Name MepId="6926">Aubry</PoliticalGroup.Member.Name><PoliticalGroup.Member.Name MepId="6604">Björk</PoliticalGroup.Member.Name><PoliticalGroup.Member.Name MepId="6914">Bompard</PoliticalGroup.Member.Name><PoliticalGroup.Member.Name MepId="6873">Botenga</PoliticalGroup.Member.Name><PoliticalGroup.Member.Name MepId="6598">Carthy</PoliticalGroup.Member.Name><PoliticalGroup.Member.Name MepId="6922">Chaibi</PoliticalGroup.Member.Name><PoliticalGroup.Member.Name MepId="6865">Demirel</PoliticalGroup.Member.Name><PoliticalGroup.Member.Name MepId="7133">Gusmão</PoliticalGroup.Member.Name><PoliticalGroup.Member.Name MepId="6628">Hazekamp</PoliticalGroup.Member.Name><PoliticalGroup.Member.Name MepId="6814">Kizilyürek</PoliticalGroup.Member.Name><PoliticalGroup.Member.Name MepId="7126">Kokkalis</PoliticalGroup.Member.Name><PoliticalGroup.Member.Name MepId="5039">Konečná</PoliticalGroup.Member.Name><PoliticalGroup.Member.Name MepId="7087">Kountoura</PoliticalGroup.Member.Name><PoliticalGroup.Member.Name MepId="5992">Matias</PoliticalGroup.Member.Name><PoliticalGroup.Member.Name MepId="6310">Michels</PoliticalGroup.Member.Name><PoliticalGroup.Member.Name MepId="6250">Omarjee</PoliticalGroup.Member.Name><PoliticalGroup.Member.Name MepId="5596">Papadimoulis</PoliticalGroup.Member.Name><PoliticalGroup.Member.Name MepId="6920">Pelletier</PoliticalGroup.Member.Name><PoliticalGroup.Member.Name MepId="7138">Pereira Sandra</PoliticalGroup.Member.Name><PoliticalGroup.Member.Name MepId="6758">Schirdewan</PoliticalGroup.Member.Name><PoliticalGroup.Member.Name MepId="5837">Scholz</PoliticalGroup.Member.Name><PoliticalGroup.Member.Name MepId="6961">Villumsen</PoliticalGroup.Member.Name><PoliticalGroup.Member.Name MepId="7202">Wallace</PoliticalGroup.Member.Name></Result.PoliticalGroup.List><Result.PoliticalGroup.List Identifier="NI"><PoliticalGroup.Member.Name MepId="6468">Adinolfi Isabella</PoliticalGroup.Member.Name><PoliticalGroup.Member.Name MepId="6446">Castaldo</PoliticalGroup.Member.Name><PoliticalGroup.Member.Name MepId="6413">Evi</PoliticalGroup.Member.Name><PoliticalGroup.Member.Name MepId="6470">Ferrara</PoliticalGroup.Member.Name><PoliticalGroup.Member.Name MepId="7180">Furore</PoliticalGroup.Member.Name><PoliticalGroup.Member.Name MepId="7179">Gemma</PoliticalGroup.Member.Name><PoliticalGroup.Member.Name MepId="7116">Nikolaou-Alavanos</PoliticalGroup.Member.Name><PoliticalGroup.Member.Name MepId="6482">Pedicini</PoliticalGroup.Member.Name><PoliticalGroup.Member.Name MepId="7010">Pignedoli</PoliticalGroup.Member.Name><PoliticalGroup.Member.Name MepId="7177">Rondinelli</PoliticalGroup.Member.Name><PoliticalGroup.Member.Name MepId="6471">Sonneborn</PoliticalGroup.Member.Name></Result.PoliticalGroup.List><Result.PoliticalGroup.List Identifier="PPE"><PoliticalGroup.Member.Name MepId="6885">Arłukowicz</PoliticalGroup.Member.Name><PoliticalGroup.Member.Name MepId="6929">Colin-Oesterlé</PoliticalGroup.Member.Name><PoliticalGroup.Member.Name MepId="7035">Hava</PoliticalGroup.Member.Name><PoliticalGroup.Member.Name MepId="6805">Kokalari</PoliticalGroup.Member.Name><PoliticalGroup.Member.Name MepId="6918">Kopacz</PoliticalGroup.Member.Name><PoliticalGroup.Member.Name MepId="7080">Kympouropoulos</PoliticalGroup.Member.Name><PoliticalGroup.Member.Name MepId="6803">Polfjärd</PoliticalGroup.Member.Name><PoliticalGroup.Member.Name MepId="6801">Tobé</PoliticalGroup.Member.Name><PoliticalGroup.Member.Name MepId="7233">Walsh</PoliticalGroup.Member.Name><PoliticalGroup.Member.Name MepId="6804">Warborn</PoliticalGroup.Member.Name><PoliticalGroup.Member.Name MepId="6908">Weiss</PoliticalGroup.Member.Name><PoliticalGroup.Member.Name MepId="7153">Wiezik</PoliticalGroup.Member.Name></Result.PoliticalGroup.List><Result.PoliticalGroup.List Identifier="Renew"><PoliticalGroup.Member.Name MepId="7230">Alieva-Veli</PoliticalGroup.Member.Name><PoliticalGroup.Member.Name MepId="6799">Al-Sahlani</PoliticalGroup.Member.Name><PoliticalGroup.Member.Name MepId="6327">Ansip</PoliticalGroup.Member.Name><PoliticalGroup.Member.Name MepId="6400">Auštrevičius</PoliticalGroup.Member.Name><PoliticalGroup.Member.Name MepId="7165">Azmani</PoliticalGroup.Member.Name><PoliticalGroup.Member.Name MepId="6256">Bennion</PoliticalGroup.Member.Name><PoliticalGroup.Member.Name MepId="6944">Bijoux</PoliticalGroup.Member.Name><PoliticalGroup.Member.Name MepId="6089">Bilbao Barandica</PoliticalGroup.Member.Name><PoliticalGroup.Member.Name MepId="7057">Botoş</PoliticalGroup.Member.Name><PoliticalGroup.Member.Name MepId="6967">Boyer</PoliticalGroup.Member.Name><PoliticalGroup.Member.Name MepId="7104">Brophy</PoliticalGroup.Member.Name><PoliticalGroup.Member.Name MepId="6966">Brunet</PoliticalGroup.Member.Name><PoliticalGroup.Member.Name MepId="7121">Bunting</PoliticalGroup.Member.Name><PoliticalGroup.Member.Name MepId="6973">Cañas</PoliticalGroup.Member.Name><PoliticalGroup.Member.Name MepId="5891">Canfin</PoliticalGroup.Member.Name><PoliticalGroup.Member.Name MepId="6899">Chabaud</PoliticalGroup.Member.Name><PoliticalGroup.Member.Name MepId="6339">Charanzová</PoliticalGroup.Member.Name><PoliticalGroup.Member.Name MepId="6860">Chastel</PoliticalGroup.Member.Name><PoliticalGroup.Member.Name MepId="7021">Cioloş</PoliticalGroup.Member.Name><PoliticalGroup.Member.Name MepId="6978">Cseh</PoliticalGroup.Member.Name><PoliticalGroup.Member.Name MepId="4958">Davies</PoliticalGroup.Member.Name><PoliticalGroup.Member.Name MepId="6898">Decerle</PoliticalGroup.Member.Name><PoliticalGroup.Member.Name MepId="6987">Donáth</PoliticalGroup.Member.Name><PoliticalGroup.Member.Name MepId="6324">Durand</PoliticalGroup.Member.Name><PoliticalGroup.Member.Name MepId="6828">Eroglu</PoliticalGroup.Member.Name><PoliticalGroup.Member.Name MepId="6980">Farreng</PoliticalGroup.Member.Name><PoliticalGroup.Member.Name MepId="6601">Federley</PoliticalGroup.Member.Name><PoliticalGroup.Member.Name MepId="6818">Flego</PoliticalGroup.Member.Name><PoliticalGroup.Member.Name MepId="7022">Gamon</PoliticalGroup.Member.Name><PoliticalGroup.Member.Name MepId="6947">Garicano</PoliticalGroup.Member.Name><PoliticalGroup.Member.Name MepId="6840">Glück</PoliticalGroup.Member.Name><PoliticalGroup.Member.Name MepId="6849">Grošelj</PoliticalGroup.Member.Name><PoliticalGroup.Member.Name MepId="6950">Grudler</PoliticalGroup.Member.Name><PoliticalGroup.Member.Name MepId="6936">Guetta</PoliticalGroup.Member.Name><PoliticalGroup.Member.Name MepId="6841">Hahn Svenja</PoliticalGroup.Member.Name><PoliticalGroup.Member.Name MepId="6959">Hayer</PoliticalGroup.Member.Name><PoliticalGroup.Member.Name MepId="6919">Hlaváček</PoliticalGroup.Member.Name><PoliticalGroup.Member.Name MepId="7154">Hojsík</PoliticalGroup.Member.Name><PoliticalGroup.Member.Name MepId="7139">Horwood</PoliticalGroup.Member.Name><PoliticalGroup.Member.Name MepId="6622">Huitema</PoliticalGroup.Member.Name><PoliticalGroup.Member.Name MepId="7014">Ijabs</PoliticalGroup.Member.Name><PoliticalGroup.Member.Name MepId="5385">in 't Veld</PoliticalGroup.Member.Name><PoliticalGroup.Member.Name MepId="6800">Karlsbro</PoliticalGroup.Member.Name><PoliticalGroup.Member.Name MepId="5021">Keller Fabienne</PoliticalGroup.Member.Name><PoliticalGroup.Member.Name MepId="6917">Kovařík</PoliticalGroup.Member.Name><PoliticalGroup.Member.Name MepId="6504">Kyuchyuk</PoliticalGroup.Member.Name><PoliticalGroup.Member.Name MepId="6887">Loiseau</PoliticalGroup.Member.Name><PoliticalGroup.Member.Name MepId="6915">Maxová</PoliticalGroup.Member.Name><PoliticalGroup.Member.Name MepId="7196">Mohammed</PoliticalGroup.Member.Name><PoliticalGroup.Member.Name MepId="6500">Müller</PoliticalGroup.Member.Name><PoliticalGroup.Member.Name MepId="6996">Nethsingha</PoliticalGroup.Member.Name><PoliticalGroup.Member.Name MepId="6830">Oetjen</PoliticalGroup.Member.Name><PoliticalGroup.Member.Name MepId="6644">Pagazaurtundúa</PoliticalGroup.Member.Name><PoliticalGroup.Member.Name MepId="7235">Rafaela</PoliticalGroup.Member.Name><PoliticalGroup.Member.Name MepId="6056">Riquet</PoliticalGroup.Member.Name><PoliticalGroup.Member.Name MepId="4767">Rodríguez Ramos</PoliticalGroup.Member.Name><PoliticalGroup.Member.Name MepId="7236">Schreinemacher</PoliticalGroup.Member.Name><PoliticalGroup.Member.Name MepId="6902">Séjourné</PoliticalGroup.Member.Name><PoliticalGroup.Member.Name MepId="6817">Semedo</PoliticalGroup.Member.Name><PoliticalGroup.Member.Name MepId="7168">Solís Pérez</PoliticalGroup.Member.Name><PoliticalGroup.Member.Name MepId="7055">Ştefănuță</PoliticalGroup.Member.Name><PoliticalGroup.Member.Name MepId="7058">Strugariu</PoliticalGroup.Member.Name><PoliticalGroup.Member.Name MepId="6281">Torvalds</PoliticalGroup.Member.Name><PoliticalGroup.Member.Name MepId="6985">Trillet-Lenoir</PoliticalGroup.Member.Name><PoliticalGroup.Member.Name MepId="7054">Tudorache</PoliticalGroup.Member.Name><PoliticalGroup.Member.Name MepId="6710">Vautmans</PoliticalGroup.Member.Name><PoliticalGroup.Member.Name MepId="6896">Vedrenne</PoliticalGroup.Member.Name><PoliticalGroup.Member.Name MepId="6159">Verhofstadt</PoliticalGroup.Member.Name><PoliticalGroup.Member.Name MepId="7132">Voaden</PoliticalGroup.Member.Name><PoliticalGroup.Member.Name MepId="6971">Yon-Courtin</PoliticalGroup.Member.Name><PoliticalGroup.Member.Name MepId="6892">Zacharopoulou</PoliticalGroup.Member.Name></Result.PoliticalGroup.List><Result.PoliticalGroup.List Identifier="S&amp;D"><PoliticalGroup.Member.Name MepId="6651">Aguilera</PoliticalGroup.Member.Name><PoliticalGroup.Member.Name MepId="6977">Ara-Kovács</PoliticalGroup.Member.Name><PoliticalGroup.Member.Name MepId="6553">Arena</PoliticalGroup.Member.Name><PoliticalGroup.Member.Name MepId="7040">Avram</PoliticalGroup.Member.Name><PoliticalGroup.Member.Name MepId="6888">Balt</PoliticalGroup.Member.Name><PoliticalGroup.Member.Name MepId="6505">Benifei</PoliticalGroup.Member.Name><PoliticalGroup.Member.Name MepId="5173">Beňová</PoliticalGroup.Member.Name><PoliticalGroup.Member.Name MepId="6796">Bergkvist</PoliticalGroup.Member.Name><PoliticalGroup.Member.Name MepId="6891">Biedroń</PoliticalGroup.Member.Name><PoliticalGroup.Member.Name MepId="6833">Bischoff</PoliticalGroup.Member.Name><PoliticalGroup.Member.Name MepId="6449">Bonafè</PoliticalGroup.Member.Name><PoliticalGroup.Member.Name MepId="6264">Borzan</PoliticalGroup.Member.Name><PoliticalGroup.Member.Name MepId="6843">Brglez</PoliticalGroup.Member.Name><PoliticalGroup.Member.Name MepId="7030">Cerdas</PoliticalGroup.Member.Name><PoliticalGroup.Member.Name MepId="7166">Chahim</PoliticalGroup.Member.Name><PoliticalGroup.Member.Name MepId="7046">Ciuhodaru</PoliticalGroup.Member.Name><PoliticalGroup.Member.Name MepId="5661">Crețu</PoliticalGroup.Member.Name><PoliticalGroup.Member.Name MepId="6794">Cutajar</PoliticalGroup.Member.Name><PoliticalGroup.Member.Name MepId="6806">Danielsson</PoliticalGroup.Member.Name><PoliticalGroup.Member.Name MepId="6458">Danti</PoliticalGroup.Member.Name><PoliticalGroup.Member.Name MepId="6062">De Castro</PoliticalGroup.Member.Name><PoliticalGroup.Member.Name MepId="6969">Dobrev</PoliticalGroup.Member.Name><PoliticalGroup.Member.Name MepId="6080">Fajon</PoliticalGroup.Member.Name><PoliticalGroup.Member.Name MepId="6652">Fernández</PoliticalGroup.Member.Name><PoliticalGroup.Member.Name MepId="6955">Fuglsang</PoliticalGroup.Member.Name><PoliticalGroup.Member.Name MepId="7105">García Del Blanco</PoliticalGroup.Member.Name><PoliticalGroup.Member.Name MepId="7125">García Muñoz</PoliticalGroup.Member.Name><PoliticalGroup.Member.Name MepId="5417">García Pérez</PoliticalGroup.Member.Name><PoliticalGroup.Member.Name MepId="6130">Gardiazabal Rubial</PoliticalGroup.Member.Name><PoliticalGroup.Member.Name MepId="3827">Gebhardt</PoliticalGroup.Member.Name><PoliticalGroup.Member.Name MepId="7082">Glucksmann</PoliticalGroup.Member.Name><PoliticalGroup.Member.Name MepId="7106">González Casares</PoliticalGroup.Member.Name><PoliticalGroup.Member.Name MepId="6419">Grapini</PoliticalGroup.Member.Name><PoliticalGroup.Member.Name MepId="6580">Griffin</PoliticalGroup.Member.Name><PoliticalGroup.Member.Name MepId="6107">Guillaume</PoliticalGroup.Member.Name><PoliticalGroup.Member.Name MepId="6603">Guteland</PoliticalGroup.Member.Name><PoliticalGroup.Member.Name MepId="7146">Hajšel</PoliticalGroup.Member.Name><PoliticalGroup.Member.Name MepId="7070">Heide</PoliticalGroup.Member.Name><PoliticalGroup.Member.Name MepId="7185">Heinäluoma</PoliticalGroup.Member.Name><PoliticalGroup.Member.Name MepId="6745">Howarth</PoliticalGroup.Member.Name><PoliticalGroup.Member.Name MepId="7229">Hristov</PoliticalGroup.Member.Name><PoliticalGroup.Member.Name MepId="6792">Incir</PoliticalGroup.Member.Name><PoliticalGroup.Member.Name MepId="7142">Jones</PoliticalGroup.Member.Name><PoliticalGroup.Member.Name MepId="6624">Jongerius</PoliticalGroup.Member.Name><PoliticalGroup.Member.Name MepId="6009">Kammerevert</PoliticalGroup.Member.Name><PoliticalGroup.Member.Name MepId="6571">Kirton-Darling</PoliticalGroup.Member.Name><PoliticalGroup.Member.Name MepId="6916">Kohut</PoliticalGroup.Member.Name><PoliticalGroup.Member.Name MepId="6459">Köster</PoliticalGroup.Member.Name><PoliticalGroup.Member.Name MepId="7085">Lalucq</PoliticalGroup.Member.Name><PoliticalGroup.Member.Name MepId="7086">Larrouturou</PoliticalGroup.Member.Name><PoliticalGroup.Member.Name MepId="6984">Majorino</PoliticalGroup.Member.Name><PoliticalGroup.Member.Name MepId="7023">Marques Pedro</PoliticalGroup.Member.Name><PoliticalGroup.Member.Name MepId="6890">Mikser</PoliticalGroup.Member.Name><PoliticalGroup.Member.Name MepId="6933">Miller</PoliticalGroup.Member.Name><PoliticalGroup.Member.Name MepId="6351">Molnár</PoliticalGroup.Member.Name><PoliticalGroup.Member.Name MepId="4923">Moraes</PoliticalGroup.Member.Name><PoliticalGroup.Member.Name MepId="5466">Moreno Sánchez</PoliticalGroup.Member.Name><PoliticalGroup.Member.Name MepId="6016">Neuser</PoliticalGroup.Member.Name><PoliticalGroup.Member.Name MepId="6323">Papadakis Demetris</PoliticalGroup.Member.Name><PoliticalGroup.Member.Name MepId="6484">Picierno</PoliticalGroup.Member.Name><PoliticalGroup.Member.Name MepId="6982">Pisapia</PoliticalGroup.Member.Name><PoliticalGroup.Member.Name MepId="7114">Pizarro</PoliticalGroup.Member.Name><PoliticalGroup.Member.Name MepId="6136">Regner</PoliticalGroup.Member.Name><PoliticalGroup.Member.Name MepId="7186">Roberti</PoliticalGroup.Member.Name><PoliticalGroup.Member.Name MepId="7128">Ruiz Devesa</PoliticalGroup.Member.Name><PoliticalGroup.Member.Name MepId="7110">Sánchez Amor</PoliticalGroup.Member.Name><PoliticalGroup.Member.Name MepId="7039">Santos</PoliticalGroup.Member.Name><PoliticalGroup.Member.Name MepId="5713">Schaldemose</PoliticalGroup.Member.Name><PoliticalGroup.Member.Name MepId="7059">Schieder</PoliticalGroup.Member.Name><PoliticalGroup.Member.Name MepId="6826">Schmit</PoliticalGroup.Member.Name><PoliticalGroup.Member.Name MepId="6475">Schuster</PoliticalGroup.Member.Name><PoliticalGroup.Member.Name MepId="7065">Sidl</PoliticalGroup.Member.Name><PoliticalGroup.Member.Name MepId="6093">Sippel</PoliticalGroup.Member.Name><PoliticalGroup.Member.Name MepId="7176">Smeriglio</PoliticalGroup.Member.Name><PoliticalGroup.Member.Name MepId="6943">Spurek</PoliticalGroup.Member.Name><PoliticalGroup.Member.Name MepId="7044">Terheş</PoliticalGroup.Member.Name><PoliticalGroup.Member.Name MepId="6983">Tinagli</PoliticalGroup.Member.Name><PoliticalGroup.Member.Name MepId="6336">Ujhelyi</PoliticalGroup.Member.Name><PoliticalGroup.Member.Name MepId="7195">Ušakovs</PoliticalGroup.Member.Name><PoliticalGroup.Member.Name MepId="4990">Van Brempt</PoliticalGroup.Member.Name><PoliticalGroup.Member.Name MepId="7251">Vind</PoliticalGroup.Member.Name><PoliticalGroup.Member.Name MepId="7066">Vollath</PoliticalGroup.Member.Name><PoliticalGroup.Member.Name MepId="6582">Ward</PoliticalGroup.Member.Name><PoliticalGroup.Member.Name MepId="6735">Wölken</PoliticalGroup.Member.Name><PoliticalGroup.Member.Name MepId="7249">Wolters</PoliticalGroup.Member.Name></Result.PoliticalGroup.List><Result.PoliticalGroup.List Identifier="Verts/ALE"><PoliticalGroup.Member.Name MepId="7033">Allard</PoliticalGroup.Member.Name><PoliticalGroup.Member.Name MepId="6845">Andresen</PoliticalGroup.Member.Name><PoliticalGroup.Member.Name MepId="5291">Auken</PoliticalGroup.Member.Name><PoliticalGroup.Member.Name MepId="6905">Biteau</PoliticalGroup.Member.Name><PoliticalGroup.Member.Name MepId="6837">Boeselager</PoliticalGroup.Member.Name><PoliticalGroup.Member.Name MepId="6829">Breyer</PoliticalGroup.Member.Name><PoliticalGroup.Member.Name MepId="6867">Bricmont</PoliticalGroup.Member.Name><PoliticalGroup.Member.Name MepId="6455">Buchner</PoliticalGroup.Member.Name><PoliticalGroup.Member.Name MepId="6964">Carême</PoliticalGroup.Member.Name><PoliticalGroup.Member.Name MepId="6847">Cavazzini</PoliticalGroup.Member.Name><PoliticalGroup.Member.Name MepId="7102">Chowns</PoliticalGroup.Member.Name><PoliticalGroup.Member.Name MepId="7043">Cuffe</PoliticalGroup.Member.Name><PoliticalGroup.Member.Name MepId="6924">Delbos-Corfield</PoliticalGroup.Member.Name><PoliticalGroup.Member.Name MepId="6040">Delli</PoliticalGroup.Member.Name><PoliticalGroup.Member.Name MepId="6868">De Sutter</PoliticalGroup.Member.Name><PoliticalGroup.Member.Name MepId="7004">Dowding</PoliticalGroup.Member.Name><PoliticalGroup.Member.Name MepId="5899">Eickhout</PoliticalGroup.Member.Name><PoliticalGroup.Member.Name MepId="6775">Franz</PoliticalGroup.Member.Name><PoliticalGroup.Member.Name MepId="6851">Freund</PoliticalGroup.Member.Name><PoliticalGroup.Member.Name MepId="6854">Hahn Henrike</PoliticalGroup.Member.Name><PoliticalGroup.Member.Name MepId="6797">Holmgren</PoliticalGroup.Member.Name><PoliticalGroup.Member.Name MepId="5908">Keller Ska</PoliticalGroup.Member.Name><PoliticalGroup.Member.Name MepId="6939">Kolaja</PoliticalGroup.Member.Name><PoliticalGroup.Member.Name MepId="6795">Kuhnke</PoliticalGroup.Member.Name><PoliticalGroup.Member.Name MepId="6857">Lagodinsky</PoliticalGroup.Member.Name><PoliticalGroup.Member.Name MepId="6858">Langensiepen</PoliticalGroup.Member.Name><PoliticalGroup.Member.Name MepId="7028">McLeod</PoliticalGroup.Member.Name><PoliticalGroup.Member.Name MepId="7197">Magid</PoliticalGroup.Member.Name><PoliticalGroup.Member.Name MepId="6861">Neumann</PoliticalGroup.Member.Name><PoliticalGroup.Member.Name MepId="6862">Nienaß</PoliticalGroup.Member.Name><PoliticalGroup.Member.Name MepId="7240">O'Sullivan</PoliticalGroup.Member.Name><PoliticalGroup.Member.Name MepId="6863">Paulus</PoliticalGroup.Member.Name><PoliticalGroup.Member.Name MepId="6963">Peter-Hansen</PoliticalGroup.Member.Name><PoliticalGroup.Member.Name MepId="7098">Phillips Alexandra Louise Rosenfield</PoliticalGroup.Member.Name><PoliticalGroup.Member.Name MepId="6529">Reintke</PoliticalGroup.Member.Name><PoliticalGroup.Member.Name MepId="6900">Roose</PoliticalGroup.Member.Name><PoliticalGroup.Member.Name MepId="6893">Satouri</PoliticalGroup.Member.Name><PoliticalGroup.Member.Name MepId="6560">Scott Cato</PoliticalGroup.Member.Name><PoliticalGroup.Member.Name MepId="6822">Semsrott</PoliticalGroup.Member.Name><PoliticalGroup.Member.Name MepId="7156">Strik</PoliticalGroup.Member.Name><PoliticalGroup.Member.Name MepId="6894">Toussaint</PoliticalGroup.Member.Name><PoliticalGroup.Member.Name MepId="6591">Urtasun</PoliticalGroup.Member.Name><PoliticalGroup.Member.Name MepId="7237">Van Sparrentak</PoliticalGroup.Member.Name><PoliticalGroup.Member.Name MepId="6848">Von Cramon-Taubadel</PoliticalGroup.Member.Name><PoliticalGroup.Member.Name MepId="7064">Wiener</PoliticalGroup.Member.Name><PoliticalGroup.Member.Name MepId="6904">Yenbou</PoliticalGroup.Member.Name></Result.PoliticalGroup.List></Result.For><Result.Against Number="146"><Result.PoliticalGroup.List Identifier="ECR"><PoliticalGroup.Member.Name MepId="6864">Bourgeois</PoliticalGroup.Member.Name><PoliticalGroup.Member.Name MepId="6511">Dzhambazki</PoliticalGroup.Member.Name><PoliticalGroup.Member.Name MepId="4880">Fitto</PoliticalGroup.Member.Name><PoliticalGroup.Member.Name MepId="6834">Geuking</PoliticalGroup.Member.Name><PoliticalGroup.Member.Name MepId="6911">Jurgiel</PoliticalGroup.Member.Name><PoliticalGroup.Member.Name MepId="6866">Kanko</PoliticalGroup.Member.Name><PoliticalGroup.Member.Name MepId="6913">Kloc</PoliticalGroup.Member.Name><PoliticalGroup.Member.Name MepId="6923">Kopcińska</PoliticalGroup.Member.Name><PoliticalGroup.Member.Name MepId="6530">Krasnodębski</PoliticalGroup.Member.Name><PoliticalGroup.Member.Name MepId="5507">Kuźmiuk</PoliticalGroup.Member.Name><PoliticalGroup.Member.Name MepId="6234">McIntyre</PoliticalGroup.Member.Name><PoliticalGroup.Member.Name MepId="6931">Mazurek</PoliticalGroup.Member.Name><PoliticalGroup.Member.Name MepId="6934">Możdżanowska</PoliticalGroup.Member.Name><PoliticalGroup.Member.Name MepId="7157">Ruissen</PoliticalGroup.Member.Name><PoliticalGroup.Member.Name MepId="7231">Slabakov</PoliticalGroup.Member.Name><PoliticalGroup.Member.Name MepId="6300">Tomašić</PoliticalGroup.Member.Name><PoliticalGroup.Member.Name MepId="5892">Tošenovský</PoliticalGroup.Member.Name><PoliticalGroup.Member.Name MepId="6930">Vondra</PoliticalGroup.Member.Name><PoliticalGroup.Member.Name MepId="6808">Weimers</PoliticalGroup.Member.Name><PoliticalGroup.Member.Name MepId="6962">Zalewska</PoliticalGroup.Member.Name></Result.PoliticalGroup.List><Result.PoliticalGroup.List Identifier="ID"><PoliticalGroup.Member.Name MepId="7211">Adinolfi Matteo</PoliticalGroup.Member.Name><PoliticalGroup.Member.Name MepId="6872">Anderson Christine</PoliticalGroup.Member.Name><PoliticalGroup.Member.Name MepId="7079">Androuët</PoliticalGroup.Member.Name><PoliticalGroup.Member.Name MepId="7174">Baldassarre</PoliticalGroup.Member.Name><PoliticalGroup.Member.Name MepId="6988">Bardella</PoliticalGroup.Member.Name><PoliticalGroup.Member.Name MepId="7001">Basso</PoliticalGroup.Member.Name><PoliticalGroup.Member.Name MepId="7068">Beigneux</PoliticalGroup.Member.Name><PoliticalGroup.Member.Name MepId="6405">Bilde</PoliticalGroup.Member.Name><PoliticalGroup.Member.Name MepId="6179">Bizzotto</PoliticalGroup.Member.Name><PoliticalGroup.Member.Name MepId="7076">Bruna</PoliticalGroup.Member.Name><PoliticalGroup.Member.Name MepId="6876">Buchheit</PoliticalGroup.Member.Name><PoliticalGroup.Member.Name MepId="7181">Casanova</PoliticalGroup.Member.Name><PoliticalGroup.Member.Name MepId="7007">Conte</PoliticalGroup.Member.Name><PoliticalGroup.Member.Name MepId="6999">Da Re</PoliticalGroup.Member.Name><PoliticalGroup.Member.Name MepId="7005">Dreosto</PoliticalGroup.Member.Name><PoliticalGroup.Member.Name MepId="6877">Fest</PoliticalGroup.Member.Name><PoliticalGroup.Member.Name MepId="7018">Garraud</PoliticalGroup.Member.Name><PoliticalGroup.Member.Name MepId="7184">Grant</PoliticalGroup.Member.Name><PoliticalGroup.Member.Name MepId="7019">Griset</PoliticalGroup.Member.Name><PoliticalGroup.Member.Name MepId="6751">Jamet</PoliticalGroup.Member.Name><PoliticalGroup.Member.Name MepId="7017">Joron</PoliticalGroup.Member.Name><PoliticalGroup.Member.Name MepId="6771">Lancini</PoliticalGroup.Member.Name><PoliticalGroup.Member.Name MepId="6990">Laporte</PoliticalGroup.Member.Name><PoliticalGroup.Member.Name MepId="7074">Lechanteux</PoliticalGroup.Member.Name><PoliticalGroup.Member.Name MepId="6880">Limmer</PoliticalGroup.Member.Name><PoliticalGroup.Member.Name MepId="7002">Lizzi</PoliticalGroup.Member.Name><PoliticalGroup.Member.Name MepId="7013">Mariani</PoliticalGroup.Member.Name><PoliticalGroup.Member.Name MepId="6399">Mélin</PoliticalGroup.Member.Name><PoliticalGroup.Member.Name MepId="6759">Meuthen</PoliticalGroup.Member.Name><PoliticalGroup.Member.Name MepId="7075">Olivier</PoliticalGroup.Member.Name><PoliticalGroup.Member.Name MepId="7020">Pirbakas</PoliticalGroup.Member.Name><PoliticalGroup.Member.Name MepId="7171">Rinaldi</PoliticalGroup.Member.Name><PoliticalGroup.Member.Name MepId="7006">Rivière</PoliticalGroup.Member.Name><PoliticalGroup.Member.Name MepId="7078">Rougé</PoliticalGroup.Member.Name><PoliticalGroup.Member.Name MepId="6968">Sardone</PoliticalGroup.Member.Name><PoliticalGroup.Member.Name MepId="7191">Tardino</PoliticalGroup.Member.Name><PoliticalGroup.Member.Name MepId="6970">Tovaglieri</PoliticalGroup.Member.Name><PoliticalGroup.Member.Name MepId="7183">Vuolo</PoliticalGroup.Member.Name><PoliticalGroup.Member.Name MepId="6882">Zimniok</PoliticalGroup.Member.Name></Result.PoliticalGroup.List><Result.PoliticalGroup.List Identifier="NI"><PoliticalGroup.Member.Name MepId="7243">Gyöngyösi</PoliticalGroup.Member.Name><PoliticalGroup.Member.Name MepId="6836">Kolakušić</PoliticalGroup.Member.Name><PoliticalGroup.Member.Name MepId="7147">Uhrík</PoliticalGroup.Member.Name></Result.PoliticalGroup.List><Result.PoliticalGroup.List Identifier="PPE"><PoliticalGroup.Member.Name MepId="6755">Ademov</PoliticalGroup.Member.Name><PoliticalGroup.Member.Name MepId="7219">Alexandrov Yordanov</PoliticalGroup.Member.Name><PoliticalGroup.Member.Name MepId="5980">Arias Echeverría</PoliticalGroup.Member.Name><PoliticalGroup.Member.Name MepId="6927">Bellamy</PoliticalGroup.Member.Name><PoliticalGroup.Member.Name MepId="6807">Bentele</PoliticalGroup.Member.Name><PoliticalGroup.Member.Name MepId="6809">Berger</PoliticalGroup.Member.Name><PoliticalGroup.Member.Name MepId="7026">Blaga</PoliticalGroup.Member.Name><PoliticalGroup.Member.Name MepId="6343">Bocskor</PoliticalGroup.Member.Name><PoliticalGroup.Member.Name MepId="6613">Bogovič</PoliticalGroup.Member.Name><PoliticalGroup.Member.Name MepId="5388">Buzek</PoliticalGroup.Member.Name><PoliticalGroup.Member.Name MepId="5252">Casa</PoliticalGroup.Member.Name><PoliticalGroup.Member.Name MepId="5341">Caspary</PoliticalGroup.Member.Name><PoliticalGroup.Member.Name MepId="5236">Christoforou</PoliticalGroup.Member.Name><PoliticalGroup.Member.Name MepId="5981">van Dalen</PoliticalGroup.Member.Name><PoliticalGroup.Member.Name MepId="6345">Deli</PoliticalGroup.Member.Name><PoliticalGroup.Member.Name MepId="5960">Dorfmann</PoliticalGroup.Member.Name><PoliticalGroup.Member.Name MepId="6810">Düpont</PoliticalGroup.Member.Name><PoliticalGroup.Member.Name MepId="3833">Ferber</PoliticalGroup.Member.Name><PoliticalGroup.Member.Name MepId="6068">Fernandes</PoliticalGroup.Member.Name><PoliticalGroup.Member.Name MepId="6813">Fourlas</PoliticalGroup.Member.Name><PoliticalGroup.Member.Name MepId="6906">Frankowski</PoliticalGroup.Member.Name><PoliticalGroup.Member.Name MepId="6852">Franssen</PoliticalGroup.Member.Name><PoliticalGroup.Member.Name MepId="4659">Gahler</PoliticalGroup.Member.Name><PoliticalGroup.Member.Name MepId="6441">Gieseke</PoliticalGroup.Member.Name><PoliticalGroup.Member.Name MepId="6632">González Pons</PoliticalGroup.Member.Name><PoliticalGroup.Member.Name MepId="6002">Győri</PoliticalGroup.Member.Name><PoliticalGroup.Member.Name MepId="5138">Gyürk</PoliticalGroup.Member.Name><PoliticalGroup.Member.Name MepId="6907">Halicki</PoliticalGroup.Member.Name><PoliticalGroup.Member.Name MepId="6777">Hansen</PoliticalGroup.Member.Name><PoliticalGroup.Member.Name MepId="6318">Hidvéghi</PoliticalGroup.Member.Name><PoliticalGroup.Member.Name MepId="5952">Hübner</PoliticalGroup.Member.Name><PoliticalGroup.Member.Name MepId="5945">Jahr</PoliticalGroup.Member.Name><PoliticalGroup.Member.Name MepId="6910">Jarubas</PoliticalGroup.Member.Name><PoliticalGroup.Member.Name MepId="7223">Juknevičienė</PoliticalGroup.Member.Name><PoliticalGroup.Member.Name MepId="7222">Kanev</PoliticalGroup.Member.Name><PoliticalGroup.Member.Name MepId="4669">Karas</PoliticalGroup.Member.Name><PoliticalGroup.Member.Name MepId="5855">Kelly</PoliticalGroup.Member.Name><PoliticalGroup.Member.Name MepId="6001">Kósa</PoliticalGroup.Member.Name><PoliticalGroup.Member.Name MepId="7226">Kubilius</PoliticalGroup.Member.Name><PoliticalGroup.Member.Name MepId="6592">Lenaers</PoliticalGroup.Member.Name><PoliticalGroup.Member.Name MepId="3855">Liese</PoliticalGroup.Member.Name><PoliticalGroup.Member.Name MepId="6442">Lins</PoliticalGroup.Member.Name><PoliticalGroup.Member.Name MepId="5517">López-Istúriz White</PoliticalGroup.Member.Name><PoliticalGroup.Member.Name MepId="6440">McAllister</PoliticalGroup.Member.Name><PoliticalGroup.Member.Name MepId="6761">Mandl</PoliticalGroup.Member.Name><PoliticalGroup.Member.Name MepId="5646">Marinescu</PoliticalGroup.Member.Name><PoliticalGroup.Member.Name MepId="6483">Maydell</PoliticalGroup.Member.Name><PoliticalGroup.Member.Name MepId="7224">Mažylis</PoliticalGroup.Member.Name><PoliticalGroup.Member.Name MepId="7051">Meimarakis</PoliticalGroup.Member.Name><PoliticalGroup.Member.Name MepId="6297">Metsola</PoliticalGroup.Member.Name><PoliticalGroup.Member.Name MepId="7099">Montserrat</PoliticalGroup.Member.Name><PoliticalGroup.Member.Name MepId="7036">Motreanu</PoliticalGroup.Member.Name><PoliticalGroup.Member.Name MepId="6436">Mureşan</PoliticalGroup.Member.Name><PoliticalGroup.Member.Name MepId="4712">Niebler</PoliticalGroup.Member.Name><PoliticalGroup.Member.Name MepId="6332">Niedermayer</PoliticalGroup.Member.Name><PoliticalGroup.Member.Name MepId="5413">Novak</PoliticalGroup.Member.Name><PoliticalGroup.Member.Name MepId="5407">Olbrycht</PoliticalGroup.Member.Name><PoliticalGroup.Member.Name MepId="6819">Peeters</PoliticalGroup.Member.Name><PoliticalGroup.Member.Name MepId="7120">Pereira Lídia</PoliticalGroup.Member.Name><PoliticalGroup.Member.Name MepId="6072">Rangel</PoliticalGroup.Member.Name><PoliticalGroup.Member.Name MepId="6698">Salini</PoliticalGroup.Member.Name><PoliticalGroup.Member.Name MepId="6370">Sander</PoliticalGroup.Member.Name><PoliticalGroup.Member.Name MepId="6636">Schreijer-Pierik</PoliticalGroup.Member.Name><PoliticalGroup.Member.Name MepId="6790">Skyttedal</PoliticalGroup.Member.Name><PoliticalGroup.Member.Name MepId="6341">Šojdrová</PoliticalGroup.Member.Name><PoliticalGroup.Member.Name MepId="6816">Sokol</PoliticalGroup.Member.Name><PoliticalGroup.Member.Name MepId="6547">Štefanec</PoliticalGroup.Member.Name><PoliticalGroup.Member.Name MepId="6301">Šuica</PoliticalGroup.Member.Name><PoliticalGroup.Member.Name MepId="4482">Tajani</PoliticalGroup.Member.Name><PoliticalGroup.Member.Name MepId="7056">Thaler</PoliticalGroup.Member.Name><PoliticalGroup.Member.Name MepId="7061">Tomac</PoliticalGroup.Member.Name><PoliticalGroup.Member.Name MepId="6681">Tomc</PoliticalGroup.Member.Name><PoliticalGroup.Member.Name MepId="6965">Tóth</PoliticalGroup.Member.Name><PoliticalGroup.Member.Name MepId="5930">Verheyen</PoliticalGroup.Member.Name><PoliticalGroup.Member.Name MepId="7062">Vincze</PoliticalGroup.Member.Name><PoliticalGroup.Member.Name MepId="5934">Voss</PoliticalGroup.Member.Name><PoliticalGroup.Member.Name MepId="5351">Weber</PoliticalGroup.Member.Name><PoliticalGroup.Member.Name MepId="4643">Wieland</PoliticalGroup.Member.Name><PoliticalGroup.Member.Name MepId="6997">Zarzalejos</PoliticalGroup.Member.Name><PoliticalGroup.Member.Name MepId="6344">Zdechovský</PoliticalGroup.Member.Name><PoliticalGroup.Member.Name MepId="7012">Zoido Álvarez</PoliticalGroup.Member.Name><PoliticalGroup.Member.Name MepId="6734">Zovko</PoliticalGroup.Member.Name><PoliticalGroup.Member.Name MepId="6094">Zver</PoliticalGroup.Member.Name></Result.PoliticalGroup.List><Result.PoliticalGroup.List Identifier="S&amp;D"><PoliticalGroup.Member.Name MepId="7122">Homs Ginel</PoliticalGroup.Member.Name></Result.PoliticalGroup.List></Result.Against><Result.Abstention Number="17"><Result.PoliticalGroup.List Identifier="ECR"><PoliticalGroup.Member.Name MepId="7160">Rooken</PoliticalGroup.Member.Name><PoliticalGroup.Member.Name MepId="7097">Roos</PoliticalGroup.Member.Name></Result.PoliticalGroup.List><Result.PoliticalGroup.List Identifier="ID"><PoliticalGroup.Member.Name MepId="6593">Annemans</PoliticalGroup.Member.Name><PoliticalGroup.Member.Name MepId="7246">Haider</PoliticalGroup.Member.Name><PoliticalGroup.Member.Name MepId="7234">Vandendriessche</PoliticalGroup.Member.Name><PoliticalGroup.Member.Name MepId="6610">Vilimsky</PoliticalGroup.Member.Name></Result.PoliticalGroup.List><Result.PoliticalGroup.List Identifier="NI"><PoliticalGroup.Member.Name MepId="7118">De Lucy</PoliticalGroup.Member.Name><PoliticalGroup.Member.Name MepId="7096">Fox</PoliticalGroup.Member.Name><PoliticalGroup.Member.Name MepId="7092">Monteith</PoliticalGroup.Member.Name><PoliticalGroup.Member.Name MepId="6995">Mummery</PoliticalGroup.Member.Name><PoliticalGroup.Member.Name MepId="7011">Patten</PoliticalGroup.Member.Name><PoliticalGroup.Member.Name MepId="7115">Rowland</PoliticalGroup.Member.Name><PoliticalGroup.Member.Name MepId="7093">Tennant</PoliticalGroup.Member.Name></Result.PoliticalGroup.List><Result.PoliticalGroup.List Identifier="PPE"><PoliticalGroup.Member.Name MepId="7155">Bilčík</PoliticalGroup.Member.Name><PoliticalGroup.Member.Name MepId="6666">Kefalogiannis</PoliticalGroup.Member.Name><PoliticalGroup.Member.Name MepId="6662">Kyrtsos</PoliticalGroup.Member.Name></Result.PoliticalGroup.List><Result.PoliticalGroup.List Identifier="Renew"><PoliticalGroup.Member.Name MepId="7053">Armand</PoliticalGroup.Member.Name></Result.PoliticalGroup.List></Result.Abstention></RollCallVote.Result><RollCallVote.Result Identifier="110122" Date="2019-11-25 17:19:18"><RollCallVote.Description.Text>Ordre du jour de mardi - demande du groupe ID</RollCallVote.Description.Text><Result.For Number="64"><Result.PoliticalGroup.List Identifier="ECR"><PoliticalGroup.Member.Name MepId="7231">Slabakov</PoliticalGroup.Member.Name><PoliticalGroup.Member.Name MepId="6808">Weimers</PoliticalGroup.Member.Name></Result.PoliticalGroup.List><Result.PoliticalGroup.List Identifier="GUE/NGL"><PoliticalGroup.Member.Name MepId="6814">Kizilyürek</PoliticalGroup.Member.Name><PoliticalGroup.Member.Name MepId="5039">Konečná</PoliticalGroup.Member.Name></Result.PoliticalGroup.List><Result.PoliticalGroup.List Identifier="ID"><PoliticalGroup.Member.Name MepId="7211">Adinolfi Matteo</PoliticalGroup.Member.Name><PoliticalGroup.Member.Name MepId="6872">Anderson Christine</PoliticalGroup.Member.Name><PoliticalGroup.Member.Name MepId="7079">Androuët</PoliticalGroup.Member.Name><PoliticalGroup.Member.Name MepId="6593">Annemans</PoliticalGroup.Member.Name><PoliticalGroup.Member.Name MepId="7174">Baldassarre</PoliticalGroup.Member.Name><PoliticalGroup.Member.Name MepId="6988">Bardella</PoliticalGroup.Member.Name><PoliticalGroup.Member.Name MepId="7001">Basso</PoliticalGroup.Member.Name><PoliticalGroup.Member.Name MepId="7068">Beigneux</PoliticalGroup.Member.Name><PoliticalGroup.Member.Name MepId="6405">Bilde</PoliticalGroup.Member.Name><PoliticalGroup.Member.Name MepId="6179">Bizzotto</PoliticalGroup.Member.Name><PoliticalGroup.Member.Name MepId="7076">Bruna</PoliticalGroup.Member.Name><PoliticalGroup.Member.Name MepId="6876">Buchheit</PoliticalGroup.Member.Name><PoliticalGroup.Member.Name MepId="7181">Casanova</PoliticalGroup.Member.Name><PoliticalGroup.Member.Name MepId="7007">Conte</PoliticalGroup.Member.Name><PoliticalGroup.Member.Name MepId="6999">Da Re</PoliticalGroup.Member.Name><PoliticalGroup.Member.Name MepId="7005">Dreosto</PoliticalGroup.Member.Name><PoliticalGroup.Member.Name MepId="6877">Fest</PoliticalGroup.Member.Name><PoliticalGroup.Member.Name MepId="7018">Garraud</PoliticalGroup.Member.Name><PoliticalGroup.Member.Name MepId="7184">Grant</PoliticalGroup.Member.Name><PoliticalGroup.Member.Name MepId="7019">Griset</PoliticalGroup.Member.Name><PoliticalGroup.Member.Name MepId="7246">Haider</PoliticalGroup.Member.Name><PoliticalGroup.Member.Name MepId="6751">Jamet</PoliticalGroup.Member.Name><PoliticalGroup.Member.Name MepId="7017">Joron</PoliticalGroup.Member.Name><PoliticalGroup.Member.Name MepId="6771">Lancini</PoliticalGroup.Member.Name><PoliticalGroup.Member.Name MepId="6990">Laporte</PoliticalGroup.Member.Name><PoliticalGroup.Member.Name MepId="7074">Lechanteux</PoliticalGroup.Member.Name><PoliticalGroup.Member.Name MepId="6880">Limmer</PoliticalGroup.Member.Name><PoliticalGroup.Member.Name MepId="7002">Lizzi</PoliticalGroup.Member.Name><PoliticalGroup.Member.Name MepId="7013">Mariani</PoliticalGroup.Member.Name><PoliticalGroup.Member.Name MepId="6399">Mélin</PoliticalGroup.Member.Name><PoliticalGroup.Member.Name MepId="6759">Meuthen</PoliticalGroup.Member.Name><PoliticalGroup.Member.Name MepId="7075">Olivier</PoliticalGroup.Member.Name><PoliticalGroup.Member.Name MepId="7020">Pirbakas</PoliticalGroup.Member.Name><PoliticalGroup.Member.Name MepId="7175">Regimenti</PoliticalGroup.Member.Name><PoliticalGroup.Member.Name MepId="7171">Rinaldi</PoliticalGroup.Member.Name><PoliticalGroup.Member.Name MepId="7006">Rivière</PoliticalGroup.Member.Name><PoliticalGroup.Member.Name MepId="7078">Rougé</PoliticalGroup.Member.Name><PoliticalGroup.Member.Name MepId="6968">Sardone</PoliticalGroup.Member.Name><PoliticalGroup.Member.Name MepId="7191">Tardino</PoliticalGroup.Member.Name><PoliticalGroup.Member.Name MepId="6970">Tovaglieri</PoliticalGroup.Member.Name><PoliticalGroup.Member.Name MepId="7234">Vandendriessche</PoliticalGroup.Member.Name><PoliticalGroup.Member.Name MepId="6610">Vilimsky</PoliticalGroup.Member.Name><PoliticalGroup.Member.Name MepId="7183">Vuolo</PoliticalGroup.Member.Name><PoliticalGroup.Member.Name MepId="6882">Zimniok</PoliticalGroup.Member.Name></Result.PoliticalGroup.List><Result.PoliticalGroup.List Identifier="NI"><PoliticalGroup.Member.Name MepId="7118">De Lucy</PoliticalGroup.Member.Name><PoliticalGroup.Member.Name MepId="7243">Gyöngyösi</PoliticalGroup.Member.Name><PoliticalGroup.Member.Name MepId="7119">Lagos</PoliticalGroup.Member.Name><PoliticalGroup.Member.Name MepId="7092">Monteith</PoliticalGroup.Member.Name><PoliticalGroup.Member.Name MepId="6995">Mummery</PoliticalGroup.Member.Name><PoliticalGroup.Member.Name MepId="7011">Patten</PoliticalGroup.Member.Name><PoliticalGroup.Member.Name MepId="7093">Tennant</PoliticalGroup.Member.Name></Result.PoliticalGroup.List><Result.PoliticalGroup.List Identifier="PPE"><PoliticalGroup.Member.Name MepId="5960">Dorfmann</PoliticalGroup.Member.Name><PoliticalGroup.Member.Name MepId="6698">Salini</PoliticalGroup.Member.Name><PoliticalGroup.Member.Name MepId="6344">Zdechovský</PoliticalGroup.Member.Name></Result.PoliticalGroup.List><Result.PoliticalGroup.List Identifier="Renew"><PoliticalGroup.Member.Name MepId="6339">Charanzová</PoliticalGroup.Member.Name><PoliticalGroup.Member.Name MepId="6919">Hlaváček</PoliticalGroup.Member.Name><PoliticalGroup.Member.Name MepId="6917">Kovařík</PoliticalGroup.Member.Name></Result.PoliticalGroup.List><Result.PoliticalGroup.List Identifier="S&amp;D"><PoliticalGroup.Member.Name MepId="7229">Hristov</PoliticalGroup.Member.Name><PoliticalGroup.Member.Name MepId="6933">Miller</PoliticalGroup.Member.Name><PoliticalGroup.Member.Name MepId="7186">Roberti</PoliticalGroup.Member.Name></Result.PoliticalGroup.List></Result.For><Result.Against Number="339"><Result.PoliticalGroup.List Identifier="ECR"><PoliticalGroup.Member.Name MepId="6864">Bourgeois</PoliticalGroup.Member.Name><PoliticalGroup.Member.Name MepId="6511">Dzhambazki</PoliticalGroup.Member.Name><PoliticalGroup.Member.Name MepId="4880">Fitto</PoliticalGroup.Member.Name><PoliticalGroup.Member.Name MepId="6834">Geuking</PoliticalGroup.Member.Name><PoliticalGroup.Member.Name MepId="6866">Kanko</PoliticalGroup.Member.Name><PoliticalGroup.Member.Name MepId="6913">Kloc</PoliticalGroup.Member.Name><PoliticalGroup.Member.Name MepId="6923">Kopcińska</PoliticalGroup.Member.Name><PoliticalGroup.Member.Name MepId="6530">Krasnodębski</PoliticalGroup.Member.Name><PoliticalGroup.Member.Name MepId="5507">Kuźmiuk</PoliticalGroup.Member.Name><PoliticalGroup.Member.Name MepId="6234">McIntyre</PoliticalGroup.Member.Name><PoliticalGroup.Member.Name MepId="6931">Mazurek</PoliticalGroup.Member.Name><PoliticalGroup.Member.Name MepId="6934">Możdżanowska</PoliticalGroup.Member.Name><PoliticalGroup.Member.Name MepId="6937">Rafalska</PoliticalGroup.Member.Name><PoliticalGroup.Member.Name MepId="7160">Rooken</PoliticalGroup.Member.Name><PoliticalGroup.Member.Name MepId="7097">Roos</PoliticalGroup.Member.Name><PoliticalGroup.Member.Name MepId="7157">Ruissen</PoliticalGroup.Member.Name><PoliticalGroup.Member.Name MepId="6300">Tomašić</PoliticalGroup.Member.Name><PoliticalGroup.Member.Name MepId="6930">Vondra</PoliticalGroup.Member.Name><PoliticalGroup.Member.Name MepId="6962">Zalewska</PoliticalGroup.Member.Name></Result.PoliticalGroup.List><Result.PoliticalGroup.List Identifier="GUE/NGL"><PoliticalGroup.Member.Name MepId="6926">Aubry</PoliticalGroup.Member.Name><PoliticalGroup.Member.Name MepId="6604">Björk</PoliticalGroup.Member.Name><PoliticalGroup.Member.Name MepId="6914">Bompard</PoliticalGroup.Member.Name><PoliticalGroup.Member.Name MepId="6873">Botenga</PoliticalGroup.Member.Name><PoliticalGroup.Member.Name MepId="6922">Chaibi</PoliticalGroup.Member.Name><PoliticalGroup.Member.Name MepId="6865">Demirel</PoliticalGroup.Member.Name><PoliticalGroup.Member.Name MepId="7133">Gusmão</PoliticalGroup.Member.Name><PoliticalGroup.Member.Name MepId="7126">Kokkalis</PoliticalGroup.Member.Name><PoliticalGroup.Member.Name MepId="7087">Kountoura</PoliticalGroup.Member.Name><PoliticalGroup.Member.Name MepId="5992">Matias</PoliticalGroup.Member.Name><PoliticalGroup.Member.Name MepId="6310">Michels</PoliticalGroup.Member.Name><PoliticalGroup.Member.Name MepId="6250">Omarjee</PoliticalGroup.Member.Name><PoliticalGroup.Member.Name MepId="5596">Papadimoulis</PoliticalGroup.Member.Name><PoliticalGroup.Member.Name MepId="6920">Pelletier</PoliticalGroup.Member.Name><PoliticalGroup.Member.Name MepId="7138">Pereira Sandra</PoliticalGroup.Member.Name><PoliticalGroup.Member.Name MepId="6758">Schirdewan</PoliticalGroup.Member.Name><PoliticalGroup.Member.Name MepId="5837">Scholz</PoliticalGroup.Member.Name><PoliticalGroup.Member.Name MepId="6961">Villumsen</PoliticalGroup.Member.Name></Result.PoliticalGroup.List><Result.PoliticalGroup.List Identifier="NI"><PoliticalGroup.Member.Name MepId="6446">Castaldo</PoliticalGroup.Member.Name><PoliticalGroup.Member.Name MepId="6413">Evi</PoliticalGroup.Member.Name><PoliticalGroup.Member.Name MepId="6470">Ferrara</PoliticalGroup.Member.Name><PoliticalGroup.Member.Name MepId="7180">Furore</PoliticalGroup.Member.Name><PoliticalGroup.Member.Name MepId="7179">Gemma</PoliticalGroup.Member.Name><PoliticalGroup.Member.Name MepId="7123">Konstantinou</PoliticalGroup.Member.Name><PoliticalGroup.Member.Name MepId="7177">Rondinelli</PoliticalGroup.Member.Name><PoliticalGroup.Member.Name MepId="7115">Rowland</PoliticalGroup.Member.Name><PoliticalGroup.Member.Name MepId="6471">Sonneborn</PoliticalGroup.Member.Name></Result.PoliticalGroup.List><Result.PoliticalGroup.List Identifier="PPE"><PoliticalGroup.Member.Name MepId="6883">Adamowicz</PoliticalGroup.Member.Name><PoliticalGroup.Member.Name MepId="6755">Ademov</PoliticalGroup.Member.Name><PoliticalGroup.Member.Name MepId="7219">Alexandrov Yordanov</PoliticalGroup.Member.Name><PoliticalGroup.Member.Name MepId="5980">Arias Echeverría</PoliticalGroup.Member.Name><PoliticalGroup.Member.Name MepId="6885">Arłukowicz</PoliticalGroup.Member.Name><PoliticalGroup.Member.Name MepId="7083">Asimakopoulou</PoliticalGroup.Member.Name><PoliticalGroup.Member.Name MepId="6927">Bellamy</PoliticalGroup.Member.Name><PoliticalGroup.Member.Name MepId="6807">Bentele</PoliticalGroup.Member.Name><PoliticalGroup.Member.Name MepId="6809">Berger</PoliticalGroup.Member.Name><PoliticalGroup.Member.Name MepId="7155">Bilčík</PoliticalGroup.Member.Name><PoliticalGroup.Member.Name MepId="7026">Blaga</PoliticalGroup.Member.Name><PoliticalGroup.Member.Name MepId="6343">Bocskor</PoliticalGroup.Member.Name><PoliticalGroup.Member.Name MepId="6613">Bogovič</PoliticalGroup.Member.Name><PoliticalGroup.Member.Name MepId="5388">Buzek</PoliticalGroup.Member.Name><PoliticalGroup.Member.Name MepId="6039">Carvalho</PoliticalGroup.Member.Name><PoliticalGroup.Member.Name MepId="5252">Casa</PoliticalGroup.Member.Name><PoliticalGroup.Member.Name MepId="5341">Caspary</PoliticalGroup.Member.Name><PoliticalGroup.Member.Name MepId="5236">Christoforou</PoliticalGroup.Member.Name><PoliticalGroup.Member.Name MepId="6929">Colin-Oesterlé</PoliticalGroup.Member.Name><PoliticalGroup.Member.Name MepId="5981">van Dalen</PoliticalGroup.Member.Name><PoliticalGroup.Member.Name MepId="6345">Deli</PoliticalGroup.Member.Name><PoliticalGroup.Member.Name MepId="6810">Düpont</PoliticalGroup.Member.Name><PoliticalGroup.Member.Name MepId="3833">Ferber</PoliticalGroup.Member.Name><PoliticalGroup.Member.Name MepId="6068">Fernandes</PoliticalGroup.Member.Name><PoliticalGroup.Member.Name MepId="6813">Fourlas</PoliticalGroup.Member.Name><PoliticalGroup.Member.Name MepId="6906">Frankowski</PoliticalGroup.Member.Name><PoliticalGroup.Member.Name MepId="6852">Franssen</PoliticalGroup.Member.Name><PoliticalGroup.Member.Name MepId="4659">Gahler</PoliticalGroup.Member.Name><PoliticalGroup.Member.Name MepId="5280">Gál</PoliticalGroup.Member.Name><PoliticalGroup.Member.Name MepId="6441">Gieseke</PoliticalGroup.Member.Name><PoliticalGroup.Member.Name MepId="6632">González Pons</PoliticalGroup.Member.Name><PoliticalGroup.Member.Name MepId="6002">Győri</PoliticalGroup.Member.Name><PoliticalGroup.Member.Name MepId="5138">Gyürk</PoliticalGroup.Member.Name><PoliticalGroup.Member.Name MepId="6907">Halicki</PoliticalGroup.Member.Name><PoliticalGroup.Member.Name MepId="6777">Hansen</PoliticalGroup.Member.Name><PoliticalGroup.Member.Name MepId="7035">Hava</PoliticalGroup.Member.Name><PoliticalGroup.Member.Name MepId="6318">Hidvéghi</PoliticalGroup.Member.Name><PoliticalGroup.Member.Name MepId="5952">Hübner</PoliticalGroup.Member.Name><PoliticalGroup.Member.Name MepId="6910">Jarubas</PoliticalGroup.Member.Name><PoliticalGroup.Member.Name MepId="7223">Juknevičienė</PoliticalGroup.Member.Name><PoliticalGroup.Member.Name MepId="7222">Kanev</PoliticalGroup.Member.Name><PoliticalGroup.Member.Name MepId="4669">Karas</PoliticalGroup.Member.Name><PoliticalGroup.Member.Name MepId="6666">Kefalogiannis</PoliticalGroup.Member.Name><PoliticalGroup.Member.Name MepId="5855">Kelly</PoliticalGroup.Member.Name><PoliticalGroup.Member.Name MepId="6805">Kokalari</PoliticalGroup.Member.Name><PoliticalGroup.Member.Name MepId="6918">Kopacz</PoliticalGroup.Member.Name><PoliticalGroup.Member.Name MepId="6001">Kósa</PoliticalGroup.Member.Name><PoliticalGroup.Member.Name MepId="6196">Kovatchev</PoliticalGroup.Member.Name><PoliticalGroup.Member.Name MepId="7226">Kubilius</PoliticalGroup.Member.Name><PoliticalGroup.Member.Name MepId="7080">Kympouropoulos</PoliticalGroup.Member.Name><PoliticalGroup.Member.Name MepId="6662">Kyrtsos</PoliticalGroup.Member.Name><PoliticalGroup.Member.Name MepId="6592">Lenaers</PoliticalGroup.Member.Name><PoliticalGroup.Member.Name MepId="3855">Liese</PoliticalGroup.Member.Name><PoliticalGroup.Member.Name MepId="6442">Lins</PoliticalGroup.Member.Name><PoliticalGroup.Member.Name MepId="5517">López-Istúriz White</PoliticalGroup.Member.Name><PoliticalGroup.Member.Name MepId="6440">McAllister</PoliticalGroup.Member.Name><PoliticalGroup.Member.Name MepId="5245">McGuinness</PoliticalGroup.Member.Name><PoliticalGroup.Member.Name MepId="6761">Mandl</PoliticalGroup.Member.Name><PoliticalGroup.Member.Name MepId="5646">Marinescu</PoliticalGroup.Member.Name><PoliticalGroup.Member.Name MepId="6483">Maydell</PoliticalGroup.Member.Name><PoliticalGroup.Member.Name MepId="7224">Mažylis</PoliticalGroup.Member.Name><PoliticalGroup.Member.Name MepId="7051">Meimarakis</PoliticalGroup.Member.Name><PoliticalGroup.Member.Name MepId="6297">Metsola</PoliticalGroup.Member.Name><PoliticalGroup.Member.Name MepId="7099">Montserrat</PoliticalGroup.Member.Name><PoliticalGroup.Member.Name MepId="7036">Motreanu</PoliticalGroup.Member.Name><PoliticalGroup.Member.Name MepId="6436">Mureşan</PoliticalGroup.Member.Name><PoliticalGroup.Member.Name MepId="4712">Niebler</PoliticalGroup.Member.Name><PoliticalGroup.Member.Name MepId="6332">Niedermayer</PoliticalGroup.Member.Name><PoliticalGroup.Member.Name MepId="5413">Novak</PoliticalGroup.Member.Name><PoliticalGroup.Member.Name MepId="5407">Olbrycht</PoliticalGroup.Member.Name><PoliticalGroup.Member.Name MepId="6819">Peeters</PoliticalGroup.Member.Name><PoliticalGroup.Member.Name MepId="7120">Pereira Lídia</PoliticalGroup.Member.Name><PoliticalGroup.Member.Name MepId="6803">Polfjärd</PoliticalGroup.Member.Name><PoliticalGroup.Member.Name MepId="6072">Rangel</PoliticalGroup.Member.Name><PoliticalGroup.Member.Name MepId="6370">Sander</PoliticalGroup.Member.Name><PoliticalGroup.Member.Name MepId="6636">Schreijer-Pierik</PoliticalGroup.Member.Name><PoliticalGroup.Member.Name MepId="6790">Skyttedal</PoliticalGroup.Member.Name><PoliticalGroup.Member.Name MepId="6341">Šojdrová</PoliticalGroup.Member.Name><PoliticalGroup.Member.Name MepId="6816">Sokol</PoliticalGroup.Member.Name><PoliticalGroup.Member.Name MepId="6547">Štefanec</PoliticalGroup.Member.Name><PoliticalGroup.Member.Name MepId="6301">Šuica</PoliticalGroup.Member.Name><PoliticalGroup.Member.Name MepId="4482">Tajani</PoliticalGroup.Member.Name><PoliticalGroup.Member.Name MepId="7056">Thaler</PoliticalGroup.Member.Name><PoliticalGroup.Member.Name MepId="6801">Tobé</PoliticalGroup.Member.Name><PoliticalGroup.Member.Name MepId="7061">Tomac</PoliticalGroup.Member.Name><PoliticalGroup.Member.Name MepId="6681">Tomc</PoliticalGroup.Member.Name><PoliticalGroup.Member.Name MepId="6965">Tóth</PoliticalGroup.Member.Name><PoliticalGroup.Member.Name MepId="5930">Verheyen</PoliticalGroup.Member.Name><PoliticalGroup.Member.Name MepId="7062">Vincze</PoliticalGroup.Member.Name><PoliticalGroup.Member.Name MepId="5934">Voss</PoliticalGroup.Member.Name><PoliticalGroup.Member.Name MepId="7233">Walsh</PoliticalGroup.Member.Name><PoliticalGroup.Member.Name MepId="6804">Warborn</PoliticalGroup.Member.Name><PoliticalGroup.Member.Name MepId="5351">Weber</PoliticalGroup.Member.Name><PoliticalGroup.Member.Name MepId="6908">Weiss</PoliticalGroup.Member.Name><PoliticalGroup.Member.Name MepId="4643">Wieland</PoliticalGroup.Member.Name><PoliticalGroup.Member.Name MepId="7153">Wiezik</PoliticalGroup.Member.Name><PoliticalGroup.Member.Name MepId="6820">Wiseler-Lima</PoliticalGroup.Member.Name><PoliticalGroup.Member.Name MepId="6997">Zarzalejos</PoliticalGroup.Member.Name><PoliticalGroup.Member.Name MepId="7012">Zoido Álvarez</PoliticalGroup.Member.Name><PoliticalGroup.Member.Name MepId="6734">Zovko</PoliticalGroup.Member.Name><PoliticalGroup.Member.Name MepId="6094">Zver</PoliticalGroup.Member.Name></Result.PoliticalGroup.List><Result.PoliticalGroup.List Identifier="Renew"><PoliticalGroup.Member.Name MepId="7230">Alieva-Veli</PoliticalGroup.Member.Name><PoliticalGroup.Member.Name MepId="6799">Al-Sahlani</PoliticalGroup.Member.Name><PoliticalGroup.Member.Name MepId="6327">Ansip</PoliticalGroup.Member.Name><PoliticalGroup.Member.Name MepId="6400">Auštrevičius</PoliticalGroup.Member.Name><PoliticalGroup.Member.Name MepId="7165">Azmani</PoliticalGroup.Member.Name><PoliticalGroup.Member.Name MepId="6256">Bennion</PoliticalGroup.Member.Name><PoliticalGroup.Member.Name MepId="6944">Bijoux</PoliticalGroup.Member.Name><PoliticalGroup.Member.Name MepId="6089">Bilbao Barandica</PoliticalGroup.Member.Name><PoliticalGroup.Member.Name MepId="7057">Botoş</PoliticalGroup.Member.Name><PoliticalGroup.Member.Name MepId="6967">Boyer</PoliticalGroup.Member.Name><PoliticalGroup.Member.Name MepId="7104">Brophy</PoliticalGroup.Member.Name><PoliticalGroup.Member.Name MepId="6966">Brunet</PoliticalGroup.Member.Name><PoliticalGroup.Member.Name MepId="7121">Bunting</PoliticalGroup.Member.Name><PoliticalGroup.Member.Name MepId="6973">Cañas</PoliticalGroup.Member.Name><PoliticalGroup.Member.Name MepId="5891">Canfin</PoliticalGroup.Member.Name><PoliticalGroup.Member.Name MepId="6899">Chabaud</PoliticalGroup.Member.Name><PoliticalGroup.Member.Name MepId="6860">Chastel</PoliticalGroup.Member.Name><PoliticalGroup.Member.Name MepId="7021">Cioloş</PoliticalGroup.Member.Name><PoliticalGroup.Member.Name MepId="6898">Decerle</PoliticalGroup.Member.Name><PoliticalGroup.Member.Name MepId="6987">Donáth</PoliticalGroup.Member.Name><PoliticalGroup.Member.Name MepId="6324">Durand</PoliticalGroup.Member.Name><PoliticalGroup.Member.Name MepId="6980">Farreng</PoliticalGroup.Member.Name><PoliticalGroup.Member.Name MepId="6601">Federley</PoliticalGroup.Member.Name><PoliticalGroup.Member.Name MepId="6818">Flego</PoliticalGroup.Member.Name><PoliticalGroup.Member.Name MepId="7022">Gamon</PoliticalGroup.Member.Name><PoliticalGroup.Member.Name MepId="6947">Garicano</PoliticalGroup.Member.Name><PoliticalGroup.Member.Name MepId="6849">Grošelj</PoliticalGroup.Member.Name><PoliticalGroup.Member.Name MepId="6950">Grudler</PoliticalGroup.Member.Name><PoliticalGroup.Member.Name MepId="6936">Guetta</PoliticalGroup.Member.Name><PoliticalGroup.Member.Name MepId="6841">Hahn Svenja</PoliticalGroup.Member.Name><PoliticalGroup.Member.Name MepId="6959">Hayer</PoliticalGroup.Member.Name><PoliticalGroup.Member.Name MepId="7154">Hojsík</PoliticalGroup.Member.Name><PoliticalGroup.Member.Name MepId="6622">Huitema</PoliticalGroup.Member.Name><PoliticalGroup.Member.Name MepId="7014">Ijabs</PoliticalGroup.Member.Name><PoliticalGroup.Member.Name MepId="5385">in 't Veld</PoliticalGroup.Member.Name><PoliticalGroup.Member.Name MepId="6800">Karlsbro</PoliticalGroup.Member.Name><PoliticalGroup.Member.Name MepId="5021">Keller Fabienne</PoliticalGroup.Member.Name><PoliticalGroup.Member.Name MepId="6504">Kyuchyuk</PoliticalGroup.Member.Name><PoliticalGroup.Member.Name MepId="6887">Loiseau</PoliticalGroup.Member.Name><PoliticalGroup.Member.Name MepId="7196">Mohammed</PoliticalGroup.Member.Name><PoliticalGroup.Member.Name MepId="6500">Müller</PoliticalGroup.Member.Name><PoliticalGroup.Member.Name MepId="6996">Nethsingha</PoliticalGroup.Member.Name><PoliticalGroup.Member.Name MepId="6644">Pagazaurtundúa</PoliticalGroup.Member.Name><PoliticalGroup.Member.Name MepId="7235">Rafaela</PoliticalGroup.Member.Name><PoliticalGroup.Member.Name MepId="4767">Rodríguez Ramos</PoliticalGroup.Member.Name><PoliticalGroup.Member.Name MepId="7236">Schreinemacher</PoliticalGroup.Member.Name><PoliticalGroup.Member.Name MepId="6902">Séjourné</PoliticalGroup.Member.Name><PoliticalGroup.Member.Name MepId="6817">Semedo</PoliticalGroup.Member.Name><PoliticalGroup.Member.Name MepId="7168">Solís Pérez</PoliticalGroup.Member.Name><PoliticalGroup.Member.Name MepId="6281">Torvalds</PoliticalGroup.Member.Name><PoliticalGroup.Member.Name MepId="6985">Trillet-Lenoir</PoliticalGroup.Member.Name><PoliticalGroup.Member.Name MepId="7054">Tudorache</PoliticalGroup.Member.Name><PoliticalGroup.Member.Name MepId="6710">Vautmans</PoliticalGroup.Member.Name><PoliticalGroup.Member.Name MepId="6896">Vedrenne</PoliticalGroup.Member.Name><PoliticalGroup.Member.Name MepId="6159">Verhofstadt</PoliticalGroup.Member.Name><PoliticalGroup.Member.Name MepId="7132">Voaden</PoliticalGroup.Member.Name><PoliticalGroup.Member.Name MepId="7015">Von Wiese</PoliticalGroup.Member.Name><PoliticalGroup.Member.Name MepId="6971">Yon-Courtin</PoliticalGroup.Member.Name><PoliticalGroup.Member.Name MepId="6892">Zacharopoulou</PoliticalGroup.Member.Name></Result.PoliticalGroup.List><Result.PoliticalGroup.List Identifier="S&amp;D"><PoliticalGroup.Member.Name MepId="6651">Aguilera</PoliticalGroup.Member.Name><PoliticalGroup.Member.Name MepId="6977">Ara-Kovács</PoliticalGroup.Member.Name><PoliticalGroup.Member.Name MepId="6553">Arena</PoliticalGroup.Member.Name><PoliticalGroup.Member.Name MepId="7040">Avram</PoliticalGroup.Member.Name><PoliticalGroup.Member.Name MepId="6505">Benifei</PoliticalGroup.Member.Name><PoliticalGroup.Member.Name MepId="5173">Beňová</PoliticalGroup.Member.Name><PoliticalGroup.Member.Name MepId="6796">Bergkvist</PoliticalGroup.Member.Name><PoliticalGroup.Member.Name MepId="6891">Biedroń</PoliticalGroup.Member.Name><PoliticalGroup.Member.Name MepId="6833">Bischoff</PoliticalGroup.Member.Name><PoliticalGroup.Member.Name MepId="6449">Bonafè</PoliticalGroup.Member.Name><PoliticalGroup.Member.Name MepId="6264">Borzan</PoliticalGroup.Member.Name><PoliticalGroup.Member.Name MepId="6843">Brglez</PoliticalGroup.Member.Name><PoliticalGroup.Member.Name MepId="6838">Burkhardt</PoliticalGroup.Member.Name><PoliticalGroup.Member.Name MepId="7030">Cerdas</PoliticalGroup.Member.Name><PoliticalGroup.Member.Name MepId="7166">Chahim</PoliticalGroup.Member.Name><PoliticalGroup.Member.Name MepId="7046">Ciuhodaru</PoliticalGroup.Member.Name><PoliticalGroup.Member.Name MepId="5661">Crețu</PoliticalGroup.Member.Name><PoliticalGroup.Member.Name MepId="6794">Cutajar</PoliticalGroup.Member.Name><PoliticalGroup.Member.Name MepId="6806">Danielsson</PoliticalGroup.Member.Name><PoliticalGroup.Member.Name MepId="6458">Danti</PoliticalGroup.Member.Name><PoliticalGroup.Member.Name MepId="6062">De Castro</PoliticalGroup.Member.Name><PoliticalGroup.Member.Name MepId="6969">Dobrev</PoliticalGroup.Member.Name><PoliticalGroup.Member.Name MepId="7248">Durá Ferrandis</PoliticalGroup.Member.Name><PoliticalGroup.Member.Name MepId="6080">Fajon</PoliticalGroup.Member.Name><PoliticalGroup.Member.Name MepId="6652">Fernández</PoliticalGroup.Member.Name><PoliticalGroup.Member.Name MepId="6791">Fritzon</PoliticalGroup.Member.Name><PoliticalGroup.Member.Name MepId="6955">Fuglsang</PoliticalGroup.Member.Name><PoliticalGroup.Member.Name MepId="7105">García Del Blanco</PoliticalGroup.Member.Name><PoliticalGroup.Member.Name MepId="7125">García Muñoz</PoliticalGroup.Member.Name><PoliticalGroup.Member.Name MepId="5417">García Pérez</PoliticalGroup.Member.Name><PoliticalGroup.Member.Name MepId="6130">Gardiazabal Rubial</PoliticalGroup.Member.Name><PoliticalGroup.Member.Name MepId="3827">Gebhardt</PoliticalGroup.Member.Name><PoliticalGroup.Member.Name MepId="7082">Glucksmann</PoliticalGroup.Member.Name><PoliticalGroup.Member.Name MepId="7106">González Casares</PoliticalGroup.Member.Name><PoliticalGroup.Member.Name MepId="6419">Grapini</PoliticalGroup.Member.Name><PoliticalGroup.Member.Name MepId="6580">Griffin</PoliticalGroup.Member.Name><PoliticalGroup.Member.Name MepId="6107">Guillaume</PoliticalGroup.Member.Name><PoliticalGroup.Member.Name MepId="6603">Guteland</PoliticalGroup.Member.Name><PoliticalGroup.Member.Name MepId="7070">Heide</PoliticalGroup.Member.Name><PoliticalGroup.Member.Name MepId="7185">Heinäluoma</PoliticalGroup.Member.Name><PoliticalGroup.Member.Name MepId="7122">Homs Ginel</PoliticalGroup.Member.Name><PoliticalGroup.Member.Name MepId="6745">Howarth</PoliticalGroup.Member.Name><PoliticalGroup.Member.Name MepId="6792">Incir</PoliticalGroup.Member.Name><PoliticalGroup.Member.Name MepId="7142">Jones</PoliticalGroup.Member.Name><PoliticalGroup.Member.Name MepId="6624">Jongerius</PoliticalGroup.Member.Name><PoliticalGroup.Member.Name MepId="6009">Kammerevert</PoliticalGroup.Member.Name><PoliticalGroup.Member.Name MepId="6571">Kirton-Darling</PoliticalGroup.Member.Name><PoliticalGroup.Member.Name MepId="6916">Kohut</PoliticalGroup.Member.Name><PoliticalGroup.Member.Name MepId="6459">Köster</PoliticalGroup.Member.Name><PoliticalGroup.Member.Name MepId="7085">Lalucq</PoliticalGroup.Member.Name><PoliticalGroup.Member.Name MepId="7086">Larrouturou</PoliticalGroup.Member.Name><PoliticalGroup.Member.Name MepId="7024">Leitão Marques</PoliticalGroup.Member.Name><PoliticalGroup.Member.Name MepId="6984">Majorino</PoliticalGroup.Member.Name><PoliticalGroup.Member.Name MepId="7027">Marques Margarida</PoliticalGroup.Member.Name><PoliticalGroup.Member.Name MepId="7023">Marques Pedro</PoliticalGroup.Member.Name><PoliticalGroup.Member.Name MepId="6890">Mikser</PoliticalGroup.Member.Name><PoliticalGroup.Member.Name MepId="6351">Molnár</PoliticalGroup.Member.Name><PoliticalGroup.Member.Name MepId="4923">Moraes</PoliticalGroup.Member.Name><PoliticalGroup.Member.Name MepId="5466">Moreno Sánchez</PoliticalGroup.Member.Name><PoliticalGroup.Member.Name MepId="6016">Neuser</PoliticalGroup.Member.Name><PoliticalGroup.Member.Name MepId="6323">Papadakis Demetris</PoliticalGroup.Member.Name><PoliticalGroup.Member.Name MepId="6484">Picierno</PoliticalGroup.Member.Name><PoliticalGroup.Member.Name MepId="6982">Pisapia</PoliticalGroup.Member.Name><PoliticalGroup.Member.Name MepId="7114">Pizarro</PoliticalGroup.Member.Name><PoliticalGroup.Member.Name MepId="6136">Regner</PoliticalGroup.Member.Name><PoliticalGroup.Member.Name MepId="6649">Rodríguez-Piñero</PoliticalGroup.Member.Name><PoliticalGroup.Member.Name MepId="7128">Ruiz Devesa</PoliticalGroup.Member.Name><PoliticalGroup.Member.Name MepId="7110">Sánchez Amor</PoliticalGroup.Member.Name><PoliticalGroup.Member.Name MepId="7039">Santos</PoliticalGroup.Member.Name><PoliticalGroup.Member.Name MepId="5713">Schaldemose</PoliticalGroup.Member.Name><PoliticalGroup.Member.Name MepId="7059">Schieder</PoliticalGroup.Member.Name><PoliticalGroup.Member.Name MepId="6826">Schmit</PoliticalGroup.Member.Name><PoliticalGroup.Member.Name MepId="6475">Schuster</PoliticalGroup.Member.Name><PoliticalGroup.Member.Name MepId="7065">Sidl</PoliticalGroup.Member.Name><PoliticalGroup.Member.Name MepId="6093">Sippel</PoliticalGroup.Member.Name><PoliticalGroup.Member.Name MepId="7176">Smeriglio</PoliticalGroup.Member.Name><PoliticalGroup.Member.Name MepId="6943">Spurek</PoliticalGroup.Member.Name><PoliticalGroup.Member.Name MepId="6983">Tinagli</PoliticalGroup.Member.Name><PoliticalGroup.Member.Name MepId="6336">Ujhelyi</PoliticalGroup.Member.Name><PoliticalGroup.Member.Name MepId="7195">Ušakovs</PoliticalGroup.Member.Name><PoliticalGroup.Member.Name MepId="4990">Van Brempt</PoliticalGroup.Member.Name><PoliticalGroup.Member.Name MepId="7251">Vind</PoliticalGroup.Member.Name><PoliticalGroup.Member.Name MepId="7066">Vollath</PoliticalGroup.Member.Name><PoliticalGroup.Member.Name MepId="6582">Ward</PoliticalGroup.Member.Name><PoliticalGroup.Member.Name MepId="6735">Wölken</PoliticalGroup.Member.Name><PoliticalGroup.Member.Name MepId="7249">Wolters</PoliticalGroup.Member.Name><PoliticalGroup.Member.Name MepId="7225">Yoncheva</PoliticalGroup.Member.Name></Result.PoliticalGroup.List><Result.PoliticalGroup.List Identifier="Verts/ALE"><PoliticalGroup.Member.Name MepId="7033">Allard</PoliticalGroup.Member.Name><PoliticalGroup.Member.Name MepId="6845">Andresen</PoliticalGroup.Member.Name><PoliticalGroup.Member.Name MepId="5291">Auken</PoliticalGroup.Member.Name><PoliticalGroup.Member.Name MepId="6905">Biteau</PoliticalGroup.Member.Name><PoliticalGroup.Member.Name MepId="6837">Boeselager</PoliticalGroup.Member.Name><PoliticalGroup.Member.Name MepId="6829">Breyer</PoliticalGroup.Member.Name><PoliticalGroup.Member.Name MepId="6867">Bricmont</PoliticalGroup.Member.Name><PoliticalGroup.Member.Name MepId="6455">Buchner</PoliticalGroup.Member.Name><PoliticalGroup.Member.Name MepId="6964">Carême</PoliticalGroup.Member.Name><PoliticalGroup.Member.Name MepId="6847">Cavazzini</PoliticalGroup.Member.Name><PoliticalGroup.Member.Name MepId="7102">Chowns</PoliticalGroup.Member.Name><PoliticalGroup.Member.Name MepId="7043">Cuffe</PoliticalGroup.Member.Name><PoliticalGroup.Member.Name MepId="6924">Delbos-Corfield</PoliticalGroup.Member.Name><PoliticalGroup.Member.Name MepId="6040">Delli</PoliticalGroup.Member.Name><PoliticalGroup.Member.Name MepId="6850">Deparnay-Grunenberg</PoliticalGroup.Member.Name><PoliticalGroup.Member.Name MepId="6868">De Sutter</PoliticalGroup.Member.Name><PoliticalGroup.Member.Name MepId="7004">Dowding</PoliticalGroup.Member.Name><PoliticalGroup.Member.Name MepId="5899">Eickhout</PoliticalGroup.Member.Name><PoliticalGroup.Member.Name MepId="6775">Franz</PoliticalGroup.Member.Name><PoliticalGroup.Member.Name MepId="6851">Freund</PoliticalGroup.Member.Name><PoliticalGroup.Member.Name MepId="6854">Hahn Henrike</PoliticalGroup.Member.Name><PoliticalGroup.Member.Name MepId="6856">Herzberger-Fofana</PoliticalGroup.Member.Name><PoliticalGroup.Member.Name MepId="6797">Holmgren</PoliticalGroup.Member.Name><PoliticalGroup.Member.Name MepId="5908">Keller Ska</PoliticalGroup.Member.Name><PoliticalGroup.Member.Name MepId="6939">Kolaja</PoliticalGroup.Member.Name><PoliticalGroup.Member.Name MepId="6795">Kuhnke</PoliticalGroup.Member.Name><PoliticalGroup.Member.Name MepId="6857">Lagodinsky</PoliticalGroup.Member.Name><PoliticalGroup.Member.Name MepId="6858">Langensiepen</PoliticalGroup.Member.Name><PoliticalGroup.Member.Name MepId="7028">McLeod</PoliticalGroup.Member.Name><PoliticalGroup.Member.Name MepId="7197">Magid</PoliticalGroup.Member.Name><PoliticalGroup.Member.Name MepId="6861">Neumann</PoliticalGroup.Member.Name><PoliticalGroup.Member.Name MepId="6862">Nienaß</PoliticalGroup.Member.Name><PoliticalGroup.Member.Name MepId="7240">O'Sullivan</PoliticalGroup.Member.Name><PoliticalGroup.Member.Name MepId="6863">Paulus</PoliticalGroup.Member.Name><PoliticalGroup.Member.Name MepId="6963">Peter-Hansen</PoliticalGroup.Member.Name><PoliticalGroup.Member.Name MepId="7098">Phillips Alexandra Louise Rosenfield</PoliticalGroup.Member.Name><PoliticalGroup.Member.Name MepId="6529">Reintke</PoliticalGroup.Member.Name><PoliticalGroup.Member.Name MepId="6900">Roose</PoliticalGroup.Member.Name><PoliticalGroup.Member.Name MepId="6893">Satouri</PoliticalGroup.Member.Name><PoliticalGroup.Member.Name MepId="6560">Scott Cato</PoliticalGroup.Member.Name><PoliticalGroup.Member.Name MepId="6822">Semsrott</PoliticalGroup.Member.Name><PoliticalGroup.Member.Name MepId="7156">Strik</PoliticalGroup.Member.Name><PoliticalGroup.Member.Name MepId="6894">Toussaint</PoliticalGroup.Member.Name><PoliticalGroup.Member.Name MepId="6591">Urtasun</PoliticalGroup.Member.Name><PoliticalGroup.Member.Name MepId="7237">Van Sparrentak</PoliticalGroup.Member.Name><PoliticalGroup.Member.Name MepId="6904">Yenbou</PoliticalGroup.Member.Name></Result.PoliticalGroup.List></Result.Against><Result.Abstention Number="15"><Result.PoliticalGroup.List Identifier="ECR"><PoliticalGroup.Member.Name MepId="5892">Tošenovský</PoliticalGroup.Member.Name></Result.PoliticalGroup.List><Result.PoliticalGroup.List Identifier="GUE/NGL"><PoliticalGroup.Member.Name MepId="6598">Carthy</PoliticalGroup.Member.Name><PoliticalGroup.Member.Name MepId="6628">Hazekamp</PoliticalGroup.Member.Name><PoliticalGroup.Member.Name MepId="7202">Wallace</PoliticalGroup.Member.Name></Result.PoliticalGroup.List><Result.PoliticalGroup.List Identifier="NI"><PoliticalGroup.Member.Name MepId="6468">Adinolfi Isabella</PoliticalGroup.Member.Name><PoliticalGroup.Member.Name MepId="6836">Kolakušić</PoliticalGroup.Member.Name><PoliticalGroup.Member.Name MepId="7010">Pignedoli</PoliticalGroup.Member.Name></Result.PoliticalGroup.List><Result.PoliticalGroup.List Identifier="PPE"><PoliticalGroup.Member.Name MepId="5945">Jahr</PoliticalGroup.Member.Name></Result.PoliticalGroup.List><Result.PoliticalGroup.List Identifier="Renew"><PoliticalGroup.Member.Name MepId="4958">Davies</PoliticalGroup.Member.Name><PoliticalGroup.Member.Name MepId="6828">Eroglu</PoliticalGroup.Member.Name><PoliticalGroup.Member.Name MepId="6915">Maxová</PoliticalGroup.Member.Name><PoliticalGroup.Member.Name MepId="6056">Riquet</PoliticalGroup.Member.Name></Result.PoliticalGroup.List><Result.PoliticalGroup.List Identifier="S&amp;D"><PoliticalGroup.Member.Name MepId="6888">Balt</PoliticalGroup.Member.Name></Result.PoliticalGroup.List><Result.PoliticalGroup.List Identifier="Verts/ALE"><PoliticalGroup.Member.Name MepId="6848">Von Cramon-Taubadel</PoliticalGroup.Member.Name><PoliticalGroup.Member.Name MepId="7064">Wiener</PoliticalGroup.Member.Name></Result.PoliticalGroup.List></Result.Abstention></RollCallVote.Result></PV.RollCallVoteResults>