<?xml version="1.0" encoding="UTF-8"?><PV.RollCallVoteResults xmlns:style="http://openoffice.org/2000/style" xmlns:xql="http://metalab.unc.edu/xql/" xmlns:form="http://openoffice.org/2000/form" xmlns:xlink="http://www.w3.org/1999/xlink" xmlns:number="http://openoffice.org/2000/datastyle" xmlns:svg="http://www.w3.org/2000/svg" xmlns:office="http://openoffice.org/2000/office" xmlns:dr3d="http://openoffice.org/2000/dr3d" xmlns:chart="http://openoffice.org/2000/chart" xmlns:fo="http://www.w3.org/1999/XSL/Format" xmlns:ino="http://namespaces.softwareag.com/tamino/response2" xmlns:script="http://openoffice.org/2000/script" xmlns:math="http://www.w3.org/1998/Math/MathML" xmlns:draw="http://openoffice.org/2000/drawing" xmlns:text="http://openoffice.org/2000/text" xmlns:table="http://openoffice.org/2000/table" Sitting.Identifier="1307" Sitting.Date="2019-09-16" EP.Reference="P9_PV(2019)09-16(RCV)" EP.Number="PE 640.601" Document.Language="XL"><RollCallVoteResults.Titles><RollCallVoteResults.Title.Text Language="BG">ПРОТОКОЛ<text:line-break />Резултат от поименни гласувания - Приложение</RollCallVoteResults.Title.Text><RollCallVoteResults.Title.Text Language="CS">ZÁPIS<text:line-break />Výsledek jmenovitého hlasování - Příloha</RollCallVoteResults.Title.Text><RollCallVoteResults.Title.Text Language="DA">PROTOKOL<text:line-break />Resultat af afstemningerne ved navneopråb - Bilag</RollCallVoteResults.Title.Text><RollCallVoteResults.Title.Text Language="DE">PROTOKOLL<text:line-break />Ergebnis der namentlichen Abstimmungen - Anlage</RollCallVoteResults.Title.Text><RollCallVoteResults.Title.Text Language="EL">ΣΥΝΟΠΤIΚΑ ΠΡΑΚΤIΚΑ<text:line-break />Αποτέλεσμα των ψηφοφοριών με ονομαστική κλήση - Παράρτηµα</RollCallVoteResults.Title.Text><RollCallVoteResults.Title.Text Language="EN">MINUTES<text:line-break />Result of roll-call votes - Annex</RollCallVoteResults.Title.Text><RollCallVoteResults.Title.Text Language="ES">ACTA<text:line-break />Resultados de las votaciones nominales - Anexo</RollCallVoteResults.Title.Text><RollCallVoteResults.Title.Text Language="ET">PROTOKOLL<text:line-break />Nimelise hääletuse tulemused - lisa</RollCallVoteResults.Title.Text><RollCallVoteResults.Title.Text Language="FI">PÖYTÄKIRJA<text:line-break />Nimenhuutoäänestysten tulokset - Liite</RollCallVoteResults.Title.Text><RollCallVoteResults.Title.Text Language="FR">PROCÈS-VERBAL<text:line-break />Résultat des votes par appel nominal - Annexe</RollCallVoteResults.Title.Text><RollCallVoteResults.Title.Text Language="HR">ZAPISNIK<text:line-break />Rezultat poimeničnog glasovanja - Prilog</RollCallVoteResults.Title.Text><RollCallVoteResults.Title.Text Language="HU">JEGYZŐKÖNYV<text:line-break />A név szerinti szavazások eredménye - melléklet</RollCallVoteResults.Title.Text><RollCallVoteResults.Title.Text Language="IT">PROCESSO VERBALE<text:line-break />Risultato delle votazioni per appello nominale - Allegato</RollCallVoteResults.Title.Text><RollCallVoteResults.Title.Text Language="LT">PROTOKOLAS<text:line-break />Vardinio balsavimo rezultatai - priedas</RollCallVoteResults.Title.Text><RollCallVoteResults.Title.Text Language="LV">PROTOKOLS<text:line-break />Rezultāti balsošanai pēc saraksta - pielikums</RollCallVoteResults.Title.Text><RollCallVoteResults.Title.Text Language="MT">MINUTI<text:line-break />Riżultat tal-votazzjoni bis-sejħa tal-ismijiet - Anness</RollCallVoteResults.Title.Text><RollCallVoteResults.Title.Text Language="NL">NOTULEN<text:line-break />Uitslag van de hoofdelijke stemmingen - Bijlage</RollCallVoteResults.Title.Text><RollCallVoteResults.Title.Text Language="PL">PROTOKÓŁ<text:line-break />Wyniki głosowań imiennych - Załącznik</RollCallVoteResults.Title.Text><RollCallVoteResults.Title.Text Language="PT">ATA<text:line-break />Resultados das votações nominais - Anexo</RollCallVoteResults.Title.Text><RollCallVoteResults.Title.Text Language="RO">PROCES-VERBAL<text:line-break />Rezultatul voturilor prin apel nominal - Anexa</RollCallVoteResults.Title.Text><RollCallVoteResults.Title.Text Language="SK">ZÁPISNICA<text:line-break />Výsledok hlasovania podľa mien - Príloha</RollCallVoteResults.Title.Text><RollCallVoteResults.Title.Text Language="SL">ZAPISNIK<text:line-break />Izid poimenskega glasovanja - Priloga</RollCallVoteResults.Title.Text><RollCallVoteResults.Title.Text Language="SV">PROTOKOLL<text:line-break />Resultat av omröstningarna med namnupprop - Bilaga 2</RollCallVoteResults.Title.Text></RollCallVoteResults.Titles><RollCallVoteResults.InformationNote><text:h text:weight="bold" text:level="1">AVERTISSEMENT</text:h><text:p>Les corrections de vote sont reprises sous les points de vote concernés.</text:p><text:p>Pour toute observation éventuelle concernant les corrections/intentions de vote, voir point correspondant au procès-verbal.</text:p><text:p>Les corrections reprennent les demandes transmises avant 18h30. Les demandes parvenues ultérieurement (pendant une durée maximale de 2 semaines) figureront dans la version électronique de la présente annexe, mise à jour régulièrement.</text:p><text:p>À l'issue du délai de 2 semaines, la liste des corrections de vote sera close en vue de la publication au Journal officiel.</text:p><text:p>Signification des sigles :+ (pour), - (contre), 0 (abstention)</text:p></RollCallVoteResults.InformationNote><RollCallVoteResults.SituationDate>18/09/2019 11:33</RollCallVoteResults.SituationDate><RollCallVote.Result Identifier="108579" Date="2019-09-16" Number="1."><RollCallVote.Description.Text>Ordre du jour du mardi - demande des groupes Verts/ALE et GUE/NGL 16/09/2019 17:26:03.000</RollCallVote.Description.Text><Result.For Number="192"><Result.PoliticalGroup.List Identifier="ECR"><Member.Name MepId="6834">Geuking</Member.Name></Result.PoliticalGroup.List><Result.PoliticalGroup.List Identifier="GUE/NGL"><Member.Name MepId="7089">Arvanitis</Member.Name><Member.Name MepId="6926">Aubry</Member.Name><Member.Name MepId="7072">Barrena Arza</Member.Name><Member.Name MepId="6914">Bompard</Member.Name><Member.Name MepId="6873">Botenga</Member.Name><Member.Name MepId="6598">Carthy</Member.Name><Member.Name MepId="6922">Chaibi</Member.Name><Member.Name MepId="6024">Ernst</Member.Name><Member.Name MepId="5886">Ferreira</Member.Name><Member.Name MepId="7133">Figueiredo Nobre De Gusmão</Member.Name><Member.Name MepId="6815">Georgiou</Member.Name><Member.Name MepId="6628">Hazekamp</Member.Name><Member.Name MepId="7126">Kokkalis</Member.Name><Member.Name MepId="7087">Kountoura</Member.Name><Member.Name MepId="5992">Matias</Member.Name><Member.Name MepId="6354">Maurel</Member.Name><Member.Name MepId="6310">Michels</Member.Name><Member.Name MepId="6250">Omarjee</Member.Name><Member.Name MepId="5596">Papadimoulis</Member.Name><Member.Name MepId="6920">Pelletier</Member.Name><Member.Name MepId="7138">Pereira Sandra</Member.Name><Member.Name MepId="6758">Schirdewan</Member.Name><Member.Name MepId="5837">Scholz</Member.Name><Member.Name MepId="6715">Urbán Crespo</Member.Name><Member.Name MepId="6961">Villumsen</Member.Name></Result.PoliticalGroup.List><Result.PoliticalGroup.List Identifier="ID"><Member.Name MepId="6954">Blaško</Member.Name><Member.Name MepId="7076">Bruna</Member.Name></Result.PoliticalGroup.List><Result.PoliticalGroup.List Identifier="NI"><Member.Name MepId="6472">D'Amato</Member.Name><Member.Name MepId="6106">Dodds</Member.Name><Member.Name MepId="6413">Evi</Member.Name><Member.Name MepId="7116">Nikolaou-Alavanos</Member.Name><Member.Name MepId="6676">Papadakis Kostas</Member.Name><Member.Name MepId="7011">Patten</Member.Name><Member.Name MepId="6482">Pedicini</Member.Name><Member.Name MepId="7010">Pignedoli</Member.Name><Member.Name MepId="7177">Rondinelli</Member.Name></Result.PoliticalGroup.List><Result.PoliticalGroup.List Identifier="PPE"><Member.Name MepId="5236">Christoforou</Member.Name><Member.Name MepId="5949">Thun und Hohenstein</Member.Name></Result.PoliticalGroup.List><Result.PoliticalGroup.List Identifier="Renew"><Member.Name MepId="6400">Auštrevičius</Member.Name><Member.Name MepId="7163">Bauzá Díaz</Member.Name><Member.Name MepId="6256">Bennion</Member.Name><Member.Name MepId="6944">Bijoux</Member.Name><Member.Name MepId="7057">Botoş</Member.Name><Member.Name MepId="4958">Davies</Member.Name><Member.Name MepId="6987">Donáth</Member.Name><Member.Name MepId="6324">Durand</Member.Name><Member.Name MepId="6980">Farreng</Member.Name><Member.Name MepId="6948">Gade</Member.Name><Member.Name MepId="6959">Hayer</Member.Name><Member.Name MepId="6919">Hlaváček</Member.Name><Member.Name MepId="6844">Joveva</Member.Name><Member.Name MepId="4767">Rodríguez Ramos</Member.Name><Member.Name MepId="7058">Strugariu</Member.Name><Member.Name MepId="6159">Verhofstadt</Member.Name><Member.Name MepId="6892">Zacharopoulou</Member.Name></Result.PoliticalGroup.List><Result.PoliticalGroup.List Identifier="S&amp;D"><Member.Name MepId="7167">Ameriks</Member.Name><Member.Name MepId="6279">Andrieu</Member.Name><Member.Name MepId="6977">Ara-Kovács</Member.Name><Member.Name MepId="6553">Arena</Member.Name><Member.Name MepId="7040">Avram</Member.Name><Member.Name MepId="6888">Balt</Member.Name><Member.Name MepId="6831">Barley</Member.Name><Member.Name MepId="7047">Benea</Member.Name><Member.Name MepId="6505">Benifei</Member.Name><Member.Name MepId="5173">Beňová</Member.Name><Member.Name MepId="6796">Bergkvist</Member.Name><Member.Name MepId="6833">Bischoff</Member.Name><Member.Name MepId="6449">Bonafè</Member.Name><Member.Name MepId="6843">Brglez</Member.Name><Member.Name MepId="4690">Bullmann</Member.Name><Member.Name MepId="6838">Burkhardt</Member.Name><Member.Name MepId="7252">Carvalhais</Member.Name><Member.Name MepId="7030">Cerdas</Member.Name><Member.Name MepId="6499">Chinnici</Member.Name><Member.Name MepId="6901">Cimoszewicz</Member.Name><Member.Name MepId="6794">Cutajar</Member.Name><Member.Name MepId="6589">Dalli</Member.Name><Member.Name MepId="6806">Danielsson</Member.Name><Member.Name MepId="6062">De Castro</Member.Name><Member.Name MepId="6969">Dobrev</Member.Name><Member.Name MepId="6014">Ertug</Member.Name><Member.Name MepId="6791">Fritzon</Member.Name><Member.Name MepId="6955">Fuglsang</Member.Name><Member.Name MepId="7105">García Del Blanco</Member.Name><Member.Name MepId="7125">García Muñoz</Member.Name><Member.Name MepId="5417">García Pérez</Member.Name><Member.Name MepId="6130">Gardiazabal Rubial</Member.Name><Member.Name MepId="3827">Gebhardt</Member.Name><Member.Name MepId="7082">Glucksmann</Member.Name><Member.Name MepId="7106">González Casares</Member.Name><Member.Name MepId="6419">Grapini</Member.Name><Member.Name MepId="6580">Griffin</Member.Name><Member.Name MepId="6107">Guillaume</Member.Name><Member.Name MepId="6603">Guteland</Member.Name><Member.Name MepId="7185">Heinäluoma</Member.Name><Member.Name MepId="7122">Homs Ginel</Member.Name><Member.Name MepId="6745">Howarth</Member.Name><Member.Name MepId="7229">Hristov</Member.Name><Member.Name MepId="6624">Jongerius</Member.Name><Member.Name MepId="6009">Kammerevert</Member.Name><Member.Name MepId="6571">Kirton-Darling</Member.Name><Member.Name MepId="6916">Kohut</Member.Name><Member.Name MepId="6459">Köster</Member.Name><Member.Name MepId="7086">Larrouturou</Member.Name><Member.Name MepId="5094">Liberadzki</Member.Name><Member.Name MepId="6648">López</Member.Name><Member.Name MepId="6984">Majorino</Member.Name><Member.Name MepId="7117">Maldonado López</Member.Name><Member.Name MepId="6890">Mikser</Member.Name><Member.Name MepId="6933">Miller</Member.Name><Member.Name MepId="6351">Molnár</Member.Name><Member.Name MepId="4923">Moraes</Member.Name><Member.Name MepId="5466">Moreno Sánchez</Member.Name><Member.Name MepId="6433">Moretti</Member.Name><Member.Name MepId="6016">Neuser</Member.Name><Member.Name MepId="6418">Nica</Member.Name><Member.Name MepId="6473">Noichl</Member.Name><Member.Name MepId="6323">Papadakis Demetris</Member.Name><Member.Name MepId="7228">Penkova</Member.Name><Member.Name MepId="6484">Picierno</Member.Name><Member.Name MepId="6261">Picula</Member.Name><Member.Name MepId="6625">Piri</Member.Name><Member.Name MepId="6982">Pisapia</Member.Name><Member.Name MepId="6136">Regner</Member.Name><Member.Name MepId="6974">Rónai</Member.Name><Member.Name MepId="7128">Ruiz Devesa</Member.Name><Member.Name MepId="7110">Sánchez Amor</Member.Name><Member.Name MepId="6415">Sant</Member.Name><Member.Name MepId="5713">Schaldemose</Member.Name><Member.Name MepId="7059">Schieder</Member.Name><Member.Name MepId="6475">Schuster</Member.Name><Member.Name MepId="7065">Sidl</Member.Name><Member.Name MepId="6381">Silva Pereira</Member.Name><Member.Name MepId="6093">Sippel</Member.Name><Member.Name MepId="7176">Smeriglio</Member.Name><Member.Name MepId="6943">Spurek</Member.Name><Member.Name MepId="5624">Tarabella</Member.Name><Member.Name MepId="6983">Tinagli</Member.Name><Member.Name MepId="7247">Tudose</Member.Name><Member.Name MepId="6336">Ujhelyi</Member.Name><Member.Name MepId="7195">Ušakovs</Member.Name><Member.Name MepId="4990">Van Brempt</Member.Name><Member.Name MepId="7251">Vind</Member.Name><Member.Name MepId="7066">Vollath</Member.Name><Member.Name MepId="6735">Wölken</Member.Name><Member.Name MepId="6373">Zorrinho</Member.Name></Result.PoliticalGroup.List><Result.PoliticalGroup.List Identifier="Verts/ALE"><Member.Name MepId="7084">Ainslie</Member.Name><Member.Name MepId="6845">Andresen</Member.Name><Member.Name MepId="5291">Auken</Member.Name><Member.Name MepId="6829">Breyer</Member.Name><Member.Name MepId="6867">Bricmont</Member.Name><Member.Name MepId="6455">Buchner</Member.Name><Member.Name MepId="6847">Cavazzini</Member.Name><Member.Name MepId="7102">Chowns</Member.Name><Member.Name MepId="6897">Cormand</Member.Name><Member.Name MepId="7043">Cuffe</Member.Name><Member.Name MepId="6924">Delbos-Corfield</Member.Name><Member.Name MepId="6850">Deparnay-Grunenberg</Member.Name><Member.Name MepId="6868">De Sutter</Member.Name><Member.Name MepId="7004">Dowding</Member.Name><Member.Name MepId="5899">Eickhout</Member.Name><Member.Name MepId="6853">Geese</Member.Name><Member.Name MepId="6942">Gregorová</Member.Name><Member.Name MepId="5926">Häusling</Member.Name><Member.Name MepId="4535">Hautala</Member.Name><Member.Name MepId="6797">Holmgren</Member.Name><Member.Name MepId="6939">Kolaja</Member.Name><Member.Name MepId="6795">Kuhnke</Member.Name><Member.Name MepId="5838">Lamberts</Member.Name><Member.Name MepId="6858">Langensiepen</Member.Name><Member.Name MepId="7197">Magid</Member.Name><Member.Name MepId="6861">Neumann</Member.Name><Member.Name MepId="6862">Nienaß</Member.Name><Member.Name MepId="7187">Niinistö</Member.Name><Member.Name MepId="6963">Peter-Hansen</Member.Name><Member.Name MepId="7098">Phillips Alexandra Louise Rosenfield</Member.Name><Member.Name MepId="6529">Reintke</Member.Name><Member.Name MepId="7217">Riba i Giner</Member.Name><Member.Name MepId="5917">Rivasi</Member.Name><Member.Name MepId="6900">Roose</Member.Name><Member.Name MepId="6994">Rowett</Member.Name><Member.Name MepId="6893">Satouri</Member.Name><Member.Name MepId="6560">Scott Cato</Member.Name><Member.Name MepId="6822">Semsrott</Member.Name><Member.Name MepId="6894">Toussaint</Member.Name><Member.Name MepId="6591">Urtasun</Member.Name><Member.Name MepId="6551">Vana</Member.Name><Member.Name MepId="7237">Van Sparrentak</Member.Name><Member.Name MepId="6848">Von Cramon-Taubadel</Member.Name><Member.Name MepId="7064">Wiener</Member.Name><Member.Name MepId="6904">Yenbou</Member.Name></Result.PoliticalGroup.List></Result.For><Result.Against Number="228"><Result.PoliticalGroup.List Identifier="ECR"><Member.Name MepId="6511">Dzhambazki</Member.Name><Member.Name MepId="5472">Fotyga</Member.Name><Member.Name MepId="6909">Jaki</Member.Name><Member.Name MepId="6866">Kanko</Member.Name><Member.Name MepId="6912">Kempa</Member.Name><Member.Name MepId="6923">Kopcińska</Member.Name><Member.Name MepId="6530">Krasnodębski</Member.Name><Member.Name MepId="5507">Kuźmiuk</Member.Name><Member.Name MepId="6234">McIntyre</Member.Name><Member.Name MepId="6931">Mazurek</Member.Name><Member.Name MepId="6934">Możdżanowska</Member.Name><Member.Name MepId="6937">Rafalska</Member.Name><Member.Name MepId="6938">Rzońca</Member.Name><Member.Name MepId="7231">Slabakov</Member.Name><Member.Name MepId="6300">Tomašić</Member.Name><Member.Name MepId="6956">Waszczykowski</Member.Name><Member.Name MepId="6808">Weimers</Member.Name><Member.Name MepId="6515">Wiśniewska</Member.Name><Member.Name MepId="5598">Zīle</Member.Name></Result.PoliticalGroup.List><Result.PoliticalGroup.List Identifier="ID"><Member.Name MepId="7211">Adinolfi Matteo</Member.Name><Member.Name MepId="6872">Anderson Christine</Member.Name><Member.Name MepId="7079">Androuët</Member.Name><Member.Name MepId="7174">Baldassarre</Member.Name><Member.Name MepId="6988">Bardella</Member.Name><Member.Name MepId="7001">Basso</Member.Name><Member.Name MepId="6394">Bay</Member.Name><Member.Name MepId="6875">Berg</Member.Name><Member.Name MepId="6179">Bizzotto</Member.Name><Member.Name MepId="7172">Bonfrisco</Member.Name><Member.Name MepId="7000">Borchia</Member.Name><Member.Name MepId="6876">Buchheit</Member.Name><Member.Name MepId="6981">Campomenosi</Member.Name><Member.Name MepId="7182">Caroppo</Member.Name><Member.Name MepId="7181">Casanova</Member.Name><Member.Name MepId="7007">Conte</Member.Name><Member.Name MepId="6999">Da Re</Member.Name><Member.Name MepId="6869">De Man</Member.Name><Member.Name MepId="7207">Donato</Member.Name><Member.Name MepId="7005">Dreosto</Member.Name><Member.Name MepId="6877">Fest</Member.Name><Member.Name MepId="7184">Grant</Member.Name><Member.Name MepId="7019">Griset</Member.Name><Member.Name MepId="7246">Haider</Member.Name><Member.Name MepId="6989">Hakkarainen</Member.Name><Member.Name MepId="6986">Huhtasaari</Member.Name><Member.Name MepId="6751">Jamet</Member.Name><Member.Name MepId="6960">Kofod</Member.Name><Member.Name MepId="6879">Kuhs</Member.Name><Member.Name MepId="6771">Lancini</Member.Name><Member.Name MepId="6990">Laporte</Member.Name><Member.Name MepId="6372">Lebreton</Member.Name><Member.Name MepId="7074">Lechanteux</Member.Name><Member.Name MepId="7002">Lizzi</Member.Name><Member.Name MepId="7013">Mariani</Member.Name><Member.Name MepId="6627">Mayer</Member.Name><Member.Name MepId="6399">Mélin</Member.Name><Member.Name MepId="6759">Meuthen</Member.Name><Member.Name MepId="7075">Olivier</Member.Name><Member.Name MepId="7175">Regimenti</Member.Name><Member.Name MepId="7171">Rinaldi</Member.Name><Member.Name MepId="7006">Rivière</Member.Name><Member.Name MepId="6968">Sardone</Member.Name><Member.Name MepId="7234">Vandendriessche</Member.Name><Member.Name MepId="6610">Vilimsky</Member.Name><Member.Name MepId="7183">Vuolo</Member.Name><Member.Name MepId="6414">Zanni</Member.Name><Member.Name MepId="6882">Zimniok</Member.Name></Result.PoliticalGroup.List><Result.PoliticalGroup.List Identifier="NI"><Member.Name MepId="7096">Fox</Member.Name><Member.Name MepId="7243">Gyöngyösi</Member.Name><Member.Name MepId="7100">Overgaard Nielsen</Member.Name><Member.Name MepId="7115">Rowland</Member.Name><Member.Name MepId="7147">Uhrík</Member.Name></Result.PoliticalGroup.List><Result.PoliticalGroup.List Identifier="PPE"><Member.Name MepId="6755">Ademov</Member.Name><Member.Name MepId="7219">Alexandrov Yordanov</Member.Name><Member.Name MepId="7129">Amaro</Member.Name><Member.Name MepId="5980">Arias Echeverría</Member.Name><Member.Name MepId="6885">Arłukowicz</Member.Name><Member.Name MepId="6927">Bellamy</Member.Name><Member.Name MepId="6807">Bentele</Member.Name><Member.Name MepId="6809">Berger</Member.Name><Member.Name MepId="7037">Bernhuber</Member.Name><Member.Name MepId="7155">Bilčík</Member.Name><Member.Name MepId="7026">Blaga</Member.Name><Member.Name MepId="6343">Bocskor</Member.Name><Member.Name MepId="6613">Bogovič</Member.Name><Member.Name MepId="6617">Buda</Member.Name><Member.Name MepId="5729">Buşoi</Member.Name><Member.Name MepId="5388">Buzek</Member.Name><Member.Name MepId="6039">Carvalho</Member.Name><Member.Name MepId="5252">Casa</Member.Name><Member.Name MepId="5981">van Dalen</Member.Name><Member.Name MepId="5921">Danjean</Member.Name><Member.Name MepId="6345">Deli</Member.Name><Member.Name MepId="5960">Dorfmann</Member.Name><Member.Name MepId="6810">Düpont</Member.Name><Member.Name MepId="7032">Edtstadler</Member.Name><Member.Name MepId="5983">Estaràs Ferragut</Member.Name><Member.Name MepId="7038">Falcă</Member.Name><Member.Name MepId="3833">Ferber</Member.Name><Member.Name MepId="7108">Fitzgerald</Member.Name><Member.Name MepId="6813">Fourlas</Member.Name><Member.Name MepId="6906">Frankowski</Member.Name><Member.Name MepId="6852">Franssen</Member.Name><Member.Name MepId="4659">Gahler</Member.Name><Member.Name MepId="5280">Gál</Member.Name><Member.Name MepId="6441">Gieseke</Member.Name><Member.Name MepId="6632">González Pons</Member.Name><Member.Name MepId="6002">Győri</Member.Name><Member.Name MepId="6907">Halicki</Member.Name><Member.Name MepId="6777">Hansen</Member.Name><Member.Name MepId="6318">Hidvéghi</Member.Name><Member.Name MepId="5953">Hohlmeier</Member.Name><Member.Name MepId="6346">Hölvényi</Member.Name><Member.Name MepId="5271">Járóka</Member.Name><Member.Name MepId="6910">Jarubas</Member.Name><Member.Name MepId="7223">Juknevičienė</Member.Name><Member.Name MepId="4669">Karas</Member.Name><Member.Name MepId="6666">Kefalogiannis</Member.Name><Member.Name MepId="6805">Kokalari</Member.Name><Member.Name MepId="6918">Kopacz</Member.Name><Member.Name MepId="6001">Kósa</Member.Name><Member.Name MepId="6196">Kovatchev</Member.Name><Member.Name MepId="7226">Kubilius</Member.Name><Member.Name MepId="7080">Kympouropoulos</Member.Name><Member.Name MepId="6662">Kyrtsos</Member.Name><Member.Name MepId="5727">de Lange</Member.Name><Member.Name MepId="6592">Lenaers</Member.Name><Member.Name MepId="5105">Lewandowski</Member.Name><Member.Name MepId="3855">Liese</Member.Name><Member.Name MepId="6442">Lins</Member.Name><Member.Name MepId="5517">López-Istúriz White</Member.Name><Member.Name MepId="6440">McAllister</Member.Name><Member.Name MepId="5245">McGuinness</Member.Name><Member.Name MepId="6761">Mandl</Member.Name><Member.Name MepId="5646">Marinescu</Member.Name><Member.Name MepId="7224">Mažylis</Member.Name><Member.Name MepId="5518">Millán Mon</Member.Name><Member.Name MepId="6825">Mortler</Member.Name><Member.Name MepId="4712">Niebler</Member.Name><Member.Name MepId="6332">Niedermayer</Member.Name><Member.Name MepId="5413">Novak</Member.Name><Member.Name MepId="6709">Novakov</Member.Name><Member.Name MepId="5407">Olbrycht</Member.Name><Member.Name MepId="6819">Peeters</Member.Name><Member.Name MepId="7120">Pereira Lídia</Member.Name><Member.Name MepId="6803">Polfjärd</Member.Name><Member.Name MepId="6488">Radev</Member.Name><Member.Name MepId="6750">Radtke</Member.Name><Member.Name MepId="6812">Ressler</Member.Name><Member.Name MepId="6370">Sander</Member.Name><Member.Name MepId="7045">Schmiedtbauer</Member.Name><Member.Name MepId="6821">Schneider</Member.Name><Member.Name MepId="6636">Schreijer-Pierik</Member.Name><Member.Name MepId="5345">Schwab</Member.Name><Member.Name MepId="6823">Seekatz</Member.Name><Member.Name MepId="6824">Simon</Member.Name><Member.Name MepId="6790">Skyttedal</Member.Name><Member.Name MepId="6341">Šojdrová</Member.Name><Member.Name MepId="6816">Sokol</Member.Name><Member.Name MepId="6663">Spyraki</Member.Name><Member.Name MepId="6547">Štefanec</Member.Name><Member.Name MepId="4482">Tajani</Member.Name><Member.Name MepId="7056">Thaler</Member.Name><Member.Name MepId="6801">Tobé</Member.Name><Member.Name MepId="7061">Tomac</Member.Name><Member.Name MepId="6681">Tomc</Member.Name><Member.Name MepId="6965">Tóth</Member.Name><Member.Name MepId="5714">Vălean</Member.Name><Member.Name MepId="5930">Verheyen</Member.Name><Member.Name MepId="7062">Vincze</Member.Name><Member.Name MepId="6356">Virkkunen</Member.Name><Member.Name MepId="6664">Vozemberg-Vrionidi</Member.Name><Member.Name MepId="7233">Walsh</Member.Name><Member.Name MepId="6827">Walsmann</Member.Name><Member.Name MepId="6804">Warborn</Member.Name><Member.Name MepId="5351">Weber</Member.Name><Member.Name MepId="6908">Weiss</Member.Name><Member.Name MepId="7153">Wiezik</Member.Name><Member.Name MepId="5782">Winkler</Member.Name><Member.Name MepId="7041">Winzig</Member.Name><Member.Name MepId="6997">Zarzalejos Nieto</Member.Name><Member.Name MepId="6344">Zdechovský</Member.Name><Member.Name MepId="7012">Zoido Álvarez</Member.Name><Member.Name MepId="6094">Zver</Member.Name></Result.PoliticalGroup.List><Result.PoliticalGroup.List Identifier="Renew"><Member.Name MepId="6799">Al-Sahlani</Member.Name><Member.Name MepId="6327">Ansip</Member.Name><Member.Name MepId="7165">Azmani</Member.Name><Member.Name MepId="6089">Bilbao Barandica</Member.Name><Member.Name MepId="6967">Boyer</Member.Name><Member.Name MepId="6973">Cañas</Member.Name><Member.Name MepId="5891">Canfin</Member.Name><Member.Name MepId="6339">Charanzová</Member.Name><Member.Name MepId="6860">Chastel</Member.Name><Member.Name MepId="6898">Decerle</Member.Name><Member.Name MepId="6340">Dlabajová</Member.Name><Member.Name MepId="6601">Federley</Member.Name><Member.Name MepId="6818">Flego</Member.Name><Member.Name MepId="6947">Garicano</Member.Name><Member.Name MepId="6849">Grošelj</Member.Name><Member.Name MepId="6841">Hahn Svenja</Member.Name><Member.Name MepId="6622">Huitema</Member.Name><Member.Name MepId="5385">in 't Veld</Member.Name><Member.Name MepId="6975">Karleskind</Member.Name><Member.Name MepId="6800">Karlsbro</Member.Name><Member.Name MepId="5021">Keller Fabienne</Member.Name><Member.Name MepId="6921">Knotek</Member.Name><Member.Name MepId="6842">Körner</Member.Name><Member.Name MepId="6917">Kovařík</Member.Name><Member.Name MepId="6887">Loiseau</Member.Name><Member.Name MepId="6915">Maxová</Member.Name><Member.Name MepId="6957">Melchior</Member.Name><Member.Name MepId="6690">Mihaylova</Member.Name><Member.Name MepId="6500">Müller</Member.Name><Member.Name MepId="6760">Nagtegaal</Member.Name><Member.Name MepId="6996">Nethsingha</Member.Name><Member.Name MepId="1141">Newton Dunn</Member.Name><Member.Name MepId="6830">Oetjen</Member.Name><Member.Name MepId="6644">Pagazaurtundúa</Member.Name><Member.Name MepId="6953">Pekkarinen</Member.Name><Member.Name MepId="6510">Petersen</Member.Name><Member.Name MepId="4676">Ries</Member.Name><Member.Name MepId="6056">Riquet</Member.Name><Member.Name MepId="7236">Schreinemacher</Member.Name><Member.Name MepId="6902">Séjourné</Member.Name><Member.Name MepId="6281">Torvalds</Member.Name><Member.Name MepId="6985">Trillet-Lenoir</Member.Name><Member.Name MepId="6710">Vautmans</Member.Name><Member.Name MepId="6896">Vedrenne</Member.Name></Result.PoliticalGroup.List></Result.Against><Result.Abstention Number="13"><Result.PoliticalGroup.List Identifier="ECR"><Member.Name MepId="6798">Stegrud</Member.Name></Result.PoliticalGroup.List><Result.PoliticalGroup.List Identifier="NI"><Member.Name MepId="6748">Bullock</Member.Name><Member.Name MepId="7144">Daubney</Member.Name><Member.Name MepId="7118">De Lucy</Member.Name><Member.Name MepId="7188">England Kerr</Member.Name><Member.Name MepId="6584">Gill Nathan</Member.Name><Member.Name MepId="6993">Heaver</Member.Name><Member.Name MepId="7136">Jordan</Member.Name><Member.Name MepId="7143">Lowe</Member.Name><Member.Name MepId="6995">Mummery</Member.Name><Member.Name MepId="7101">Phillips Alexandra Lesley</Member.Name><Member.Name MepId="7198">Pugh</Member.Name><Member.Name MepId="7093">Tennant</Member.Name></Result.PoliticalGroup.List></Result.Abstention><CorrectionResult.Titles><RollCallVoteResults.Corrections.Title.Text Language="BG">ПОПРАВКИ В ПОДАДЕНИТЕ ГЛАСОВЕ И НАМЕРЕНИЯ ЗА ГЛАСУВАНЕ</RollCallVoteResults.Corrections.Title.Text><RollCallVoteResults.Corrections.Title.Text Language="CS">OPRAVY HLASOVÁNÍ A SDĚLENÍ O ÚMYSLU HLASOVAT</RollCallVoteResults.Corrections.Title.Text><RollCallVoteResults.Corrections.Title.Text Language="DA">STEMMERETTELSER OG –INTENTIONER</RollCallVoteResults.Corrections.Title.Text><RollCallVoteResults.Corrections.Title.Text Language="DE">BERICHTIGUNGEN DES STIMMVERHALTENS UND BEABSICHTIGTES STIMMVERHALTEN</RollCallVoteResults.Corrections.Title.Text><RollCallVoteResults.Corrections.Title.Text Language="EL">ΔΙΟΡΘΩΣΕΙΣ ΚΑΙ ΠΡΟΘΕΣΕΙΣ ΨΗΦΟΥ</RollCallVoteResults.Corrections.Title.Text><RollCallVoteResults.Corrections.Title.Text Language="EN">CORRECTIONS TO VOTES AND VOTING INTENTIONS</RollCallVoteResults.Corrections.Title.Text><RollCallVoteResults.Corrections.Title.Text Language="ES">CORRECCIONES E INTENCIONES DE VOTO</RollCallVoteResults.Corrections.Title.Text><RollCallVoteResults.Corrections.Title.Text Language="ET">HÄÄLETUSE PARANDUSED JA HÄÄLETUSKAVATSUSED</RollCallVoteResults.Corrections.Title.Text><RollCallVoteResults.Corrections.Title.Text Language="FI">ÄÄNESTYSKÄYTTÄYTYMISTÄ JA ÄÄNESTYSAIKEITA KOSKEVAT ILMOITUKSET</RollCallVoteResults.Corrections.Title.Text><RollCallVoteResults.Corrections.Title.Text Language="FR">CORRECTIONS ET INTENTIONS DE VOTE</RollCallVoteResults.Corrections.Title.Text><RollCallVoteResults.Corrections.Title.Text Language="GA">CEARTÚCHÁIN AR AN VÓTA AGUS INTINNÍ VÓTÁLA</RollCallVoteResults.Corrections.Title.Text><RollCallVoteResults.Corrections.Title.Text Language="HR">IZMJENE DANIH GLASOVA I NAMJERE GLASAČA</RollCallVoteResults.Corrections.Title.Text><RollCallVoteResults.Corrections.Title.Text Language="HU">SZAVAZATOK HELYESBÍTÉSEI ÉS SZAVAZÁSI SZÁNDÉKOK</RollCallVoteResults.Corrections.Title.Text><RollCallVoteResults.Corrections.Title.Text Language="IT">CORREZIONI E INTENZIONI DI VOTO</RollCallVoteResults.Corrections.Title.Text><RollCallVoteResults.Corrections.Title.Text Language="LT">BALSOJUMU LABOJUMI UN NODOMI BALSOT</RollCallVoteResults.Corrections.Title.Text><RollCallVoteResults.Corrections.Title.Text Language="LV">BALSAVIMO PATAISYMAI IR KETINIMAI</RollCallVoteResults.Corrections.Title.Text><RollCallVoteResults.Corrections.Title.Text Language="NL">RECTIFICATIES STEMGEDRAG/ VOORGENOMEN STEMGEDRAG</RollCallVoteResults.Corrections.Title.Text><RollCallVoteResults.Corrections.Title.Text Language="MT">KORREZZJONIJIET U INTENZJONIJIET GĦALL-VOT</RollCallVoteResults.Corrections.Title.Text><RollCallVoteResults.Corrections.Title.Text Language="PL">KOREKTY DO GŁOSOWANIA I ZAMIAR GŁOSOWANIA</RollCallVoteResults.Corrections.Title.Text><RollCallVoteResults.Corrections.Title.Text Language="PT">CORRECÇÕES E INTENÇÕES DE VOTO</RollCallVoteResults.Corrections.Title.Text><RollCallVoteResults.Corrections.Title.Text Language="RO">CORECTĂRI ŞI INTENŢII DE VOT OPRAVY HLASOVANIA A ZÁMERY PRI HLASOVANÍ</RollCallVoteResults.Corrections.Title.Text><RollCallVoteResults.Corrections.Title.Text Language="SK">POPRAVKI IN NAMERE GLASOVANJA</RollCallVoteResults.Corrections.Title.Text><RollCallVoteResults.Corrections.Title.Text Language="SL">ÄÄNESTYSKÄYTTÄYTYMISTÄ JA ÄÄNESTYSAIKEITA KOSKEVAT ILMOITUKSET</RollCallVoteResults.Corrections.Title.Text><RollCallVoteResults.Corrections.Title.Text Language="SV">RÄTTELSER/AVSIKTSFÖRKLARINGAR TILL AVGIVNA RÖSTER</RollCallVoteResults.Corrections.Title.Text><CorrectionResult.For><Member.Name>Corina Crețu</Member.Name><Member.Name>Loucas Fourlas</Member.Name></CorrectionResult.For><CorrectionResult.Against><Member.Name>Annika Bruna</Member.Name></CorrectionResult.Against><CorrectionResult.Abstention><Member.Name /></CorrectionResult.Abstention></CorrectionResult.Titles></RollCallVote.Result><RollCallVote.Result Identifier="108580" Date="2019-09-16" Number="2."><RollCallVote.Description.Text>Ordre du jour du mardi - demande des groupes ID et GUE/NGL 16/09/2019 17:32:45.000</RollCallVote.Description.Text><Result.For Number="175"><Result.PoliticalGroup.List Identifier="ECR"><Member.Name MepId="5472">Fotyga</Member.Name><Member.Name MepId="6834">Geuking</Member.Name><Member.Name MepId="6909">Jaki</Member.Name><Member.Name MepId="6911">Jurgiel</Member.Name><Member.Name MepId="6912">Kempa</Member.Name><Member.Name MepId="6923">Kopcińska</Member.Name><Member.Name MepId="6530">Krasnodębski</Member.Name><Member.Name MepId="5507">Kuźmiuk</Member.Name><Member.Name MepId="6931">Mazurek</Member.Name><Member.Name MepId="6934">Możdżanowska</Member.Name><Member.Name MepId="6937">Rafalska</Member.Name><Member.Name MepId="6938">Rzońca</Member.Name><Member.Name MepId="6798">Stegrud</Member.Name><Member.Name MepId="6956">Waszczykowski</Member.Name><Member.Name MepId="6515">Wiśniewska</Member.Name></Result.PoliticalGroup.List><Result.PoliticalGroup.List Identifier="GUE/NGL"><Member.Name MepId="7089">Arvanitis</Member.Name><Member.Name MepId="6926">Aubry</Member.Name><Member.Name MepId="7072">Barrena Arza</Member.Name><Member.Name MepId="6914">Bompard</Member.Name><Member.Name MepId="6873">Botenga</Member.Name><Member.Name MepId="6598">Carthy</Member.Name><Member.Name MepId="6922">Chaibi</Member.Name><Member.Name MepId="5886">Ferreira</Member.Name><Member.Name MepId="7133">Figueiredo Nobre De Gusmão</Member.Name><Member.Name MepId="6597">Flanagan</Member.Name><Member.Name MepId="6815">Georgiou</Member.Name><Member.Name MepId="6628">Hazekamp</Member.Name><Member.Name MepId="6814">Kizilyürek</Member.Name><Member.Name MepId="7126">Kokkalis</Member.Name><Member.Name MepId="7087">Kountoura</Member.Name><Member.Name MepId="5992">Matias</Member.Name><Member.Name MepId="6354">Maurel</Member.Name><Member.Name MepId="6250">Omarjee</Member.Name><Member.Name MepId="5596">Papadimoulis</Member.Name><Member.Name MepId="6920">Pelletier</Member.Name><Member.Name MepId="7138">Pereira Sandra</Member.Name><Member.Name MepId="6758">Schirdewan</Member.Name><Member.Name MepId="5837">Scholz</Member.Name><Member.Name MepId="6715">Urbán Crespo</Member.Name><Member.Name MepId="6961">Villumsen</Member.Name></Result.PoliticalGroup.List><Result.PoliticalGroup.List Identifier="ID"><Member.Name MepId="7211">Adinolfi Matteo</Member.Name><Member.Name MepId="6872">Anderson Christine</Member.Name><Member.Name MepId="7079">Androuët</Member.Name><Member.Name MepId="6593">Annemans</Member.Name><Member.Name MepId="7174">Baldassarre</Member.Name><Member.Name MepId="6988">Bardella</Member.Name><Member.Name MepId="7001">Basso</Member.Name><Member.Name MepId="6394">Bay</Member.Name><Member.Name MepId="6875">Berg</Member.Name><Member.Name MepId="6179">Bizzotto</Member.Name><Member.Name MepId="6954">Blaško</Member.Name><Member.Name MepId="7172">Bonfrisco</Member.Name><Member.Name MepId="7000">Borchia</Member.Name><Member.Name MepId="7076">Bruna</Member.Name><Member.Name MepId="6876">Buchheit</Member.Name><Member.Name MepId="6981">Campomenosi</Member.Name><Member.Name MepId="7182">Caroppo</Member.Name><Member.Name MepId="7181">Casanova</Member.Name><Member.Name MepId="7007">Conte</Member.Name><Member.Name MepId="6999">Da Re</Member.Name><Member.Name MepId="6869">De Man</Member.Name><Member.Name MepId="7207">Donato</Member.Name><Member.Name MepId="7005">Dreosto</Member.Name><Member.Name MepId="6877">Fest</Member.Name><Member.Name MepId="7184">Grant</Member.Name><Member.Name MepId="7019">Griset</Member.Name><Member.Name MepId="7246">Haider</Member.Name><Member.Name MepId="6989">Hakkarainen</Member.Name><Member.Name MepId="6986">Huhtasaari</Member.Name><Member.Name MepId="6751">Jamet</Member.Name><Member.Name MepId="6960">Kofod</Member.Name><Member.Name MepId="6879">Kuhs</Member.Name><Member.Name MepId="6771">Lancini</Member.Name><Member.Name MepId="6990">Laporte</Member.Name><Member.Name MepId="6372">Lebreton</Member.Name><Member.Name MepId="7074">Lechanteux</Member.Name><Member.Name MepId="7002">Lizzi</Member.Name><Member.Name MepId="7013">Mariani</Member.Name><Member.Name MepId="6627">Mayer</Member.Name><Member.Name MepId="6399">Mélin</Member.Name><Member.Name MepId="6759">Meuthen</Member.Name><Member.Name MepId="7075">Olivier</Member.Name><Member.Name MepId="7020">Pirbakas</Member.Name><Member.Name MepId="7175">Regimenti</Member.Name><Member.Name MepId="7171">Rinaldi</Member.Name><Member.Name MepId="7006">Rivière</Member.Name><Member.Name MepId="7078">Rougé</Member.Name><Member.Name MepId="6968">Sardone</Member.Name><Member.Name MepId="7234">Vandendriessche</Member.Name><Member.Name MepId="6610">Vilimsky</Member.Name><Member.Name MepId="7183">Vuolo</Member.Name><Member.Name MepId="6414">Zanni</Member.Name><Member.Name MepId="6882">Zimniok</Member.Name></Result.PoliticalGroup.List><Result.PoliticalGroup.List Identifier="NI"><Member.Name MepId="6748">Bullock</Member.Name><Member.Name MepId="6472">D'Amato</Member.Name><Member.Name MepId="7144">Daubney</Member.Name><Member.Name MepId="7118">De Lucy</Member.Name><Member.Name MepId="6106">Dodds</Member.Name><Member.Name MepId="7188">England Kerr</Member.Name><Member.Name MepId="6413">Evi</Member.Name><Member.Name MepId="7091">Forman</Member.Name><Member.Name MepId="7096">Fox</Member.Name><Member.Name MepId="6584">Gill Nathan</Member.Name><Member.Name MepId="6993">Heaver</Member.Name><Member.Name MepId="7136">Jordan</Member.Name><Member.Name MepId="7143">Lowe</Member.Name><Member.Name MepId="6995">Mummery</Member.Name><Member.Name MepId="7116">Nikolaou-Alavanos</Member.Name><Member.Name MepId="7100">Overgaard Nielsen</Member.Name><Member.Name MepId="6676">Papadakis Kostas</Member.Name><Member.Name MepId="7011">Patten</Member.Name><Member.Name MepId="6482">Pedicini</Member.Name><Member.Name MepId="7101">Phillips Alexandra Lesley</Member.Name><Member.Name MepId="7198">Pugh</Member.Name><Member.Name MepId="7148">Radačovský</Member.Name><Member.Name MepId="7177">Rondinelli</Member.Name><Member.Name MepId="7115">Rowland</Member.Name><Member.Name MepId="7093">Tennant</Member.Name><Member.Name MepId="7147">Uhrík</Member.Name></Result.PoliticalGroup.List><Result.PoliticalGroup.List Identifier="PPE"><Member.Name MepId="7060">Băsescu</Member.Name><Member.Name MepId="6929">Colin-Oesterlé</Member.Name><Member.Name MepId="5945">Jahr</Member.Name><Member.Name MepId="7080">Kympouropoulos</Member.Name><Member.Name MepId="5782">Winkler</Member.Name></Result.PoliticalGroup.List><Result.PoliticalGroup.List Identifier="Renew"><Member.Name MepId="6973">Cañas</Member.Name><Member.Name MepId="6644">Pagazaurtundúa</Member.Name></Result.PoliticalGroup.List><Result.PoliticalGroup.List Identifier="S&amp;D"><Member.Name MepId="7082">Glucksmann</Member.Name><Member.Name MepId="6419">Grapini</Member.Name><Member.Name MepId="7027">Marques Margarida</Member.Name><Member.Name MepId="6473">Noichl</Member.Name><Member.Name MepId="6982">Pisapia</Member.Name><Member.Name MepId="7186">Roberti</Member.Name></Result.PoliticalGroup.List><Result.PoliticalGroup.List Identifier="Verts/ALE"><Member.Name MepId="7084">Ainslie</Member.Name><Member.Name MepId="6845">Andresen</Member.Name><Member.Name MepId="5291">Auken</Member.Name><Member.Name MepId="6829">Breyer</Member.Name><Member.Name MepId="6867">Bricmont</Member.Name><Member.Name MepId="6455">Buchner</Member.Name><Member.Name MepId="7102">Chowns</Member.Name><Member.Name MepId="6897">Cormand</Member.Name><Member.Name MepId="7043">Cuffe</Member.Name><Member.Name MepId="6924">Delbos-Corfield</Member.Name><Member.Name MepId="6850">Deparnay-Grunenberg</Member.Name><Member.Name MepId="6868">De Sutter</Member.Name><Member.Name MepId="7004">Dowding</Member.Name><Member.Name MepId="5899">Eickhout</Member.Name><Member.Name MepId="6942">Gregorová</Member.Name><Member.Name MepId="6854">Hahn Henrike</Member.Name><Member.Name MepId="5926">Häusling</Member.Name><Member.Name MepId="4535">Hautala</Member.Name><Member.Name MepId="6797">Holmgren</Member.Name><Member.Name MepId="6939">Kolaja</Member.Name><Member.Name MepId="6795">Kuhnke</Member.Name><Member.Name MepId="6858">Langensiepen</Member.Name><Member.Name MepId="7197">Magid</Member.Name><Member.Name MepId="6861">Neumann</Member.Name><Member.Name MepId="6862">Nienaß</Member.Name><Member.Name MepId="7187">Niinistö</Member.Name><Member.Name MepId="6963">Peter-Hansen</Member.Name><Member.Name MepId="7098">Phillips Alexandra Louise Rosenfield</Member.Name><Member.Name MepId="6529">Reintke</Member.Name><Member.Name MepId="7217">Riba i Giner</Member.Name><Member.Name MepId="5917">Rivasi</Member.Name><Member.Name MepId="6900">Roose</Member.Name><Member.Name MepId="6994">Rowett</Member.Name><Member.Name MepId="6893">Satouri</Member.Name><Member.Name MepId="6560">Scott Cato</Member.Name><Member.Name MepId="6822">Semsrott</Member.Name><Member.Name MepId="7156">Strik</Member.Name><Member.Name MepId="6894">Toussaint</Member.Name><Member.Name MepId="6551">Vana</Member.Name><Member.Name MepId="7237">Van Sparrentak</Member.Name><Member.Name MepId="6848">Von Cramon-Taubadel</Member.Name><Member.Name MepId="7064">Wiener</Member.Name><Member.Name MepId="6904">Yenbou</Member.Name></Result.PoliticalGroup.List></Result.For><Result.Against Number="274"><Result.PoliticalGroup.List Identifier="ECR"><Member.Name MepId="6864">Bourgeois</Member.Name><Member.Name MepId="6511">Dzhambazki</Member.Name><Member.Name MepId="6866">Kanko</Member.Name><Member.Name MepId="6234">McIntyre</Member.Name><Member.Name MepId="7097">Roos</Member.Name><Member.Name MepId="7157">Ruissen</Member.Name><Member.Name MepId="7231">Slabakov</Member.Name><Member.Name MepId="6300">Tomašić</Member.Name><Member.Name MepId="6808">Weimers</Member.Name><Member.Name MepId="5598">Zīle</Member.Name></Result.PoliticalGroup.List><Result.PoliticalGroup.List Identifier="NI"><Member.Name MepId="7243">Gyöngyösi</Member.Name></Result.PoliticalGroup.List><Result.PoliticalGroup.List Identifier="PPE"><Member.Name MepId="6755">Ademov</Member.Name><Member.Name MepId="7219">Alexandrov Yordanov</Member.Name><Member.Name MepId="7129">Amaro</Member.Name><Member.Name MepId="5980">Arias Echeverría</Member.Name><Member.Name MepId="6885">Arłukowicz</Member.Name><Member.Name MepId="6927">Bellamy</Member.Name><Member.Name MepId="6807">Bentele</Member.Name><Member.Name MepId="7162">Berendsen</Member.Name><Member.Name MepId="6809">Berger</Member.Name><Member.Name MepId="7037">Bernhuber</Member.Name><Member.Name MepId="7155">Bilčík</Member.Name><Member.Name MepId="7026">Blaga</Member.Name><Member.Name MepId="6343">Bocskor</Member.Name><Member.Name MepId="6613">Bogovič</Member.Name><Member.Name MepId="6617">Buda</Member.Name><Member.Name MepId="5388">Buzek</Member.Name><Member.Name MepId="6039">Carvalho</Member.Name><Member.Name MepId="5252">Casa</Member.Name><Member.Name MepId="5236">Christoforou</Member.Name><Member.Name MepId="5981">van Dalen</Member.Name><Member.Name MepId="5921">Danjean</Member.Name><Member.Name MepId="6345">Deli</Member.Name><Member.Name MepId="5960">Dorfmann</Member.Name><Member.Name MepId="6810">Düpont</Member.Name><Member.Name MepId="7032">Edtstadler</Member.Name><Member.Name MepId="5983">Estaràs Ferragut</Member.Name><Member.Name MepId="7038">Falcă</Member.Name><Member.Name MepId="3833">Ferber</Member.Name><Member.Name MepId="6068">Fernandes</Member.Name><Member.Name MepId="7108">Fitzgerald</Member.Name><Member.Name MepId="6813">Fourlas</Member.Name><Member.Name MepId="6906">Frankowski</Member.Name><Member.Name MepId="6852">Franssen</Member.Name><Member.Name MepId="4659">Gahler</Member.Name><Member.Name MepId="5280">Gál</Member.Name><Member.Name MepId="6441">Gieseke</Member.Name><Member.Name MepId="6632">González Pons</Member.Name><Member.Name MepId="6002">Győri</Member.Name><Member.Name MepId="6907">Halicki</Member.Name><Member.Name MepId="6777">Hansen</Member.Name><Member.Name MepId="7035">Hava</Member.Name><Member.Name MepId="6318">Hidvéghi</Member.Name><Member.Name MepId="5953">Hohlmeier</Member.Name><Member.Name MepId="6346">Hölvényi</Member.Name><Member.Name MepId="5271">Járóka</Member.Name><Member.Name MepId="6910">Jarubas</Member.Name><Member.Name MepId="7223">Juknevičienė</Member.Name><Member.Name MepId="4669">Karas</Member.Name><Member.Name MepId="6666">Kefalogiannis</Member.Name><Member.Name MepId="6805">Kokalari</Member.Name><Member.Name MepId="6918">Kopacz</Member.Name><Member.Name MepId="6001">Kósa</Member.Name><Member.Name MepId="6196">Kovatchev</Member.Name><Member.Name MepId="7226">Kubilius</Member.Name><Member.Name MepId="6662">Kyrtsos</Member.Name><Member.Name MepId="5727">de Lange</Member.Name><Member.Name MepId="6793">Lega</Member.Name><Member.Name MepId="6592">Lenaers</Member.Name><Member.Name MepId="5105">Lewandowski</Member.Name><Member.Name MepId="3855">Liese</Member.Name><Member.Name MepId="6442">Lins</Member.Name><Member.Name MepId="5517">López-Istúriz White</Member.Name><Member.Name MepId="6440">McAllister</Member.Name><Member.Name MepId="5245">McGuinness</Member.Name><Member.Name MepId="6761">Mandl</Member.Name><Member.Name MepId="5646">Marinescu</Member.Name><Member.Name MepId="7224">Mažylis</Member.Name><Member.Name MepId="7051">Meimarakis</Member.Name><Member.Name MepId="6297">Metsola</Member.Name><Member.Name MepId="5518">Millán Mon</Member.Name><Member.Name MepId="6825">Mortler</Member.Name><Member.Name MepId="4712">Niebler</Member.Name><Member.Name MepId="6332">Niedermayer</Member.Name><Member.Name MepId="5413">Novak</Member.Name><Member.Name MepId="6709">Novakov</Member.Name><Member.Name MepId="5407">Olbrycht</Member.Name><Member.Name MepId="6819">Peeters</Member.Name><Member.Name MepId="7120">Pereira Lídia</Member.Name><Member.Name MepId="6803">Polfjärd</Member.Name><Member.Name MepId="6488">Radev</Member.Name><Member.Name MepId="6750">Radtke</Member.Name><Member.Name MepId="6812">Ressler</Member.Name><Member.Name MepId="6370">Sander</Member.Name><Member.Name MepId="7045">Schmiedtbauer</Member.Name><Member.Name MepId="6821">Schneider</Member.Name><Member.Name MepId="6636">Schreijer-Pierik</Member.Name><Member.Name MepId="5345">Schwab</Member.Name><Member.Name MepId="6823">Seekatz</Member.Name><Member.Name MepId="6824">Simon</Member.Name><Member.Name MepId="6790">Skyttedal</Member.Name><Member.Name MepId="6341">Šojdrová</Member.Name><Member.Name MepId="6816">Sokol</Member.Name><Member.Name MepId="6663">Spyraki</Member.Name><Member.Name MepId="6547">Štefanec</Member.Name><Member.Name MepId="4482">Tajani</Member.Name><Member.Name MepId="7056">Thaler</Member.Name><Member.Name MepId="6801">Tobé</Member.Name><Member.Name MepId="7061">Tomac</Member.Name><Member.Name MepId="6681">Tomc</Member.Name><Member.Name MepId="6965">Tóth</Member.Name><Member.Name MepId="5714">Vălean</Member.Name><Member.Name MepId="5930">Verheyen</Member.Name><Member.Name MepId="7062">Vincze</Member.Name><Member.Name MepId="6356">Virkkunen</Member.Name><Member.Name MepId="6664">Vozemberg-Vrionidi</Member.Name><Member.Name MepId="7233">Walsh</Member.Name><Member.Name MepId="6827">Walsmann</Member.Name><Member.Name MepId="6804">Warborn</Member.Name><Member.Name MepId="5351">Weber</Member.Name><Member.Name MepId="6908">Weiss</Member.Name><Member.Name MepId="7153">Wiezik</Member.Name><Member.Name MepId="7041">Winzig</Member.Name><Member.Name MepId="6997">Zarzalejos Nieto</Member.Name><Member.Name MepId="6344">Zdechovský</Member.Name><Member.Name MepId="7012">Zoido Álvarez</Member.Name><Member.Name MepId="6094">Zver</Member.Name></Result.PoliticalGroup.List><Result.PoliticalGroup.List Identifier="Renew"><Member.Name MepId="6799">Al-Sahlani</Member.Name><Member.Name MepId="6327">Ansip</Member.Name><Member.Name MepId="6400">Auštrevičius</Member.Name><Member.Name MepId="7165">Azmani</Member.Name><Member.Name MepId="7163">Bauzá Díaz</Member.Name><Member.Name MepId="6256">Bennion</Member.Name><Member.Name MepId="6944">Bijoux</Member.Name><Member.Name MepId="6089">Bilbao Barandica</Member.Name><Member.Name MepId="7057">Botoş</Member.Name><Member.Name MepId="6967">Boyer</Member.Name><Member.Name MepId="6966">Brunet</Member.Name><Member.Name MepId="5891">Canfin</Member.Name><Member.Name MepId="6339">Charanzová</Member.Name><Member.Name MepId="6860">Chastel</Member.Name><Member.Name MepId="4958">Davies</Member.Name><Member.Name MepId="6898">Decerle</Member.Name><Member.Name MepId="6340">Dlabajová</Member.Name><Member.Name MepId="6987">Donáth</Member.Name><Member.Name MepId="6324">Durand</Member.Name><Member.Name MepId="6828">Eroglu</Member.Name><Member.Name MepId="6980">Farreng</Member.Name><Member.Name MepId="6601">Federley</Member.Name><Member.Name MepId="6818">Flego</Member.Name><Member.Name MepId="6948">Gade</Member.Name><Member.Name MepId="6947">Garicano</Member.Name><Member.Name MepId="6849">Grošelj</Member.Name><Member.Name MepId="6950">Grudler</Member.Name><Member.Name MepId="6841">Hahn Svenja</Member.Name><Member.Name MepId="6959">Hayer</Member.Name><Member.Name MepId="6622">Huitema</Member.Name><Member.Name MepId="5385">in 't Veld</Member.Name><Member.Name MepId="6844">Joveva</Member.Name><Member.Name MepId="6975">Karleskind</Member.Name><Member.Name MepId="6800">Karlsbro</Member.Name><Member.Name MepId="5021">Keller Fabienne</Member.Name><Member.Name MepId="6921">Knotek</Member.Name><Member.Name MepId="6842">Körner</Member.Name><Member.Name MepId="6917">Kovařík</Member.Name><Member.Name MepId="6887">Loiseau</Member.Name><Member.Name MepId="6915">Maxová</Member.Name><Member.Name MepId="6957">Melchior</Member.Name><Member.Name MepId="6690">Mihaylova</Member.Name><Member.Name MepId="6500">Müller</Member.Name><Member.Name MepId="6760">Nagtegaal</Member.Name><Member.Name MepId="6996">Nethsingha</Member.Name><Member.Name MepId="1141">Newton Dunn</Member.Name><Member.Name MepId="6830">Oetjen</Member.Name><Member.Name MepId="6953">Pekkarinen</Member.Name><Member.Name MepId="6510">Petersen</Member.Name><Member.Name MepId="6056">Riquet</Member.Name><Member.Name MepId="4767">Rodríguez Ramos</Member.Name><Member.Name MepId="7236">Schreinemacher</Member.Name><Member.Name MepId="6902">Séjourné</Member.Name><Member.Name MepId="7168">Solís Pérez</Member.Name><Member.Name MepId="7055">Ştefănuță</Member.Name><Member.Name MepId="6281">Torvalds</Member.Name><Member.Name MepId="6985">Trillet-Lenoir</Member.Name><Member.Name MepId="6710">Vautmans</Member.Name><Member.Name MepId="6896">Vedrenne</Member.Name><Member.Name MepId="6159">Verhofstadt</Member.Name><Member.Name MepId="6892">Zacharopoulou</Member.Name></Result.PoliticalGroup.List><Result.PoliticalGroup.List Identifier="S&amp;D"><Member.Name MepId="7167">Ameriks</Member.Name><Member.Name MepId="6279">Andrieu</Member.Name><Member.Name MepId="6977">Ara-Kovács</Member.Name><Member.Name MepId="6553">Arena</Member.Name><Member.Name MepId="7040">Avram</Member.Name><Member.Name MepId="6888">Balt</Member.Name><Member.Name MepId="6831">Barley</Member.Name><Member.Name MepId="7047">Benea</Member.Name><Member.Name MepId="6505">Benifei</Member.Name><Member.Name MepId="5173">Beňová</Member.Name><Member.Name MepId="6833">Bischoff</Member.Name><Member.Name MepId="6449">Bonafè</Member.Name><Member.Name MepId="4690">Bullmann</Member.Name><Member.Name MepId="6838">Burkhardt</Member.Name><Member.Name MepId="7252">Carvalhais</Member.Name><Member.Name MepId="7030">Cerdas</Member.Name><Member.Name MepId="6499">Chinnici</Member.Name><Member.Name MepId="5661">Crețu</Member.Name><Member.Name MepId="6794">Cutajar</Member.Name><Member.Name MepId="6589">Dalli</Member.Name><Member.Name MepId="6570">Dance</Member.Name><Member.Name MepId="6806">Danielsson</Member.Name><Member.Name MepId="6062">De Castro</Member.Name><Member.Name MepId="6969">Dobrev</Member.Name><Member.Name MepId="6014">Ertug</Member.Name><Member.Name MepId="6791">Fritzon</Member.Name><Member.Name MepId="6955">Fuglsang</Member.Name><Member.Name MepId="7105">García Del Blanco</Member.Name><Member.Name MepId="7125">García Muñoz</Member.Name><Member.Name MepId="5417">García Pérez</Member.Name><Member.Name MepId="6130">Gardiazabal Rubial</Member.Name><Member.Name MepId="7106">González Casares</Member.Name><Member.Name MepId="6107">Guillaume</Member.Name><Member.Name MepId="6603">Guteland</Member.Name><Member.Name MepId="7146">Hajšel</Member.Name><Member.Name MepId="7185">Heinäluoma</Member.Name><Member.Name MepId="7122">Homs Ginel</Member.Name><Member.Name MepId="6745">Howarth</Member.Name><Member.Name MepId="7229">Hristov</Member.Name><Member.Name MepId="6624">Jongerius</Member.Name><Member.Name MepId="6884">Kaljurand</Member.Name><Member.Name MepId="6009">Kammerevert</Member.Name><Member.Name MepId="6571">Kirton-Darling</Member.Name><Member.Name MepId="6916">Kohut</Member.Name><Member.Name MepId="6459">Köster</Member.Name><Member.Name MepId="7086">Larrouturou</Member.Name><Member.Name MepId="5094">Liberadzki</Member.Name><Member.Name MepId="6648">López</Member.Name><Member.Name MepId="7117">Maldonado López</Member.Name><Member.Name MepId="7023">Marques Pedro</Member.Name><Member.Name MepId="6890">Mikser</Member.Name><Member.Name MepId="6933">Miller</Member.Name><Member.Name MepId="6351">Molnár</Member.Name><Member.Name MepId="4923">Moraes</Member.Name><Member.Name MepId="5466">Moreno Sánchez</Member.Name><Member.Name MepId="6433">Moretti</Member.Name><Member.Name MepId="6016">Neuser</Member.Name><Member.Name MepId="6418">Nica</Member.Name><Member.Name MepId="6323">Papadakis Demetris</Member.Name><Member.Name MepId="7228">Penkova</Member.Name><Member.Name MepId="6484">Picierno</Member.Name><Member.Name MepId="6261">Picula</Member.Name><Member.Name MepId="6625">Piri</Member.Name><Member.Name MepId="6974">Rónai</Member.Name><Member.Name MepId="7128">Ruiz Devesa</Member.Name><Member.Name MepId="7110">Sánchez Amor</Member.Name><Member.Name MepId="6415">Sant</Member.Name><Member.Name MepId="5713">Schaldemose</Member.Name><Member.Name MepId="6475">Schuster</Member.Name><Member.Name MepId="7065">Sidl</Member.Name><Member.Name MepId="6381">Silva Pereira</Member.Name><Member.Name MepId="7176">Smeriglio</Member.Name><Member.Name MepId="6943">Spurek</Member.Name><Member.Name MepId="6983">Tinagli</Member.Name><Member.Name MepId="5459">Toia</Member.Name><Member.Name MepId="7247">Tudose</Member.Name><Member.Name MepId="6336">Ujhelyi</Member.Name><Member.Name MepId="7195">Ušakovs</Member.Name><Member.Name MepId="4990">Van Brempt</Member.Name><Member.Name MepId="7251">Vind</Member.Name><Member.Name MepId="7066">Vollath</Member.Name><Member.Name MepId="6735">Wölken</Member.Name><Member.Name MepId="6373">Zorrinho</Member.Name></Result.PoliticalGroup.List><Result.PoliticalGroup.List Identifier="Verts/ALE"><Member.Name MepId="6847">Cavazzini</Member.Name><Member.Name MepId="6853">Geese</Member.Name><Member.Name MepId="7240">O'Sullivan</Member.Name></Result.PoliticalGroup.List></Result.Against><Result.Abstention Number="10"><Result.PoliticalGroup.List Identifier="PPE"><Member.Name MepId="5949">Thun und Hohenstein</Member.Name></Result.PoliticalGroup.List><Result.PoliticalGroup.List Identifier="S&amp;D"><Member.Name MepId="6843">Brglez</Member.Name><Member.Name MepId="6901">Cimoszewicz</Member.Name><Member.Name MepId="3827">Gebhardt</Member.Name><Member.Name MepId="6984">Majorino</Member.Name><Member.Name MepId="6136">Regner</Member.Name><Member.Name MepId="7059">Schieder</Member.Name><Member.Name MepId="7140">Tax</Member.Name></Result.PoliticalGroup.List><Result.PoliticalGroup.List Identifier="Verts/ALE"><Member.Name MepId="5838">Lamberts</Member.Name><Member.Name MepId="6591">Urtasun</Member.Name></Result.PoliticalGroup.List></Result.Abstention></RollCallVote.Result><RollCallVote.Result Identifier="108581" Date="2019-09-16" Number="3."><RollCallVote.Description.Text>Ordre du jour du mercredi - demande du groupe PPE 16/09/2019 17:40:06.000</RollCallVote.Description.Text><Result.For Number="234"><Result.PoliticalGroup.List Identifier="ECR"><Member.Name MepId="6864">Bourgeois</Member.Name><Member.Name MepId="6511">Dzhambazki</Member.Name><Member.Name MepId="5472">Fotyga</Member.Name><Member.Name MepId="6834">Geuking</Member.Name><Member.Name MepId="6909">Jaki</Member.Name><Member.Name MepId="6911">Jurgiel</Member.Name><Member.Name MepId="6866">Kanko</Member.Name><Member.Name MepId="6912">Kempa</Member.Name><Member.Name MepId="6923">Kopcińska</Member.Name><Member.Name MepId="6530">Krasnodębski</Member.Name><Member.Name MepId="5507">Kuźmiuk</Member.Name><Member.Name MepId="6234">McIntyre</Member.Name><Member.Name MepId="6931">Mazurek</Member.Name><Member.Name MepId="6934">Możdżanowska</Member.Name><Member.Name MepId="6937">Rafalska</Member.Name><Member.Name MepId="7097">Roos</Member.Name><Member.Name MepId="7157">Ruissen</Member.Name><Member.Name MepId="6938">Rzońca</Member.Name><Member.Name MepId="7231">Slabakov</Member.Name><Member.Name MepId="6798">Stegrud</Member.Name><Member.Name MepId="6300">Tomašić</Member.Name><Member.Name MepId="6956">Waszczykowski</Member.Name><Member.Name MepId="6808">Weimers</Member.Name><Member.Name MepId="6515">Wiśniewska</Member.Name><Member.Name MepId="5598">Zīle</Member.Name></Result.PoliticalGroup.List><Result.PoliticalGroup.List Identifier="ID"><Member.Name MepId="7211">Adinolfi Matteo</Member.Name><Member.Name MepId="7174">Baldassarre</Member.Name><Member.Name MepId="7001">Basso</Member.Name><Member.Name MepId="6179">Bizzotto</Member.Name><Member.Name MepId="7172">Bonfrisco</Member.Name><Member.Name MepId="7000">Borchia</Member.Name><Member.Name MepId="6981">Campomenosi</Member.Name><Member.Name MepId="7182">Caroppo</Member.Name><Member.Name MepId="7181">Casanova</Member.Name><Member.Name MepId="7007">Conte</Member.Name><Member.Name MepId="6999">Da Re</Member.Name><Member.Name MepId="6949">David</Member.Name><Member.Name MepId="7207">Donato</Member.Name><Member.Name MepId="7005">Dreosto</Member.Name><Member.Name MepId="7184">Grant</Member.Name><Member.Name MepId="6771">Lancini</Member.Name><Member.Name MepId="7002">Lizzi</Member.Name><Member.Name MepId="7175">Regimenti</Member.Name><Member.Name MepId="7171">Rinaldi</Member.Name><Member.Name MepId="6968">Sardone</Member.Name><Member.Name MepId="7191">Tardino</Member.Name><Member.Name MepId="7183">Vuolo</Member.Name><Member.Name MepId="6414">Zanni</Member.Name></Result.PoliticalGroup.List><Result.PoliticalGroup.List Identifier="NI"><Member.Name MepId="6106">Dodds</Member.Name><Member.Name MepId="7243">Gyöngyösi</Member.Name></Result.PoliticalGroup.List><Result.PoliticalGroup.List Identifier="PPE"><Member.Name MepId="6755">Ademov</Member.Name><Member.Name MepId="7219">Alexandrov Yordanov</Member.Name><Member.Name MepId="7129">Amaro</Member.Name><Member.Name MepId="5980">Arias Echeverría</Member.Name><Member.Name MepId="6885">Arłukowicz</Member.Name><Member.Name MepId="6927">Bellamy</Member.Name><Member.Name MepId="6807">Bentele</Member.Name><Member.Name MepId="7162">Berendsen</Member.Name><Member.Name MepId="6809">Berger</Member.Name><Member.Name MepId="7037">Bernhuber</Member.Name><Member.Name MepId="7155">Bilčík</Member.Name><Member.Name MepId="7026">Blaga</Member.Name><Member.Name MepId="6343">Bocskor</Member.Name><Member.Name MepId="6613">Bogovič</Member.Name><Member.Name MepId="6617">Buda</Member.Name><Member.Name MepId="5388">Buzek</Member.Name><Member.Name MepId="6039">Carvalho</Member.Name><Member.Name MepId="5252">Casa</Member.Name><Member.Name MepId="5236">Christoforou</Member.Name><Member.Name MepId="6929">Colin-Oesterlé</Member.Name><Member.Name MepId="5981">van Dalen</Member.Name><Member.Name MepId="5921">Danjean</Member.Name><Member.Name MepId="6345">Deli</Member.Name><Member.Name MepId="5960">Dorfmann</Member.Name><Member.Name MepId="6810">Düpont</Member.Name><Member.Name MepId="7032">Edtstadler</Member.Name><Member.Name MepId="5983">Estaràs Ferragut</Member.Name><Member.Name MepId="7038">Falcă</Member.Name><Member.Name MepId="3833">Ferber</Member.Name><Member.Name MepId="6068">Fernandes</Member.Name><Member.Name MepId="7108">Fitzgerald</Member.Name><Member.Name MepId="6813">Fourlas</Member.Name><Member.Name MepId="6906">Frankowski</Member.Name><Member.Name MepId="6852">Franssen</Member.Name><Member.Name MepId="4659">Gahler</Member.Name><Member.Name MepId="5280">Gál</Member.Name><Member.Name MepId="6441">Gieseke</Member.Name><Member.Name MepId="6632">González Pons</Member.Name><Member.Name MepId="6002">Győri</Member.Name><Member.Name MepId="6907">Halicki</Member.Name><Member.Name MepId="7035">Hava</Member.Name><Member.Name MepId="6318">Hidvéghi</Member.Name><Member.Name MepId="5953">Hohlmeier</Member.Name><Member.Name MepId="6346">Hölvényi</Member.Name><Member.Name MepId="5945">Jahr</Member.Name><Member.Name MepId="5271">Járóka</Member.Name><Member.Name MepId="6910">Jarubas</Member.Name><Member.Name MepId="7223">Juknevičienė</Member.Name><Member.Name MepId="4669">Karas</Member.Name><Member.Name MepId="6666">Kefalogiannis</Member.Name><Member.Name MepId="6805">Kokalari</Member.Name><Member.Name MepId="6918">Kopacz</Member.Name><Member.Name MepId="6001">Kósa</Member.Name><Member.Name MepId="6196">Kovatchev</Member.Name><Member.Name MepId="7226">Kubilius</Member.Name><Member.Name MepId="7080">Kympouropoulos</Member.Name><Member.Name MepId="6662">Kyrtsos</Member.Name><Member.Name MepId="5727">de Lange</Member.Name><Member.Name MepId="6793">Lega</Member.Name><Member.Name MepId="6592">Lenaers</Member.Name><Member.Name MepId="5105">Lewandowski</Member.Name><Member.Name MepId="3855">Liese</Member.Name><Member.Name MepId="6442">Lins</Member.Name><Member.Name MepId="5517">López-Istúriz White</Member.Name><Member.Name MepId="6440">McAllister</Member.Name><Member.Name MepId="6761">Mandl</Member.Name><Member.Name MepId="5646">Marinescu</Member.Name><Member.Name MepId="7224">Mažylis</Member.Name><Member.Name MepId="7051">Meimarakis</Member.Name><Member.Name MepId="5518">Millán Mon</Member.Name><Member.Name MepId="6825">Mortler</Member.Name><Member.Name MepId="4712">Niebler</Member.Name><Member.Name MepId="6332">Niedermayer</Member.Name><Member.Name MepId="5413">Novak</Member.Name><Member.Name MepId="6709">Novakov</Member.Name><Member.Name MepId="5407">Olbrycht</Member.Name><Member.Name MepId="6819">Peeters</Member.Name><Member.Name MepId="7120">Pereira Lídia</Member.Name><Member.Name MepId="6803">Polfjärd</Member.Name><Member.Name MepId="6488">Radev</Member.Name><Member.Name MepId="6812">Ressler</Member.Name><Member.Name MepId="6370">Sander</Member.Name><Member.Name MepId="7045">Schmiedtbauer</Member.Name><Member.Name MepId="6821">Schneider</Member.Name><Member.Name MepId="6636">Schreijer-Pierik</Member.Name><Member.Name MepId="5345">Schwab</Member.Name><Member.Name MepId="6823">Seekatz</Member.Name><Member.Name MepId="6824">Simon</Member.Name><Member.Name MepId="6790">Skyttedal</Member.Name><Member.Name MepId="6341">Šojdrová</Member.Name><Member.Name MepId="6816">Sokol</Member.Name><Member.Name MepId="6663">Spyraki</Member.Name><Member.Name MepId="6547">Štefanec</Member.Name><Member.Name MepId="4482">Tajani</Member.Name><Member.Name MepId="7056">Thaler</Member.Name><Member.Name MepId="5949">Thun und Hohenstein</Member.Name><Member.Name MepId="6801">Tobé</Member.Name><Member.Name MepId="7061">Tomac</Member.Name><Member.Name MepId="6681">Tomc</Member.Name><Member.Name MepId="6965">Tóth</Member.Name><Member.Name MepId="5714">Vălean</Member.Name><Member.Name MepId="5930">Verheyen</Member.Name><Member.Name MepId="7062">Vincze</Member.Name><Member.Name MepId="6356">Virkkunen</Member.Name><Member.Name MepId="6664">Vozemberg-Vrionidi</Member.Name><Member.Name MepId="7233">Walsh</Member.Name><Member.Name MepId="6827">Walsmann</Member.Name><Member.Name MepId="6804">Warborn</Member.Name><Member.Name MepId="5351">Weber</Member.Name><Member.Name MepId="6908">Weiss</Member.Name><Member.Name MepId="7153">Wiezik</Member.Name><Member.Name MepId="5782">Winkler</Member.Name><Member.Name MepId="7041">Winzig</Member.Name><Member.Name MepId="6997">Zarzalejos Nieto</Member.Name><Member.Name MepId="6344">Zdechovský</Member.Name><Member.Name MepId="7012">Zoido Álvarez</Member.Name><Member.Name MepId="6734">Zovko</Member.Name><Member.Name MepId="6094">Zver</Member.Name></Result.PoliticalGroup.List><Result.PoliticalGroup.List Identifier="Renew"><Member.Name MepId="6799">Al-Sahlani</Member.Name><Member.Name MepId="6400">Auštrevičius</Member.Name><Member.Name MepId="6973">Cañas</Member.Name><Member.Name MepId="6898">Decerle</Member.Name><Member.Name MepId="6340">Dlabajová</Member.Name><Member.Name MepId="6987">Donáth</Member.Name><Member.Name MepId="6828">Eroglu</Member.Name><Member.Name MepId="6818">Flego</Member.Name><Member.Name MepId="6948">Gade</Member.Name><Member.Name MepId="6950">Grudler</Member.Name><Member.Name MepId="5385">in 't Veld</Member.Name><Member.Name MepId="6917">Kovařík</Member.Name><Member.Name MepId="6887">Loiseau</Member.Name><Member.Name MepId="6957">Melchior</Member.Name><Member.Name MepId="6830">Oetjen</Member.Name><Member.Name MepId="4676">Ries</Member.Name><Member.Name MepId="6056">Riquet</Member.Name><Member.Name MepId="6902">Séjourné</Member.Name><Member.Name MepId="7055">Ştefănuță</Member.Name><Member.Name MepId="7058">Strugariu</Member.Name><Member.Name MepId="6281">Torvalds</Member.Name><Member.Name MepId="6159">Verhofstadt</Member.Name></Result.PoliticalGroup.List><Result.PoliticalGroup.List Identifier="S&amp;D"><Member.Name MepId="6977">Ara-Kovács</Member.Name><Member.Name MepId="5173">Beňová</Member.Name><Member.Name MepId="4690">Bullmann</Member.Name><Member.Name MepId="6969">Dobrev</Member.Name><Member.Name MepId="7106">González Casares</Member.Name><Member.Name MepId="6884">Kaljurand</Member.Name><Member.Name MepId="7086">Larrouturou</Member.Name><Member.Name MepId="5094">Liberadzki</Member.Name><Member.Name MepId="6890">Mikser</Member.Name><Member.Name MepId="6261">Picula</Member.Name><Member.Name MepId="6943">Spurek</Member.Name><Member.Name MepId="6983">Tinagli</Member.Name></Result.PoliticalGroup.List><Result.PoliticalGroup.List Identifier="Verts/ALE"><Member.Name MepId="7084">Ainslie</Member.Name><Member.Name MepId="6845">Andresen</Member.Name><Member.Name MepId="5291">Auken</Member.Name><Member.Name MepId="6846">Bloss</Member.Name><Member.Name MepId="6867">Bricmont</Member.Name><Member.Name MepId="6455">Buchner</Member.Name><Member.Name MepId="6847">Cavazzini</Member.Name><Member.Name MepId="6897">Cormand</Member.Name><Member.Name MepId="6924">Delbos-Corfield</Member.Name><Member.Name MepId="6850">Deparnay-Grunenberg</Member.Name><Member.Name MepId="6868">De Sutter</Member.Name><Member.Name MepId="7004">Dowding</Member.Name><Member.Name MepId="6853">Geese</Member.Name><Member.Name MepId="6942">Gregorová</Member.Name><Member.Name MepId="6854">Hahn Henrike</Member.Name><Member.Name MepId="5926">Häusling</Member.Name><Member.Name MepId="4535">Hautala</Member.Name><Member.Name MepId="6797">Holmgren</Member.Name><Member.Name MepId="6862">Nienaß</Member.Name><Member.Name MepId="6963">Peter-Hansen</Member.Name><Member.Name MepId="6529">Reintke</Member.Name><Member.Name MepId="5917">Rivasi</Member.Name><Member.Name MepId="6900">Roose</Member.Name><Member.Name MepId="6994">Rowett</Member.Name><Member.Name MepId="6893">Satouri</Member.Name><Member.Name MepId="6822">Semsrott</Member.Name><Member.Name MepId="7156">Strik</Member.Name><Member.Name MepId="6894">Toussaint</Member.Name><Member.Name MepId="6551">Vana</Member.Name><Member.Name MepId="7237">Van Sparrentak</Member.Name><Member.Name MepId="6848">Von Cramon-Taubadel</Member.Name><Member.Name MepId="7064">Wiener</Member.Name></Result.PoliticalGroup.List></Result.For><Result.Against Number="178"><Result.PoliticalGroup.List Identifier="GUE/NGL"><Member.Name MepId="7089">Arvanitis</Member.Name><Member.Name MepId="6926">Aubry</Member.Name><Member.Name MepId="7072">Barrena Arza</Member.Name><Member.Name MepId="6914">Bompard</Member.Name><Member.Name MepId="6873">Botenga</Member.Name><Member.Name MepId="6598">Carthy</Member.Name><Member.Name MepId="6922">Chaibi</Member.Name><Member.Name MepId="6865">Demirel</Member.Name><Member.Name MepId="6024">Ernst</Member.Name><Member.Name MepId="5886">Ferreira</Member.Name><Member.Name MepId="7133">Figueiredo Nobre De Gusmão</Member.Name><Member.Name MepId="6597">Flanagan</Member.Name><Member.Name MepId="6815">Georgiou</Member.Name><Member.Name MepId="6628">Hazekamp</Member.Name><Member.Name MepId="6814">Kizilyürek</Member.Name><Member.Name MepId="7126">Kokkalis</Member.Name><Member.Name MepId="7087">Kountoura</Member.Name><Member.Name MepId="5992">Matias</Member.Name><Member.Name MepId="6354">Maurel</Member.Name><Member.Name MepId="6310">Michels</Member.Name><Member.Name MepId="6250">Omarjee</Member.Name><Member.Name MepId="5596">Papadimoulis</Member.Name><Member.Name MepId="6920">Pelletier</Member.Name><Member.Name MepId="7138">Pereira Sandra</Member.Name><Member.Name MepId="6758">Schirdewan</Member.Name><Member.Name MepId="5837">Scholz</Member.Name><Member.Name MepId="6715">Urbán Crespo</Member.Name><Member.Name MepId="6961">Villumsen</Member.Name><Member.Name MepId="7202">Wallace</Member.Name></Result.PoliticalGroup.List><Result.PoliticalGroup.List Identifier="ID"><Member.Name MepId="6872">Anderson Christine</Member.Name><Member.Name MepId="6875">Berg</Member.Name><Member.Name MepId="6954">Blaško</Member.Name><Member.Name MepId="6876">Buchheit</Member.Name><Member.Name MepId="6877">Fest</Member.Name><Member.Name MepId="7246">Haider</Member.Name><Member.Name MepId="6879">Kuhs</Member.Name><Member.Name MepId="6627">Mayer</Member.Name><Member.Name MepId="6759">Meuthen</Member.Name><Member.Name MepId="6610">Vilimsky</Member.Name><Member.Name MepId="6882">Zimniok</Member.Name></Result.PoliticalGroup.List><Result.PoliticalGroup.List Identifier="NI"><Member.Name MepId="6748">Bullock</Member.Name><Member.Name MepId="7144">Daubney</Member.Name><Member.Name MepId="7118">De Lucy</Member.Name><Member.Name MepId="7188">England Kerr</Member.Name><Member.Name MepId="7091">Forman</Member.Name><Member.Name MepId="7096">Fox</Member.Name><Member.Name MepId="6584">Gill Nathan</Member.Name><Member.Name MepId="6993">Heaver</Member.Name><Member.Name MepId="7136">Jordan</Member.Name><Member.Name MepId="7143">Lowe</Member.Name><Member.Name MepId="6995">Mummery</Member.Name><Member.Name MepId="7116">Nikolaou-Alavanos</Member.Name><Member.Name MepId="7100">Overgaard Nielsen</Member.Name><Member.Name MepId="6676">Papadakis Kostas</Member.Name><Member.Name MepId="7011">Patten</Member.Name><Member.Name MepId="7101">Phillips Alexandra Lesley</Member.Name><Member.Name MepId="7198">Pugh</Member.Name><Member.Name MepId="7148">Radačovský</Member.Name><Member.Name MepId="7115">Rowland</Member.Name><Member.Name MepId="7093">Tennant</Member.Name><Member.Name MepId="7147">Uhrík</Member.Name></Result.PoliticalGroup.List><Result.PoliticalGroup.List Identifier="Renew"><Member.Name MepId="6327">Ansip</Member.Name><Member.Name MepId="7053">Armand</Member.Name><Member.Name MepId="7165">Azmani</Member.Name><Member.Name MepId="7163">Bauzá Díaz</Member.Name><Member.Name MepId="6256">Bennion</Member.Name><Member.Name MepId="6089">Bilbao Barandica</Member.Name><Member.Name MepId="6967">Boyer</Member.Name><Member.Name MepId="5891">Canfin</Member.Name><Member.Name MepId="6860">Chastel</Member.Name><Member.Name MepId="4958">Davies</Member.Name><Member.Name MepId="6324">Durand</Member.Name><Member.Name MepId="6601">Federley</Member.Name><Member.Name MepId="6849">Grošelj</Member.Name><Member.Name MepId="6841">Hahn Svenja</Member.Name><Member.Name MepId="6959">Hayer</Member.Name><Member.Name MepId="6919">Hlaváček</Member.Name><Member.Name MepId="6622">Huitema</Member.Name><Member.Name MepId="6844">Joveva</Member.Name><Member.Name MepId="6975">Karleskind</Member.Name><Member.Name MepId="6800">Karlsbro</Member.Name><Member.Name MepId="6921">Knotek</Member.Name><Member.Name MepId="6842">Körner</Member.Name><Member.Name MepId="6690">Mihaylova</Member.Name><Member.Name MepId="6500">Müller</Member.Name><Member.Name MepId="6760">Nagtegaal</Member.Name><Member.Name MepId="6996">Nethsingha</Member.Name><Member.Name MepId="1141">Newton Dunn</Member.Name><Member.Name MepId="6644">Pagazaurtundúa</Member.Name><Member.Name MepId="6510">Petersen</Member.Name><Member.Name MepId="4767">Rodríguez Ramos</Member.Name><Member.Name MepId="7236">Schreinemacher</Member.Name><Member.Name MepId="7168">Solís Pérez</Member.Name><Member.Name MepId="6985">Trillet-Lenoir</Member.Name><Member.Name MepId="6710">Vautmans</Member.Name><Member.Name MepId="6896">Vedrenne</Member.Name><Member.Name MepId="6892">Zacharopoulou</Member.Name></Result.PoliticalGroup.List><Result.PoliticalGroup.List Identifier="S&amp;D"><Member.Name MepId="7167">Ameriks</Member.Name><Member.Name MepId="6279">Andrieu</Member.Name><Member.Name MepId="6553">Arena</Member.Name><Member.Name MepId="6888">Balt</Member.Name><Member.Name MepId="6831">Barley</Member.Name><Member.Name MepId="6505">Benifei</Member.Name><Member.Name MepId="6833">Bischoff</Member.Name><Member.Name MepId="6449">Bonafè</Member.Name><Member.Name MepId="6843">Brglez</Member.Name><Member.Name MepId="6838">Burkhardt</Member.Name><Member.Name MepId="7252">Carvalhais</Member.Name><Member.Name MepId="7030">Cerdas</Member.Name><Member.Name MepId="6499">Chinnici</Member.Name><Member.Name MepId="6901">Cimoszewicz</Member.Name><Member.Name MepId="6794">Cutajar</Member.Name><Member.Name MepId="6589">Dalli</Member.Name><Member.Name MepId="6570">Dance</Member.Name><Member.Name MepId="6806">Danielsson</Member.Name><Member.Name MepId="6062">De Castro</Member.Name><Member.Name MepId="6014">Ertug</Member.Name><Member.Name MepId="6791">Fritzon</Member.Name><Member.Name MepId="6955">Fuglsang</Member.Name><Member.Name MepId="7105">García Del Blanco</Member.Name><Member.Name MepId="7125">García Muñoz</Member.Name><Member.Name MepId="5417">García Pérez</Member.Name><Member.Name MepId="6130">Gardiazabal Rubial</Member.Name><Member.Name MepId="3827">Gebhardt</Member.Name><Member.Name MepId="6107">Guillaume</Member.Name><Member.Name MepId="7146">Hajšel</Member.Name><Member.Name MepId="7185">Heinäluoma</Member.Name><Member.Name MepId="7122">Homs Ginel</Member.Name><Member.Name MepId="6745">Howarth</Member.Name><Member.Name MepId="6624">Jongerius</Member.Name><Member.Name MepId="6009">Kammerevert</Member.Name><Member.Name MepId="6571">Kirton-Darling</Member.Name><Member.Name MepId="6916">Kohut</Member.Name><Member.Name MepId="6459">Köster</Member.Name><Member.Name MepId="6984">Majorino</Member.Name><Member.Name MepId="7117">Maldonado López</Member.Name><Member.Name MepId="7027">Marques Margarida</Member.Name><Member.Name MepId="7023">Marques Pedro</Member.Name><Member.Name MepId="6351">Molnár</Member.Name><Member.Name MepId="4923">Moraes</Member.Name><Member.Name MepId="5466">Moreno Sánchez</Member.Name><Member.Name MepId="6433">Moretti</Member.Name><Member.Name MepId="6473">Noichl</Member.Name><Member.Name MepId="6323">Papadakis Demetris</Member.Name><Member.Name MepId="7228">Penkova</Member.Name><Member.Name MepId="6484">Picierno</Member.Name><Member.Name MepId="6625">Piri</Member.Name><Member.Name MepId="6982">Pisapia</Member.Name><Member.Name MepId="6136">Regner</Member.Name><Member.Name MepId="6974">Rónai</Member.Name><Member.Name MepId="7128">Ruiz Devesa</Member.Name><Member.Name MepId="7110">Sánchez Amor</Member.Name><Member.Name MepId="6415">Sant</Member.Name><Member.Name MepId="5713">Schaldemose</Member.Name><Member.Name MepId="7059">Schieder</Member.Name><Member.Name MepId="6826">Schmit</Member.Name><Member.Name MepId="6475">Schuster</Member.Name><Member.Name MepId="7065">Sidl</Member.Name><Member.Name MepId="6381">Silva Pereira</Member.Name><Member.Name MepId="7176">Smeriglio</Member.Name><Member.Name MepId="7140">Tax</Member.Name><Member.Name MepId="5459">Toia</Member.Name><Member.Name MepId="7247">Tudose</Member.Name><Member.Name MepId="6336">Ujhelyi</Member.Name><Member.Name MepId="7195">Ušakovs</Member.Name><Member.Name MepId="4990">Van Brempt</Member.Name><Member.Name MepId="7251">Vind</Member.Name><Member.Name MepId="7066">Vollath</Member.Name><Member.Name MepId="6735">Wölken</Member.Name><Member.Name MepId="6373">Zorrinho</Member.Name></Result.PoliticalGroup.List><Result.PoliticalGroup.List Identifier="Verts/ALE"><Member.Name MepId="6829">Breyer</Member.Name><Member.Name MepId="7102">Chowns</Member.Name><Member.Name MepId="5899">Eickhout</Member.Name><Member.Name MepId="6858">Langensiepen</Member.Name><Member.Name MepId="6861">Neumann</Member.Name><Member.Name MepId="7240">O'Sullivan</Member.Name><Member.Name MepId="6560">Scott Cato</Member.Name><Member.Name MepId="6904">Yenbou</Member.Name></Result.PoliticalGroup.List></Result.Against><Result.Abstention Number="31"><Result.PoliticalGroup.List Identifier="ID"><Member.Name MepId="7079">Androuët</Member.Name><Member.Name MepId="6593">Annemans</Member.Name><Member.Name MepId="6988">Bardella</Member.Name><Member.Name MepId="6394">Bay</Member.Name><Member.Name MepId="7076">Bruna</Member.Name><Member.Name MepId="7019">Griset</Member.Name><Member.Name MepId="6989">Hakkarainen</Member.Name><Member.Name MepId="6986">Huhtasaari</Member.Name><Member.Name MepId="6751">Jamet</Member.Name><Member.Name MepId="6960">Kofod</Member.Name><Member.Name MepId="6990">Laporte</Member.Name><Member.Name MepId="6372">Lebreton</Member.Name><Member.Name MepId="7074">Lechanteux</Member.Name><Member.Name MepId="7013">Mariani</Member.Name><Member.Name MepId="6399">Mélin</Member.Name><Member.Name MepId="7075">Olivier</Member.Name><Member.Name MepId="7020">Pirbakas</Member.Name><Member.Name MepId="7006">Rivière</Member.Name><Member.Name MepId="7078">Rougé</Member.Name></Result.PoliticalGroup.List><Result.PoliticalGroup.List Identifier="NI"><Member.Name MepId="6472">D'Amato</Member.Name><Member.Name MepId="6413">Evi</Member.Name><Member.Name MepId="6482">Pedicini</Member.Name></Result.PoliticalGroup.List><Result.PoliticalGroup.List Identifier="Renew"><Member.Name MepId="6944">Bijoux</Member.Name><Member.Name MepId="7057">Botoş</Member.Name><Member.Name MepId="6966">Brunet</Member.Name><Member.Name MepId="6980">Farreng</Member.Name></Result.PoliticalGroup.List><Result.PoliticalGroup.List Identifier="S&amp;D"><Member.Name MepId="5661">Crețu</Member.Name><Member.Name MepId="6933">Miller</Member.Name><Member.Name MepId="6016">Neuser</Member.Name></Result.PoliticalGroup.List><Result.PoliticalGroup.List Identifier="Verts/ALE"><Member.Name MepId="6939">Kolaja</Member.Name><Member.Name MepId="6591">Urtasun</Member.Name></Result.PoliticalGroup.List></Result.Abstention><CorrectionResult.Titles><RollCallVoteResults.Corrections.Title.Text Language="BG">ПОПРАВКИ В ПОДАДЕНИТЕ ГЛАСОВЕ И НАМЕРЕНИЯ ЗА ГЛАСУВАНЕ</RollCallVoteResults.Corrections.Title.Text><RollCallVoteResults.Corrections.Title.Text Language="CS">OPRAVY HLASOVÁNÍ A SDĚLENÍ O ÚMYSLU HLASOVAT</RollCallVoteResults.Corrections.Title.Text><RollCallVoteResults.Corrections.Title.Text Language="DA">STEMMERETTELSER OG –INTENTIONER</RollCallVoteResults.Corrections.Title.Text><RollCallVoteResults.Corrections.Title.Text Language="DE">BERICHTIGUNGEN DES STIMMVERHALTENS UND BEABSICHTIGTES STIMMVERHALTEN</RollCallVoteResults.Corrections.Title.Text><RollCallVoteResults.Corrections.Title.Text Language="EL">ΔΙΟΡΘΩΣΕΙΣ ΚΑΙ ΠΡΟΘΕΣΕΙΣ ΨΗΦΟΥ</RollCallVoteResults.Corrections.Title.Text><RollCallVoteResults.Corrections.Title.Text Language="EN">CORRECTIONS TO VOTES AND VOTING INTENTIONS</RollCallVoteResults.Corrections.Title.Text><RollCallVoteResults.Corrections.Title.Text Language="ES">CORRECCIONES E INTENCIONES DE VOTO</RollCallVoteResults.Corrections.Title.Text><RollCallVoteResults.Corrections.Title.Text Language="ET">HÄÄLETUSE PARANDUSED JA HÄÄLETUSKAVATSUSED</RollCallVoteResults.Corrections.Title.Text><RollCallVoteResults.Corrections.Title.Text Language="FI">ÄÄNESTYSKÄYTTÄYTYMISTÄ JA ÄÄNESTYSAIKEITA KOSKEVAT ILMOITUKSET</RollCallVoteResults.Corrections.Title.Text><RollCallVoteResults.Corrections.Title.Text Language="FR">CORRECTIONS ET INTENTIONS DE VOTE</RollCallVoteResults.Corrections.Title.Text><RollCallVoteResults.Corrections.Title.Text Language="GA">CEARTÚCHÁIN AR AN VÓTA AGUS INTINNÍ VÓTÁLA</RollCallVoteResults.Corrections.Title.Text><RollCallVoteResults.Corrections.Title.Text Language="HR">IZMJENE DANIH GLASOVA I NAMJERE GLASAČA</RollCallVoteResults.Corrections.Title.Text><RollCallVoteResults.Corrections.Title.Text Language="HU">SZAVAZATOK HELYESBÍTÉSEI ÉS SZAVAZÁSI SZÁNDÉKOK</RollCallVoteResults.Corrections.Title.Text><RollCallVoteResults.Corrections.Title.Text Language="IT">CORREZIONI E INTENZIONI DI VOTO</RollCallVoteResults.Corrections.Title.Text><RollCallVoteResults.Corrections.Title.Text Language="LT">BALSOJUMU LABOJUMI UN NODOMI BALSOT</RollCallVoteResults.Corrections.Title.Text><RollCallVoteResults.Corrections.Title.Text Language="LV">BALSAVIMO PATAISYMAI IR KETINIMAI</RollCallVoteResults.Corrections.Title.Text><RollCallVoteResults.Corrections.Title.Text Language="NL">RECTIFICATIES STEMGEDRAG/ VOORGENOMEN STEMGEDRAG</RollCallVoteResults.Corrections.Title.Text><RollCallVoteResults.Corrections.Title.Text Language="MT">KORREZZJONIJIET U INTENZJONIJIET GĦALL-VOT</RollCallVoteResults.Corrections.Title.Text><RollCallVoteResults.Corrections.Title.Text Language="PL">KOREKTY DO GŁOSOWANIA I ZAMIAR GŁOSOWANIA</RollCallVoteResults.Corrections.Title.Text><RollCallVoteResults.Corrections.Title.Text Language="PT">CORRECÇÕES E INTENÇÕES DE VOTO</RollCallVoteResults.Corrections.Title.Text><RollCallVoteResults.Corrections.Title.Text Language="RO">CORECTĂRI ŞI INTENŢII DE VOT OPRAVY HLASOVANIA A ZÁMERY PRI HLASOVANÍ</RollCallVoteResults.Corrections.Title.Text><RollCallVoteResults.Corrections.Title.Text Language="SK">POPRAVKI IN NAMERE GLASOVANJA</RollCallVoteResults.Corrections.Title.Text><RollCallVoteResults.Corrections.Title.Text Language="SL">ÄÄNESTYSKÄYTTÄYTYMISTÄ JA ÄÄNESTYSAIKEITA KOSKEVAT ILMOITUKSET</RollCallVoteResults.Corrections.Title.Text><RollCallVoteResults.Corrections.Title.Text Language="SV">RÄTTELSER/AVSIKTSFÖRKLARINGAR TILL AVGIVNA RÖSTER</RollCallVoteResults.Corrections.Title.Text><CorrectionResult.For><Member.Name /></CorrectionResult.For><CorrectionResult.Against><Member.Name>Karen Melchior</Member.Name></CorrectionResult.Against><CorrectionResult.Abstention><Member.Name /></CorrectionResult.Abstention></CorrectionResult.Titles></RollCallVote.Result></PV.RollCallVoteResults>