<?xml version="1.0" encoding="UTF-8"?>
<!DOCTYPE PV.RollCallVoteResults SYSTEM "http://www2.europarl.ep.ec/pv/RCV.dtd">
<PV.RollCallVoteResults xmlns:chart="http://openoffice.org/2000/chart" xmlns:dr3d="http://openoffice.org/2000/dr3d" xmlns:draw="http://openoffice.org/2000/drawing" xmlns:fo="http://www.w3.org/1999/XSL/Format" xmlns:form="http://openoffice.org/2000/form" xmlns:ino="http://namespaces.softwareag.com/tamino/response2" xmlns:math="http://www.w3.org/1998/Math/MathML" xmlns:number="http://openoffice.org/2000/datastyle" xmlns:office="http://openoffice.org/2000/office" xmlns:script="http://openoffice.org/2000/script" xmlns:style="http://openoffice.org/2000/style" xmlns:svg="http://www.w3.org/2000/svg" xmlns:table="http://openoffice.org/2000/table" xmlns:text="http://openoffice.org/2000/text" xmlns:xlink="http://www.w3.org/1999/xlink" xmlns:xql="http://metalab.unc.edu/xql/" Sitting.Identifier="1315" Sitting.Date="2019-10-09" EP.Reference="P9_PV(2019)10-09" EP.Number="PE 642.391" Document.Language="XL"><RollCallVoteResults.Titles><RollCallVoteResults.Title.Text Language="BG">ПРОТОКОЛ<text:line-break />Резултат от поименни гласувания - Приложение 2</RollCallVoteResults.Title.Text><RollCallVoteResults.Title.Text Language="CS">ZÁPIS<text:line-break />Výsledek jmenovitého hlasování - Příloha 2</RollCallVoteResults.Title.Text><RollCallVoteResults.Title.Text Language="DA">PROTOKOL<text:line-break />Resultat af afstemningerne ved navneopråb - Bilag 2</RollCallVoteResults.Title.Text><RollCallVoteResults.Title.Text Language="DE">PROTOKOLL<text:line-break />Ergebnis der namentlichen Abstimmungen - Anlage 2</RollCallVoteResults.Title.Text><RollCallVoteResults.Title.Text Language="EL">ΣΥΝΟΠΤIΚΑ ΠΡΑΚΤIΚΑ<text:line-break />Αποτέλεσμα των ψηφοφοριών με ονομαστική κλήση - Παράρτηµα 2</RollCallVoteResults.Title.Text><RollCallVoteResults.Title.Text Language="EN">MINUTES<text:line-break />Result of roll-call votes - Annex 2</RollCallVoteResults.Title.Text><RollCallVoteResults.Title.Text Language="ES">ACTA<text:line-break />Resultados de las votaciones nominales - Anexo 2</RollCallVoteResults.Title.Text><RollCallVoteResults.Title.Text Language="ET">PROTOKOLL<text:line-break />Nimelise hääletuse tulemused - lisa 2</RollCallVoteResults.Title.Text><RollCallVoteResults.Title.Text Language="FI">PÖYTÄKIRJA<text:line-break />Nimenhuutoäänestysten tulokset - Liite 2</RollCallVoteResults.Title.Text><RollCallVoteResults.Title.Text Language="FR">PROCÈS-VERBAL<text:line-break />Résultat des votes par appel nominal - Annexe 2</RollCallVoteResults.Title.Text><RollCallVoteResults.Title.Text Language="HR">ZAPISNIK<text:line-break />Rezultat poimeničnog glasovanja - Prilog 2</RollCallVoteResults.Title.Text><RollCallVoteResults.Title.Text Language="HU">JEGYZŐKÖNYV<text:line-break />A név szerinti szavazások eredménye - melléklet 2</RollCallVoteResults.Title.Text><RollCallVoteResults.Title.Text Language="IT">PROCESSO VERBALE<text:line-break />Risultato delle votazioni per appello nominale - Allegato 2</RollCallVoteResults.Title.Text><RollCallVoteResults.Title.Text Language="LT">PROTOKOLAS<text:line-break />Vardinio balsavimo rezultatai - priedas 2</RollCallVoteResults.Title.Text><RollCallVoteResults.Title.Text Language="LV">PROTOKOLS<text:line-break />Rezultāti balsošanai pēc saraksta - pielikums 2</RollCallVoteResults.Title.Text><RollCallVoteResults.Title.Text Language="MT">MINUTI<text:line-break />Riżultat tal-votazzjoni bis-sejħa tal-ismijiet - Anness 2</RollCallVoteResults.Title.Text><RollCallVoteResults.Title.Text Language="NL">NOTULEN<text:line-break />Uitslag van de hoofdelijke stemmingen - Bijlage 2</RollCallVoteResults.Title.Text><RollCallVoteResults.Title.Text Language="PL">PROTOKÓŁ<text:line-break />Wyniki głosowań imiennych - Załącznik 2</RollCallVoteResults.Title.Text><RollCallVoteResults.Title.Text Language="PT">ATA<text:line-break />Resultados das votações nominais - Anexo 2</RollCallVoteResults.Title.Text><RollCallVoteResults.Title.Text Language="RO">PROCES-VERBAL<text:line-break />Rezultatul voturilor prin apel nominal - Anexa 2</RollCallVoteResults.Title.Text><RollCallVoteResults.Title.Text Language="SK">ZÁPISNICA<text:line-break />Výsledok hlasovania podľa mien - Príloha 2</RollCallVoteResults.Title.Text><RollCallVoteResults.Title.Text Language="SL">ZAPISNIK<text:line-break />Izid poimenskega glasovanja - Priloga 2</RollCallVoteResults.Title.Text><RollCallVoteResults.Title.Text Language="SV">PROTOKOLL<text:line-break />Resultat av omröstningarna med namnupprop - Bilaga 2</RollCallVoteResults.Title.Text></RollCallVoteResults.Titles><RollCallVote.Result Identifier="108885" Date="2019-10-09 15:29:42"><RollCallVote.Description.Text>Ordre du jour du mercredi - demande des groupes GUE/NGL et Verts/ALE</RollCallVote.Description.Text><Result.For Number="398"><Result.PoliticalGroup.List Identifier="ECR"><PoliticalGroup.Member.Name MepId="6834">Geuking</PoliticalGroup.Member.Name><PoliticalGroup.Member.Name MepId="7157">Ruissen</PoliticalGroup.Member.Name></Result.PoliticalGroup.List><Result.PoliticalGroup.List Identifier="GUE/NGL"><PoliticalGroup.Member.Name MepId="6280">Anderson Martina</PoliticalGroup.Member.Name><PoliticalGroup.Member.Name MepId="6926">Aubry</PoliticalGroup.Member.Name><PoliticalGroup.Member.Name MepId="6914">Bompard</PoliticalGroup.Member.Name><PoliticalGroup.Member.Name MepId="6873">Botenga</PoliticalGroup.Member.Name><PoliticalGroup.Member.Name MepId="6832">Buschmann</PoliticalGroup.Member.Name><PoliticalGroup.Member.Name MepId="6598">Carthy</PoliticalGroup.Member.Name><PoliticalGroup.Member.Name MepId="6922">Chaibi</PoliticalGroup.Member.Name><PoliticalGroup.Member.Name MepId="7113">Daly</PoliticalGroup.Member.Name><PoliticalGroup.Member.Name MepId="6865">Demirel</PoliticalGroup.Member.Name><PoliticalGroup.Member.Name MepId="6597">Flanagan</PoliticalGroup.Member.Name><PoliticalGroup.Member.Name MepId="6815">Georgiou</PoliticalGroup.Member.Name><PoliticalGroup.Member.Name MepId="7133">Gusmão</PoliticalGroup.Member.Name><PoliticalGroup.Member.Name MepId="6628">Hazekamp</PoliticalGroup.Member.Name><PoliticalGroup.Member.Name MepId="5039">Konečná</PoliticalGroup.Member.Name><PoliticalGroup.Member.Name MepId="7087">Kountoura</PoliticalGroup.Member.Name><PoliticalGroup.Member.Name MepId="5992">Matias</PoliticalGroup.Member.Name><PoliticalGroup.Member.Name MepId="6310">Michels</PoliticalGroup.Member.Name><PoliticalGroup.Member.Name MepId="7190">Modig</PoliticalGroup.Member.Name><PoliticalGroup.Member.Name MepId="5596">Papadimoulis</PoliticalGroup.Member.Name><PoliticalGroup.Member.Name MepId="6920">Pelletier</PoliticalGroup.Member.Name><PoliticalGroup.Member.Name MepId="7213">Pineda</PoliticalGroup.Member.Name><PoliticalGroup.Member.Name MepId="7069">Rego</PoliticalGroup.Member.Name><PoliticalGroup.Member.Name MepId="7169">Rodríguez Palop</PoliticalGroup.Member.Name><PoliticalGroup.Member.Name MepId="6758">Schirdewan</PoliticalGroup.Member.Name><PoliticalGroup.Member.Name MepId="5837">Scholz</PoliticalGroup.Member.Name><PoliticalGroup.Member.Name MepId="6715">Urbán Crespo</PoliticalGroup.Member.Name><PoliticalGroup.Member.Name MepId="7212">Villanueva Ruiz</PoliticalGroup.Member.Name><PoliticalGroup.Member.Name MepId="6961">Villumsen</PoliticalGroup.Member.Name><PoliticalGroup.Member.Name MepId="7202">Wallace</PoliticalGroup.Member.Name></Result.PoliticalGroup.List><Result.PoliticalGroup.List Identifier="ID"><PoliticalGroup.Member.Name MepId="7211">Adinolfi Matteo</PoliticalGroup.Member.Name><PoliticalGroup.Member.Name MepId="7079">Androuët</PoliticalGroup.Member.Name><PoliticalGroup.Member.Name MepId="7174">Baldassarre</PoliticalGroup.Member.Name><PoliticalGroup.Member.Name MepId="6988">Bardella</PoliticalGroup.Member.Name><PoliticalGroup.Member.Name MepId="7001">Basso</PoliticalGroup.Member.Name><PoliticalGroup.Member.Name MepId="6394">Bay</PoliticalGroup.Member.Name><PoliticalGroup.Member.Name MepId="6405">Bilde</PoliticalGroup.Member.Name><PoliticalGroup.Member.Name MepId="6179">Bizzotto</PoliticalGroup.Member.Name><PoliticalGroup.Member.Name MepId="7172">Bonfrisco</PoliticalGroup.Member.Name><PoliticalGroup.Member.Name MepId="7000">Borchia</PoliticalGroup.Member.Name><PoliticalGroup.Member.Name MepId="7076">Bruna</PoliticalGroup.Member.Name><PoliticalGroup.Member.Name MepId="6981">Campomenosi</PoliticalGroup.Member.Name><PoliticalGroup.Member.Name MepId="7182">Caroppo</PoliticalGroup.Member.Name><PoliticalGroup.Member.Name MepId="7007">Conte</PoliticalGroup.Member.Name><PoliticalGroup.Member.Name MepId="6999">Da Re</PoliticalGroup.Member.Name><PoliticalGroup.Member.Name MepId="7207">Donato</PoliticalGroup.Member.Name><PoliticalGroup.Member.Name MepId="7005">Dreosto</PoliticalGroup.Member.Name><PoliticalGroup.Member.Name MepId="7018">Garraud</PoliticalGroup.Member.Name><PoliticalGroup.Member.Name MepId="7184">Grant</PoliticalGroup.Member.Name><PoliticalGroup.Member.Name MepId="7019">Griset</PoliticalGroup.Member.Name><PoliticalGroup.Member.Name MepId="6751">Jamet</PoliticalGroup.Member.Name><PoliticalGroup.Member.Name MepId="6879">Kuhs</PoliticalGroup.Member.Name><PoliticalGroup.Member.Name MepId="6771">Lancini</PoliticalGroup.Member.Name><PoliticalGroup.Member.Name MepId="6990">Laporte</PoliticalGroup.Member.Name><PoliticalGroup.Member.Name MepId="6372">Lebreton</PoliticalGroup.Member.Name><PoliticalGroup.Member.Name MepId="7074">Lechanteux</PoliticalGroup.Member.Name><PoliticalGroup.Member.Name MepId="7013">Mariani</PoliticalGroup.Member.Name><PoliticalGroup.Member.Name MepId="6399">Mélin</PoliticalGroup.Member.Name><PoliticalGroup.Member.Name MepId="7075">Olivier</PoliticalGroup.Member.Name><PoliticalGroup.Member.Name MepId="6979">Panza</PoliticalGroup.Member.Name><PoliticalGroup.Member.Name MepId="7020">Pirbakas</PoliticalGroup.Member.Name><PoliticalGroup.Member.Name MepId="7175">Regimenti</PoliticalGroup.Member.Name><PoliticalGroup.Member.Name MepId="7171">Rinaldi</PoliticalGroup.Member.Name><PoliticalGroup.Member.Name MepId="7006">Rivière</PoliticalGroup.Member.Name><PoliticalGroup.Member.Name MepId="6968">Sardone</PoliticalGroup.Member.Name><PoliticalGroup.Member.Name MepId="7191">Tardino</PoliticalGroup.Member.Name><PoliticalGroup.Member.Name MepId="6970">Tovaglieri</PoliticalGroup.Member.Name><PoliticalGroup.Member.Name MepId="7183">Vuolo</PoliticalGroup.Member.Name><PoliticalGroup.Member.Name MepId="6414">Zanni</PoliticalGroup.Member.Name></Result.PoliticalGroup.List><Result.PoliticalGroup.List Identifier="NI"><PoliticalGroup.Member.Name MepId="6468">Adinolfi Isabella</PoliticalGroup.Member.Name><PoliticalGroup.Member.Name MepId="6411">Beghin</PoliticalGroup.Member.Name><PoliticalGroup.Member.Name MepId="7103">Bull</PoliticalGroup.Member.Name><PoliticalGroup.Member.Name MepId="6748">Bullock</PoliticalGroup.Member.Name><PoliticalGroup.Member.Name MepId="6446">Castaldo</PoliticalGroup.Member.Name><PoliticalGroup.Member.Name MepId="6494">Corrao</PoliticalGroup.Member.Name><PoliticalGroup.Member.Name MepId="6472">D'Amato</PoliticalGroup.Member.Name><PoliticalGroup.Member.Name MepId="7144">Daubney</PoliticalGroup.Member.Name><PoliticalGroup.Member.Name MepId="7188">England Kerr</PoliticalGroup.Member.Name><PoliticalGroup.Member.Name MepId="6413">Evi</PoliticalGroup.Member.Name><PoliticalGroup.Member.Name MepId="7180">Furore</PoliticalGroup.Member.Name><PoliticalGroup.Member.Name MepId="7179">Gemma</PoliticalGroup.Member.Name><PoliticalGroup.Member.Name MepId="7189">Giarrusso</PoliticalGroup.Member.Name><PoliticalGroup.Member.Name MepId="6584">Gill Nathan</PoliticalGroup.Member.Name><PoliticalGroup.Member.Name MepId="6993">Heaver</PoliticalGroup.Member.Name><PoliticalGroup.Member.Name MepId="6836">Kolakušić</PoliticalGroup.Member.Name><PoliticalGroup.Member.Name MepId="7092">Monteith</PoliticalGroup.Member.Name><PoliticalGroup.Member.Name MepId="6995">Mummery</PoliticalGroup.Member.Name><PoliticalGroup.Member.Name MepId="7100">Overgaard Nielsen</PoliticalGroup.Member.Name><PoliticalGroup.Member.Name MepId="7011">Patten</PoliticalGroup.Member.Name><PoliticalGroup.Member.Name MepId="6482">Pedicini</PoliticalGroup.Member.Name><PoliticalGroup.Member.Name MepId="7101">Phillips Alexandra Lesley</PoliticalGroup.Member.Name><PoliticalGroup.Member.Name MepId="7198">Pugh</PoliticalGroup.Member.Name><PoliticalGroup.Member.Name MepId="7148">Radačovský</PoliticalGroup.Member.Name><PoliticalGroup.Member.Name MepId="7177">Rondinelli</PoliticalGroup.Member.Name><PoliticalGroup.Member.Name MepId="7115">Rowland</PoliticalGroup.Member.Name><PoliticalGroup.Member.Name MepId="7199">Stedman-Bryce</PoliticalGroup.Member.Name><PoliticalGroup.Member.Name MepId="7093">Tennant</PoliticalGroup.Member.Name><PoliticalGroup.Member.Name MepId="6991">Tice</PoliticalGroup.Member.Name><PoliticalGroup.Member.Name MepId="7147">Uhrík</PoliticalGroup.Member.Name><PoliticalGroup.Member.Name MepId="7141">Wells</PoliticalGroup.Member.Name></Result.PoliticalGroup.List><Result.PoliticalGroup.List Identifier="PPE"><PoliticalGroup.Member.Name MepId="6755">Ademov</PoliticalGroup.Member.Name><PoliticalGroup.Member.Name MepId="7219">Alexandrov Yordanov</PoliticalGroup.Member.Name><PoliticalGroup.Member.Name MepId="7129">Amaro</PoliticalGroup.Member.Name><PoliticalGroup.Member.Name MepId="5980">Arias Echeverría</PoliticalGroup.Member.Name><PoliticalGroup.Member.Name MepId="6594">Arimont</PoliticalGroup.Member.Name><PoliticalGroup.Member.Name MepId="7083">Asimakopoulou</PoliticalGroup.Member.Name><PoliticalGroup.Member.Name MepId="7060">Băsescu</PoliticalGroup.Member.Name><PoliticalGroup.Member.Name MepId="6927">Bellamy</PoliticalGroup.Member.Name><PoliticalGroup.Member.Name MepId="7067">Benjumea Benjumea</PoliticalGroup.Member.Name><PoliticalGroup.Member.Name MepId="6807">Bentele</PoliticalGroup.Member.Name><PoliticalGroup.Member.Name MepId="7162">Berendsen</PoliticalGroup.Member.Name><PoliticalGroup.Member.Name MepId="7037">Bernhuber</PoliticalGroup.Member.Name><PoliticalGroup.Member.Name MepId="7155">Bilčík</PoliticalGroup.Member.Name><PoliticalGroup.Member.Name MepId="6343">Bocskor</PoliticalGroup.Member.Name><PoliticalGroup.Member.Name MepId="6613">Bogovič</PoliticalGroup.Member.Name><PoliticalGroup.Member.Name MepId="6617">Buda</PoliticalGroup.Member.Name><PoliticalGroup.Member.Name MepId="5252">Casa</PoliticalGroup.Member.Name><PoliticalGroup.Member.Name MepId="5236">Christoforou</PoliticalGroup.Member.Name><PoliticalGroup.Member.Name MepId="5981">van Dalen</PoliticalGroup.Member.Name><PoliticalGroup.Member.Name MepId="6345">Deli</PoliticalGroup.Member.Name><PoliticalGroup.Member.Name MepId="5998">Deutsch</PoliticalGroup.Member.Name><PoliticalGroup.Member.Name MepId="6870">Doleschal</PoliticalGroup.Member.Name><PoliticalGroup.Member.Name MepId="5960">Dorfmann</PoliticalGroup.Member.Name><PoliticalGroup.Member.Name MepId="6810">Düpont</PoliticalGroup.Member.Name><PoliticalGroup.Member.Name MepId="7032">Edtstadler</PoliticalGroup.Member.Name><PoliticalGroup.Member.Name MepId="5348">Ehler</PoliticalGroup.Member.Name><PoliticalGroup.Member.Name MepId="5983">Estaràs Ferragut</PoliticalGroup.Member.Name><PoliticalGroup.Member.Name MepId="7038">Falcă</PoliticalGroup.Member.Name><PoliticalGroup.Member.Name MepId="3833">Ferber</PoliticalGroup.Member.Name><PoliticalGroup.Member.Name MepId="6068">Fernandes</PoliticalGroup.Member.Name><PoliticalGroup.Member.Name MepId="7108">Fitzgerald</PoliticalGroup.Member.Name><PoliticalGroup.Member.Name MepId="6813">Fourlas</PoliticalGroup.Member.Name><PoliticalGroup.Member.Name MepId="6906">Frankowski</PoliticalGroup.Member.Name><PoliticalGroup.Member.Name MepId="6852">Franssen</PoliticalGroup.Member.Name><PoliticalGroup.Member.Name MepId="4659">Gahler</PoliticalGroup.Member.Name><PoliticalGroup.Member.Name MepId="5280">Gál</PoliticalGroup.Member.Name><PoliticalGroup.Member.Name MepId="3980">García-Margallo y Marfil</PoliticalGroup.Member.Name><PoliticalGroup.Member.Name MepId="6441">Gieseke</PoliticalGroup.Member.Name><PoliticalGroup.Member.Name MepId="6632">González Pons</PoliticalGroup.Member.Name><PoliticalGroup.Member.Name MepId="6002">Győri</PoliticalGroup.Member.Name><PoliticalGroup.Member.Name MepId="5138">Gyürk</PoliticalGroup.Member.Name><PoliticalGroup.Member.Name MepId="6907">Halicki</PoliticalGroup.Member.Name><PoliticalGroup.Member.Name MepId="6777">Hansen</PoliticalGroup.Member.Name><PoliticalGroup.Member.Name MepId="6811">Herbst</PoliticalGroup.Member.Name><PoliticalGroup.Member.Name MepId="6534">Hetman</PoliticalGroup.Member.Name><PoliticalGroup.Member.Name MepId="5953">Hohlmeier</PoliticalGroup.Member.Name><PoliticalGroup.Member.Name MepId="6346">Hölvényi</PoliticalGroup.Member.Name><PoliticalGroup.Member.Name MepId="5952">Hübner</PoliticalGroup.Member.Name><PoliticalGroup.Member.Name MepId="5945">Jahr</PoliticalGroup.Member.Name><PoliticalGroup.Member.Name MepId="5271">Járóka</PoliticalGroup.Member.Name><PoliticalGroup.Member.Name MepId="6095">Kalniete</PoliticalGroup.Member.Name><PoliticalGroup.Member.Name MepId="7222">Kanev</PoliticalGroup.Member.Name><PoliticalGroup.Member.Name MepId="4669">Karas</PoliticalGroup.Member.Name><PoliticalGroup.Member.Name MepId="6666">Kefalogiannis</PoliticalGroup.Member.Name><PoliticalGroup.Member.Name MepId="5855">Kelly</PoliticalGroup.Member.Name><PoliticalGroup.Member.Name MepId="6918">Kopacz</PoliticalGroup.Member.Name><PoliticalGroup.Member.Name MepId="7226">Kubilius</PoliticalGroup.Member.Name><PoliticalGroup.Member.Name MepId="6662">Kyrtsos</PoliticalGroup.Member.Name><PoliticalGroup.Member.Name MepId="6793">Lega</PoliticalGroup.Member.Name><PoliticalGroup.Member.Name MepId="6592">Lenaers</PoliticalGroup.Member.Name><PoliticalGroup.Member.Name MepId="3855">Liese</PoliticalGroup.Member.Name><PoliticalGroup.Member.Name MepId="7161">López Gil</PoliticalGroup.Member.Name><PoliticalGroup.Member.Name MepId="5517">López-Istúriz White</PoliticalGroup.Member.Name><PoliticalGroup.Member.Name MepId="5964">Łukacijewska</PoliticalGroup.Member.Name><PoliticalGroup.Member.Name MepId="5245">McGuinness</PoliticalGroup.Member.Name><PoliticalGroup.Member.Name MepId="4964">Manders</PoliticalGroup.Member.Name><PoliticalGroup.Member.Name MepId="6761">Mandl</PoliticalGroup.Member.Name><PoliticalGroup.Member.Name MepId="5646">Marinescu</PoliticalGroup.Member.Name><PoliticalGroup.Member.Name MepId="6483">Maydell</PoliticalGroup.Member.Name><PoliticalGroup.Member.Name MepId="6121">Melo</PoliticalGroup.Member.Name><PoliticalGroup.Member.Name MepId="6297">Metsola</PoliticalGroup.Member.Name><PoliticalGroup.Member.Name MepId="6366">Monteiro de Aguiar</PoliticalGroup.Member.Name><PoliticalGroup.Member.Name MepId="7099">Montserrat</PoliticalGroup.Member.Name><PoliticalGroup.Member.Name MepId="6825">Mortler</PoliticalGroup.Member.Name><PoliticalGroup.Member.Name MepId="6436">Mureşan</PoliticalGroup.Member.Name><PoliticalGroup.Member.Name MepId="4712">Niebler</PoliticalGroup.Member.Name><PoliticalGroup.Member.Name MepId="6332">Niedermayer</PoliticalGroup.Member.Name><PoliticalGroup.Member.Name MepId="5407">Olbrycht</PoliticalGroup.Member.Name><PoliticalGroup.Member.Name MepId="7120">Pereira Lídia</PoliticalGroup.Member.Name><PoliticalGroup.Member.Name MepId="5788">Pietikäinen</PoliticalGroup.Member.Name><PoliticalGroup.Member.Name MepId="6803">Polfjärd</PoliticalGroup.Member.Name><PoliticalGroup.Member.Name MepId="6488">Radev</PoliticalGroup.Member.Name><PoliticalGroup.Member.Name MepId="6812">Ressler</PoliticalGroup.Member.Name><PoliticalGroup.Member.Name MepId="6698">Salini</PoliticalGroup.Member.Name><PoliticalGroup.Member.Name MepId="6370">Sander</PoliticalGroup.Member.Name><PoliticalGroup.Member.Name MepId="7045">Schmiedtbauer</PoliticalGroup.Member.Name><PoliticalGroup.Member.Name MepId="6821">Schneider</PoliticalGroup.Member.Name><PoliticalGroup.Member.Name MepId="6636">Schreijer-Pierik</PoliticalGroup.Member.Name><PoliticalGroup.Member.Name MepId="6443">Schulze</PoliticalGroup.Member.Name><PoliticalGroup.Member.Name MepId="5345">Schwab</PoliticalGroup.Member.Name><PoliticalGroup.Member.Name MepId="6823">Seekatz</PoliticalGroup.Member.Name><PoliticalGroup.Member.Name MepId="6790">Skyttedal</PoliticalGroup.Member.Name><PoliticalGroup.Member.Name MepId="6341">Šojdrová</PoliticalGroup.Member.Name><PoliticalGroup.Member.Name MepId="6547">Štefanec</PoliticalGroup.Member.Name><PoliticalGroup.Member.Name MepId="6301">Šuica</PoliticalGroup.Member.Name><PoliticalGroup.Member.Name MepId="5143">Szájer</PoliticalGroup.Member.Name><PoliticalGroup.Member.Name MepId="4482">Tajani</PoliticalGroup.Member.Name><PoliticalGroup.Member.Name MepId="7056">Thaler</PoliticalGroup.Member.Name><PoliticalGroup.Member.Name MepId="5949">Thun und Hohenstein</PoliticalGroup.Member.Name><PoliticalGroup.Member.Name MepId="6801">Tobé</PoliticalGroup.Member.Name><PoliticalGroup.Member.Name MepId="6681">Tomc</PoliticalGroup.Member.Name><PoliticalGroup.Member.Name MepId="6965">Tóth</PoliticalGroup.Member.Name><PoliticalGroup.Member.Name MepId="5930">Verheyen</PoliticalGroup.Member.Name><PoliticalGroup.Member.Name MepId="5934">Voss</PoliticalGroup.Member.Name><PoliticalGroup.Member.Name MepId="6827">Walsmann</PoliticalGroup.Member.Name><PoliticalGroup.Member.Name MepId="6804">Warborn</PoliticalGroup.Member.Name><PoliticalGroup.Member.Name MepId="5351">Weber</PoliticalGroup.Member.Name><PoliticalGroup.Member.Name MepId="6908">Weiss</PoliticalGroup.Member.Name><PoliticalGroup.Member.Name MepId="7153">Wiezik</PoliticalGroup.Member.Name><PoliticalGroup.Member.Name MepId="5782">Winkler</PoliticalGroup.Member.Name><PoliticalGroup.Member.Name MepId="7041">Winzig</PoliticalGroup.Member.Name><PoliticalGroup.Member.Name MepId="6820">Wiseler-Lima</PoliticalGroup.Member.Name><PoliticalGroup.Member.Name MepId="6344">Zdechovský</PoliticalGroup.Member.Name><PoliticalGroup.Member.Name MepId="7012">Zoido Álvarez</PoliticalGroup.Member.Name><PoliticalGroup.Member.Name MepId="6734">Zovko</PoliticalGroup.Member.Name><PoliticalGroup.Member.Name MepId="6094">Zver</PoliticalGroup.Member.Name></Result.PoliticalGroup.List><Result.PoliticalGroup.List Identifier="Renew"><PoliticalGroup.Member.Name MepId="7053">Armand</PoliticalGroup.Member.Name><PoliticalGroup.Member.Name MepId="6400">Auštrevičius</PoliticalGroup.Member.Name><PoliticalGroup.Member.Name MepId="7165">Azmani</PoliticalGroup.Member.Name><PoliticalGroup.Member.Name MepId="6089">Bilbao Barandica</PoliticalGroup.Member.Name><PoliticalGroup.Member.Name MepId="6967">Boyer</PoliticalGroup.Member.Name><PoliticalGroup.Member.Name MepId="6973">Cañas</PoliticalGroup.Member.Name><PoliticalGroup.Member.Name MepId="5891">Canfin</PoliticalGroup.Member.Name><PoliticalGroup.Member.Name MepId="7021">Cioloş</PoliticalGroup.Member.Name><PoliticalGroup.Member.Name MepId="6324">Durand</PoliticalGroup.Member.Name><PoliticalGroup.Member.Name MepId="6980">Farreng</PoliticalGroup.Member.Name><PoliticalGroup.Member.Name MepId="7050">Ghinea</PoliticalGroup.Member.Name><PoliticalGroup.Member.Name MepId="6936">Guetta</PoliticalGroup.Member.Name><PoliticalGroup.Member.Name MepId="6959">Hayer</PoliticalGroup.Member.Name><PoliticalGroup.Member.Name MepId="7154">Hojsík</PoliticalGroup.Member.Name><PoliticalGroup.Member.Name MepId="7112">Hook</PoliticalGroup.Member.Name><PoliticalGroup.Member.Name MepId="7139">Horwood</PoliticalGroup.Member.Name><PoliticalGroup.Member.Name MepId="6622">Huitema</PoliticalGroup.Member.Name><PoliticalGroup.Member.Name MepId="7014">Ijabs</PoliticalGroup.Member.Name><PoliticalGroup.Member.Name MepId="5385">in 't Veld</PoliticalGroup.Member.Name><PoliticalGroup.Member.Name MepId="6975">Karleskind</PoliticalGroup.Member.Name><PoliticalGroup.Member.Name MepId="6766">Katainen</PoliticalGroup.Member.Name><PoliticalGroup.Member.Name MepId="5021">Keller Fabienne</PoliticalGroup.Member.Name><PoliticalGroup.Member.Name MepId="6504">Kyuchyuk</PoliticalGroup.Member.Name><PoliticalGroup.Member.Name MepId="6887">Loiseau</PoliticalGroup.Member.Name><PoliticalGroup.Member.Name MepId="6957">Melchior</PoliticalGroup.Member.Name><PoliticalGroup.Member.Name MepId="6690">Mihaylova</PoliticalGroup.Member.Name><PoliticalGroup.Member.Name MepId="7196">Mohammed</PoliticalGroup.Member.Name><PoliticalGroup.Member.Name MepId="6500">Müller</PoliticalGroup.Member.Name><PoliticalGroup.Member.Name MepId="6760">Nagtegaal</PoliticalGroup.Member.Name><PoliticalGroup.Member.Name MepId="6614">Nart</PoliticalGroup.Member.Name><PoliticalGroup.Member.Name MepId="6996">Nethsingha</PoliticalGroup.Member.Name><PoliticalGroup.Member.Name MepId="6510">Petersen</PoliticalGroup.Member.Name><PoliticalGroup.Member.Name MepId="7235">Rafaela</PoliticalGroup.Member.Name><PoliticalGroup.Member.Name MepId="4676">Ries</PoliticalGroup.Member.Name><PoliticalGroup.Member.Name MepId="6056">Riquet</PoliticalGroup.Member.Name><PoliticalGroup.Member.Name MepId="7236">Schreinemacher</PoliticalGroup.Member.Name><PoliticalGroup.Member.Name MepId="6902">Séjourné</PoliticalGroup.Member.Name><PoliticalGroup.Member.Name MepId="7152">Šimečka</PoliticalGroup.Member.Name><PoliticalGroup.Member.Name MepId="6940">Tolleret</PoliticalGroup.Member.Name><PoliticalGroup.Member.Name MepId="6281">Torvalds</PoliticalGroup.Member.Name><PoliticalGroup.Member.Name MepId="7054">Tudorache</PoliticalGroup.Member.Name><PoliticalGroup.Member.Name MepId="6710">Vautmans</PoliticalGroup.Member.Name><PoliticalGroup.Member.Name MepId="6159">Verhofstadt</PoliticalGroup.Member.Name></Result.PoliticalGroup.List><Result.PoliticalGroup.List Identifier="S&amp;D"><PoliticalGroup.Member.Name MepId="6651">Aguilera</PoliticalGroup.Member.Name><PoliticalGroup.Member.Name MepId="7167">Ameriks</PoliticalGroup.Member.Name><PoliticalGroup.Member.Name MepId="6553">Arena</PoliticalGroup.Member.Name><PoliticalGroup.Member.Name MepId="7040">Avram</PoliticalGroup.Member.Name><PoliticalGroup.Member.Name MepId="6888">Balt</PoliticalGroup.Member.Name><PoliticalGroup.Member.Name MepId="6831">Barley</PoliticalGroup.Member.Name><PoliticalGroup.Member.Name MepId="7193">Bartolo</PoliticalGroup.Member.Name><PoliticalGroup.Member.Name MepId="6505">Benifei</PoliticalGroup.Member.Name><PoliticalGroup.Member.Name MepId="5173">Beňová</PoliticalGroup.Member.Name><PoliticalGroup.Member.Name MepId="6833">Bischoff</PoliticalGroup.Member.Name><PoliticalGroup.Member.Name MepId="5867">Blinkevičiūtė</PoliticalGroup.Member.Name><PoliticalGroup.Member.Name MepId="6449">Bonafè</PoliticalGroup.Member.Name><PoliticalGroup.Member.Name MepId="6264">Borzan</PoliticalGroup.Member.Name><PoliticalGroup.Member.Name MepId="6838">Burkhardt</PoliticalGroup.Member.Name><PoliticalGroup.Member.Name MepId="7008">Calenda</PoliticalGroup.Member.Name><PoliticalGroup.Member.Name MepId="7030">Cerdas</PoliticalGroup.Member.Name><PoliticalGroup.Member.Name MepId="6499">Chinnici</PoliticalGroup.Member.Name><PoliticalGroup.Member.Name MepId="6901">Cimoszewicz</PoliticalGroup.Member.Name><PoliticalGroup.Member.Name MepId="7046">Ciuhodaru</PoliticalGroup.Member.Name><PoliticalGroup.Member.Name MepId="7145">Číž</PoliticalGroup.Member.Name><PoliticalGroup.Member.Name MepId="4628">Corbett</PoliticalGroup.Member.Name><PoliticalGroup.Member.Name MepId="6794">Cutajar</PoliticalGroup.Member.Name><PoliticalGroup.Member.Name MepId="6589">Dalli</PoliticalGroup.Member.Name><PoliticalGroup.Member.Name MepId="6570">Dance</PoliticalGroup.Member.Name><PoliticalGroup.Member.Name MepId="6806">Danielsson</PoliticalGroup.Member.Name><PoliticalGroup.Member.Name MepId="6458">Danti</PoliticalGroup.Member.Name><PoliticalGroup.Member.Name MepId="6062">De Castro</PoliticalGroup.Member.Name><PoliticalGroup.Member.Name MepId="7248">Durá Ferrandis</PoliticalGroup.Member.Name><PoliticalGroup.Member.Name MepId="6652">Fernández</PoliticalGroup.Member.Name><PoliticalGroup.Member.Name MepId="6770">Ferrandino</PoliticalGroup.Member.Name><PoliticalGroup.Member.Name MepId="6791">Fritzon</PoliticalGroup.Member.Name><PoliticalGroup.Member.Name MepId="6955">Fuglsang</PoliticalGroup.Member.Name><PoliticalGroup.Member.Name MepId="7105">García Del Blanco</PoliticalGroup.Member.Name><PoliticalGroup.Member.Name MepId="7125">García Muñoz</PoliticalGroup.Member.Name><PoliticalGroup.Member.Name MepId="5417">García Pérez</PoliticalGroup.Member.Name><PoliticalGroup.Member.Name MepId="6130">Gardiazabal Rubial</PoliticalGroup.Member.Name><PoliticalGroup.Member.Name MepId="3827">Gebhardt</PoliticalGroup.Member.Name><PoliticalGroup.Member.Name MepId="4937">Gill Neena</PoliticalGroup.Member.Name><PoliticalGroup.Member.Name MepId="7106">González Casares</PoliticalGroup.Member.Name><PoliticalGroup.Member.Name MepId="6107">Guillaume</PoliticalGroup.Member.Name><PoliticalGroup.Member.Name MepId="6603">Guteland</PoliticalGroup.Member.Name><PoliticalGroup.Member.Name MepId="7185">Heinäluoma</PoliticalGroup.Member.Name><PoliticalGroup.Member.Name MepId="7122">Homs Ginel</PoliticalGroup.Member.Name><PoliticalGroup.Member.Name MepId="6745">Howarth</PoliticalGroup.Member.Name><PoliticalGroup.Member.Name MepId="7229">Hristov</PoliticalGroup.Member.Name><PoliticalGroup.Member.Name MepId="6792">Incir</PoliticalGroup.Member.Name><PoliticalGroup.Member.Name MepId="6884">Kaljurand</PoliticalGroup.Member.Name><PoliticalGroup.Member.Name MepId="6009">Kammerevert</PoliticalGroup.Member.Name><PoliticalGroup.Member.Name MepId="3761">Krehl</PoliticalGroup.Member.Name><PoliticalGroup.Member.Name MepId="6367">Kumpula-Natri</PoliticalGroup.Member.Name><PoliticalGroup.Member.Name MepId="7085">Lalucq</PoliticalGroup.Member.Name><PoliticalGroup.Member.Name MepId="3823">Lange</PoliticalGroup.Member.Name><PoliticalGroup.Member.Name MepId="6984">Majorino</PoliticalGroup.Member.Name><PoliticalGroup.Member.Name MepId="7023">Marques Pedro</PoliticalGroup.Member.Name><PoliticalGroup.Member.Name MepId="6839">Matić</PoliticalGroup.Member.Name><PoliticalGroup.Member.Name MepId="6322">Mavrides</PoliticalGroup.Member.Name><PoliticalGroup.Member.Name MepId="6890">Mikser</PoliticalGroup.Member.Name><PoliticalGroup.Member.Name MepId="4923">Moraes</PoliticalGroup.Member.Name><PoliticalGroup.Member.Name MepId="5466">Moreno Sánchez</PoliticalGroup.Member.Name><PoliticalGroup.Member.Name MepId="6433">Moretti</PoliticalGroup.Member.Name><PoliticalGroup.Member.Name MepId="6016">Neuser</PoliticalGroup.Member.Name><PoliticalGroup.Member.Name MepId="6418">Nica</PoliticalGroup.Member.Name><PoliticalGroup.Member.Name MepId="7221">Olekas</PoliticalGroup.Member.Name><PoliticalGroup.Member.Name MepId="6756">Palmer</PoliticalGroup.Member.Name><PoliticalGroup.Member.Name MepId="6323">Papadakis Demetris</PoliticalGroup.Member.Name><PoliticalGroup.Member.Name MepId="6484">Picierno</PoliticalGroup.Member.Name><PoliticalGroup.Member.Name MepId="6625">Piri</PoliticalGroup.Member.Name><PoliticalGroup.Member.Name MepId="6982">Pisapia</PoliticalGroup.Member.Name><PoliticalGroup.Member.Name MepId="6136">Regner</PoliticalGroup.Member.Name><PoliticalGroup.Member.Name MepId="6649">Rodríguez-Piñero</PoliticalGroup.Member.Name><PoliticalGroup.Member.Name MepId="6974">Rónai</PoliticalGroup.Member.Name><PoliticalGroup.Member.Name MepId="7110">Sánchez Amor</PoliticalGroup.Member.Name><PoliticalGroup.Member.Name MepId="5713">Schaldemose</PoliticalGroup.Member.Name><PoliticalGroup.Member.Name MepId="7059">Schieder</PoliticalGroup.Member.Name><PoliticalGroup.Member.Name MepId="7065">Sidl</PoliticalGroup.Member.Name><PoliticalGroup.Member.Name MepId="6381">Silva Pereira</PoliticalGroup.Member.Name><PoliticalGroup.Member.Name MepId="6093">Sippel</PoliticalGroup.Member.Name><PoliticalGroup.Member.Name MepId="6943">Spurek</PoliticalGroup.Member.Name><PoliticalGroup.Member.Name MepId="5624">Tarabella</PoliticalGroup.Member.Name><PoliticalGroup.Member.Name MepId="6983">Tinagli</PoliticalGroup.Member.Name><PoliticalGroup.Member.Name MepId="5459">Toia</PoliticalGroup.Member.Name><PoliticalGroup.Member.Name MepId="7247">Tudose</PoliticalGroup.Member.Name><PoliticalGroup.Member.Name MepId="4990">Van Brempt</PoliticalGroup.Member.Name><PoliticalGroup.Member.Name MepId="7066">Vollath</PoliticalGroup.Member.Name><PoliticalGroup.Member.Name MepId="6735">Wölken</PoliticalGroup.Member.Name><PoliticalGroup.Member.Name MepId="6373">Zorrinho</PoliticalGroup.Member.Name></Result.PoliticalGroup.List><Result.PoliticalGroup.List Identifier="Verts/ALE"><PoliticalGroup.Member.Name MepId="7084">Ainslie</PoliticalGroup.Member.Name><PoliticalGroup.Member.Name MepId="5924">Alfonsi</PoliticalGroup.Member.Name><PoliticalGroup.Member.Name MepId="7033">Allard</PoliticalGroup.Member.Name><PoliticalGroup.Member.Name MepId="6845">Andresen</PoliticalGroup.Member.Name><PoliticalGroup.Member.Name MepId="5291">Auken</PoliticalGroup.Member.Name><PoliticalGroup.Member.Name MepId="6905">Biteau</PoliticalGroup.Member.Name><PoliticalGroup.Member.Name MepId="6829">Breyer</PoliticalGroup.Member.Name><PoliticalGroup.Member.Name MepId="6455">Buchner</PoliticalGroup.Member.Name><PoliticalGroup.Member.Name MepId="6964">Carême</PoliticalGroup.Member.Name><PoliticalGroup.Member.Name MepId="6847">Cavazzini</PoliticalGroup.Member.Name><PoliticalGroup.Member.Name MepId="7102">Chowns</PoliticalGroup.Member.Name><PoliticalGroup.Member.Name MepId="7043">Cuffe</PoliticalGroup.Member.Name><PoliticalGroup.Member.Name MepId="6040">Delli</PoliticalGroup.Member.Name><PoliticalGroup.Member.Name MepId="6868">De Sutter</PoliticalGroup.Member.Name><PoliticalGroup.Member.Name MepId="5899">Eickhout</PoliticalGroup.Member.Name><PoliticalGroup.Member.Name MepId="4954">Evans</PoliticalGroup.Member.Name><PoliticalGroup.Member.Name MepId="6851">Freund</PoliticalGroup.Member.Name><PoliticalGroup.Member.Name MepId="6853">Geese</PoliticalGroup.Member.Name><PoliticalGroup.Member.Name MepId="6942">Gregorová</PoliticalGroup.Member.Name><PoliticalGroup.Member.Name MepId="5926">Häusling</PoliticalGroup.Member.Name><PoliticalGroup.Member.Name MepId="4535">Hautala</PoliticalGroup.Member.Name><PoliticalGroup.Member.Name MepId="6797">Holmgren</PoliticalGroup.Member.Name><PoliticalGroup.Member.Name MepId="5914">Jadot</PoliticalGroup.Member.Name><PoliticalGroup.Member.Name MepId="7220">Jakeliūnas</PoliticalGroup.Member.Name><PoliticalGroup.Member.Name MepId="6939">Kolaja</PoliticalGroup.Member.Name><PoliticalGroup.Member.Name MepId="6795">Kuhnke</PoliticalGroup.Member.Name><PoliticalGroup.Member.Name MepId="5838">Lamberts</PoliticalGroup.Member.Name><PoliticalGroup.Member.Name MepId="7028">McLeod</PoliticalGroup.Member.Name><PoliticalGroup.Member.Name MepId="6859">Marquardt</PoliticalGroup.Member.Name><PoliticalGroup.Member.Name MepId="6776">Metz</PoliticalGroup.Member.Name><PoliticalGroup.Member.Name MepId="6862">Nienaß</PoliticalGroup.Member.Name><PoliticalGroup.Member.Name MepId="7187">Niinistö</PoliticalGroup.Member.Name><PoliticalGroup.Member.Name MepId="6863">Paulus</PoliticalGroup.Member.Name><PoliticalGroup.Member.Name MepId="6932">Peksa</PoliticalGroup.Member.Name><PoliticalGroup.Member.Name MepId="6963">Peter-Hansen</PoliticalGroup.Member.Name><PoliticalGroup.Member.Name MepId="6529">Reintke</PoliticalGroup.Member.Name><PoliticalGroup.Member.Name MepId="7217">Riba i Giner</PoliticalGroup.Member.Name><PoliticalGroup.Member.Name MepId="5917">Rivasi</PoliticalGroup.Member.Name><PoliticalGroup.Member.Name MepId="6900">Roose</PoliticalGroup.Member.Name><PoliticalGroup.Member.Name MepId="6694">Ropė</PoliticalGroup.Member.Name><PoliticalGroup.Member.Name MepId="6994">Rowett</PoliticalGroup.Member.Name><PoliticalGroup.Member.Name MepId="6560">Scott Cato</PoliticalGroup.Member.Name><PoliticalGroup.Member.Name MepId="6822">Semsrott</PoliticalGroup.Member.Name><PoliticalGroup.Member.Name MepId="5571">Smith</PoliticalGroup.Member.Name><PoliticalGroup.Member.Name MepId="7156">Strik</PoliticalGroup.Member.Name><PoliticalGroup.Member.Name MepId="6894">Toussaint</PoliticalGroup.Member.Name><PoliticalGroup.Member.Name MepId="6591">Urtasun</PoliticalGroup.Member.Name><PoliticalGroup.Member.Name MepId="6551">Vana</PoliticalGroup.Member.Name><PoliticalGroup.Member.Name MepId="7237">Van Sparrentak</PoliticalGroup.Member.Name><PoliticalGroup.Member.Name MepId="6848">Von Cramon-Taubadel</PoliticalGroup.Member.Name><PoliticalGroup.Member.Name MepId="6904">Yenbou</PoliticalGroup.Member.Name><PoliticalGroup.Member.Name MepId="5602">Ždanoka</PoliticalGroup.Member.Name></Result.PoliticalGroup.List></Result.For><Result.Against Number="56"><Result.PoliticalGroup.List Identifier="ECR"><PoliticalGroup.Member.Name MepId="7244">Aguilar</PoliticalGroup.Member.Name><PoliticalGroup.Member.Name MepId="6864">Bourgeois</PoliticalGroup.Member.Name><PoliticalGroup.Member.Name MepId="6511">Dzhambazki</PoliticalGroup.Member.Name><PoliticalGroup.Member.Name MepId="6167">Eppink</PoliticalGroup.Member.Name><PoliticalGroup.Member.Name MepId="5982">Fidanza</PoliticalGroup.Member.Name><PoliticalGroup.Member.Name MepId="6998">Fiocchi</PoliticalGroup.Member.Name><PoliticalGroup.Member.Name MepId="4880">Fitto</PoliticalGroup.Member.Name><PoliticalGroup.Member.Name MepId="5472">Fotyga</PoliticalGroup.Member.Name><PoliticalGroup.Member.Name MepId="6913">Kloc</PoliticalGroup.Member.Name><PoliticalGroup.Member.Name MepId="6923">Kopcińska</PoliticalGroup.Member.Name><PoliticalGroup.Member.Name MepId="6530">Krasnodębski</PoliticalGroup.Member.Name><PoliticalGroup.Member.Name MepId="5969">Legutko</PoliticalGroup.Member.Name><PoliticalGroup.Member.Name MepId="6234">McIntyre</PoliticalGroup.Member.Name><PoliticalGroup.Member.Name MepId="6931">Mazurek</PoliticalGroup.Member.Name><PoliticalGroup.Member.Name MepId="7173">Melbārde</PoliticalGroup.Member.Name><PoliticalGroup.Member.Name MepId="6934">Możdżanowska</PoliticalGroup.Member.Name><PoliticalGroup.Member.Name MepId="6937">Rafalska</PoliticalGroup.Member.Name><PoliticalGroup.Member.Name MepId="6938">Rzońca</PoliticalGroup.Member.Name><PoliticalGroup.Member.Name MepId="7216">Tertsch</PoliticalGroup.Member.Name><PoliticalGroup.Member.Name MepId="6952">Tobiszowski</PoliticalGroup.Member.Name><PoliticalGroup.Member.Name MepId="6300">Tomašić</PoliticalGroup.Member.Name><PoliticalGroup.Member.Name MepId="4917">Van Orden</PoliticalGroup.Member.Name><PoliticalGroup.Member.Name MepId="6930">Vondra</PoliticalGroup.Member.Name><PoliticalGroup.Member.Name MepId="5052">Zahradil</PoliticalGroup.Member.Name><PoliticalGroup.Member.Name MepId="6522">Złotowski</PoliticalGroup.Member.Name></Result.PoliticalGroup.List><Result.PoliticalGroup.List Identifier="ID"><PoliticalGroup.Member.Name MepId="6876">Buchheit</PoliticalGroup.Member.Name><PoliticalGroup.Member.Name MepId="7246">Haider</PoliticalGroup.Member.Name><PoliticalGroup.Member.Name MepId="6886">Madison</PoliticalGroup.Member.Name><PoliticalGroup.Member.Name MepId="6759">Meuthen</PoliticalGroup.Member.Name></Result.PoliticalGroup.List><Result.PoliticalGroup.List Identifier="NI"><PoliticalGroup.Member.Name MepId="6106">Dodds</PoliticalGroup.Member.Name></Result.PoliticalGroup.List><Result.PoliticalGroup.List Identifier="PPE"><PoliticalGroup.Member.Name MepId="7035">Hava</PoliticalGroup.Member.Name><PoliticalGroup.Member.Name MepId="7224">Mažylis</PoliticalGroup.Member.Name><PoliticalGroup.Member.Name MepId="7209">Milazzo</PoliticalGroup.Member.Name><PoliticalGroup.Member.Name MepId="5413">Novak</PoliticalGroup.Member.Name><PoliticalGroup.Member.Name MepId="6663">Spyraki</PoliticalGroup.Member.Name><PoliticalGroup.Member.Name MepId="5600">Vaidere</PoliticalGroup.Member.Name></Result.PoliticalGroup.List><Result.PoliticalGroup.List Identifier="Renew"><PoliticalGroup.Member.Name MepId="7230">Alieva-Veli</PoliticalGroup.Member.Name><PoliticalGroup.Member.Name MepId="6799">Al-Sahlani</PoliticalGroup.Member.Name><PoliticalGroup.Member.Name MepId="6835">Beer</PoliticalGroup.Member.Name><PoliticalGroup.Member.Name MepId="6339">Charanzová</PoliticalGroup.Member.Name><PoliticalGroup.Member.Name MepId="6340">Dlabajová</PoliticalGroup.Member.Name><PoliticalGroup.Member.Name MepId="6828">Eroglu</PoliticalGroup.Member.Name><PoliticalGroup.Member.Name MepId="6601">Federley</PoliticalGroup.Member.Name><PoliticalGroup.Member.Name MepId="1793">Goerens</PoliticalGroup.Member.Name><PoliticalGroup.Member.Name MepId="6841">Hahn Svenja</PoliticalGroup.Member.Name><PoliticalGroup.Member.Name MepId="6921">Knotek</PoliticalGroup.Member.Name><PoliticalGroup.Member.Name MepId="6917">Kovařík</PoliticalGroup.Member.Name><PoliticalGroup.Member.Name MepId="6830">Oetjen</PoliticalGroup.Member.Name><PoliticalGroup.Member.Name MepId="4767">Rodríguez Ramos</PoliticalGroup.Member.Name><PoliticalGroup.Member.Name MepId="6817">Semedo</PoliticalGroup.Member.Name><PoliticalGroup.Member.Name MepId="7168">Solís Pérez</PoliticalGroup.Member.Name><PoliticalGroup.Member.Name MepId="7055">Ştefănuță</PoliticalGroup.Member.Name><PoliticalGroup.Member.Name MepId="6971">Yon-Courtin</PoliticalGroup.Member.Name><PoliticalGroup.Member.Name MepId="6892">Zacharopoulou</PoliticalGroup.Member.Name></Result.PoliticalGroup.List><Result.PoliticalGroup.List Identifier="S&amp;D"><PoliticalGroup.Member.Name MepId="6889">Belka</PoliticalGroup.Member.Name><PoliticalGroup.Member.Name MepId="6796">Bergkvist</PoliticalGroup.Member.Name></Result.PoliticalGroup.List></Result.Against><Result.Abstention Number="25"><Result.PoliticalGroup.List Identifier="ECR"><PoliticalGroup.Member.Name MepId="6798">Stegrud</PoliticalGroup.Member.Name><PoliticalGroup.Member.Name MepId="5892">Tošenovský</PoliticalGroup.Member.Name><PoliticalGroup.Member.Name MepId="6945">Vrecionová</PoliticalGroup.Member.Name></Result.PoliticalGroup.List><Result.PoliticalGroup.List Identifier="ID"><PoliticalGroup.Member.Name MepId="6989">Hakkarainen</PoliticalGroup.Member.Name><PoliticalGroup.Member.Name MepId="6986">Huhtasaari</PoliticalGroup.Member.Name><PoliticalGroup.Member.Name MepId="6960">Kofod</PoliticalGroup.Member.Name></Result.PoliticalGroup.List><Result.PoliticalGroup.List Identifier="NI"><PoliticalGroup.Member.Name MepId="4929">Farage</PoliticalGroup.Member.Name><PoliticalGroup.Member.Name MepId="7243">Gyöngyösi</PoliticalGroup.Member.Name><PoliticalGroup.Member.Name MepId="7119">Lagos</PoliticalGroup.Member.Name><PoliticalGroup.Member.Name MepId="7116">Nikolaou-Alavanos</PoliticalGroup.Member.Name><PoliticalGroup.Member.Name MepId="6676">Papadakis Kostas</PoliticalGroup.Member.Name></Result.PoliticalGroup.List><Result.PoliticalGroup.List Identifier="PPE"><PoliticalGroup.Member.Name MepId="5346">Pieper</PoliticalGroup.Member.Name></Result.PoliticalGroup.List><Result.PoliticalGroup.List Identifier="Renew"><PoliticalGroup.Member.Name MepId="6110">Bearder</PoliticalGroup.Member.Name><PoliticalGroup.Member.Name MepId="6256">Bennion</PoliticalGroup.Member.Name><PoliticalGroup.Member.Name MepId="7057">Botoş</PoliticalGroup.Member.Name><PoliticalGroup.Member.Name MepId="6992">Gibson</PoliticalGroup.Member.Name><PoliticalGroup.Member.Name MepId="6849">Grošelj</PoliticalGroup.Member.Name><PoliticalGroup.Member.Name MepId="6844">Joveva</PoliticalGroup.Member.Name><PoliticalGroup.Member.Name MepId="1141">Newton Dunn</PoliticalGroup.Member.Name><PoliticalGroup.Member.Name MepId="7058">Strugariu</PoliticalGroup.Member.Name><PoliticalGroup.Member.Name MepId="7132">Voaden</PoliticalGroup.Member.Name></Result.PoliticalGroup.List><Result.PoliticalGroup.List Identifier="S&amp;D"><PoliticalGroup.Member.Name MepId="7252">Carvalhais</PoliticalGroup.Member.Name><PoliticalGroup.Member.Name MepId="5661">Crețu</PoliticalGroup.Member.Name><PoliticalGroup.Member.Name MepId="5094">Liberadzki</PoliticalGroup.Member.Name><PoliticalGroup.Member.Name MepId="6933">Miller</PoliticalGroup.Member.Name></Result.PoliticalGroup.List></Result.Abstention></RollCallVote.Result><RollCallVote.Result Identifier="108886" Date="2019-10-09 15:34:35"><RollCallVote.Description.Text>Ordre du jour de mercredi - demande du groupe PPE </RollCallVote.Description.Text><Result.For Number="508"><Result.PoliticalGroup.List Identifier="ECR"><PoliticalGroup.Member.Name MepId="7244">Aguilar</PoliticalGroup.Member.Name><PoliticalGroup.Member.Name MepId="6864">Bourgeois</PoliticalGroup.Member.Name><PoliticalGroup.Member.Name MepId="6511">Dzhambazki</PoliticalGroup.Member.Name><PoliticalGroup.Member.Name MepId="6167">Eppink</PoliticalGroup.Member.Name><PoliticalGroup.Member.Name MepId="5982">Fidanza</PoliticalGroup.Member.Name><PoliticalGroup.Member.Name MepId="6998">Fiocchi</PoliticalGroup.Member.Name><PoliticalGroup.Member.Name MepId="4880">Fitto</PoliticalGroup.Member.Name><PoliticalGroup.Member.Name MepId="5472">Fotyga</PoliticalGroup.Member.Name><PoliticalGroup.Member.Name MepId="7250">Fragkos</PoliticalGroup.Member.Name><PoliticalGroup.Member.Name MepId="6834">Geuking</PoliticalGroup.Member.Name><PoliticalGroup.Member.Name MepId="6911">Jurgiel</PoliticalGroup.Member.Name><PoliticalGroup.Member.Name MepId="6866">Kanko</PoliticalGroup.Member.Name><PoliticalGroup.Member.Name MepId="6913">Kloc</PoliticalGroup.Member.Name><PoliticalGroup.Member.Name MepId="6923">Kopcińska</PoliticalGroup.Member.Name><PoliticalGroup.Member.Name MepId="6530">Krasnodębski</PoliticalGroup.Member.Name><PoliticalGroup.Member.Name MepId="5969">Legutko</PoliticalGroup.Member.Name><PoliticalGroup.Member.Name MepId="6234">McIntyre</PoliticalGroup.Member.Name><PoliticalGroup.Member.Name MepId="6931">Mazurek</PoliticalGroup.Member.Name><PoliticalGroup.Member.Name MepId="7173">Melbārde</PoliticalGroup.Member.Name><PoliticalGroup.Member.Name MepId="6934">Możdżanowska</PoliticalGroup.Member.Name><PoliticalGroup.Member.Name MepId="6937">Rafalska</PoliticalGroup.Member.Name><PoliticalGroup.Member.Name MepId="7160">Rooken</PoliticalGroup.Member.Name><PoliticalGroup.Member.Name MepId="7097">Roos</PoliticalGroup.Member.Name><PoliticalGroup.Member.Name MepId="7157">Ruissen</PoliticalGroup.Member.Name><PoliticalGroup.Member.Name MepId="6938">Rzońca</PoliticalGroup.Member.Name><PoliticalGroup.Member.Name MepId="7231">Slabakov</PoliticalGroup.Member.Name><PoliticalGroup.Member.Name MepId="6798">Stegrud</PoliticalGroup.Member.Name><PoliticalGroup.Member.Name MepId="7216">Tertsch</PoliticalGroup.Member.Name><PoliticalGroup.Member.Name MepId="6952">Tobiszowski</PoliticalGroup.Member.Name><PoliticalGroup.Member.Name MepId="5878">Tomaševski</PoliticalGroup.Member.Name><PoliticalGroup.Member.Name MepId="6300">Tomašić</PoliticalGroup.Member.Name><PoliticalGroup.Member.Name MepId="5892">Tošenovský</PoliticalGroup.Member.Name><PoliticalGroup.Member.Name MepId="4917">Van Orden</PoliticalGroup.Member.Name><PoliticalGroup.Member.Name MepId="6930">Vondra</PoliticalGroup.Member.Name><PoliticalGroup.Member.Name MepId="6945">Vrecionová</PoliticalGroup.Member.Name><PoliticalGroup.Member.Name MepId="6515">Wiśniewska</PoliticalGroup.Member.Name><PoliticalGroup.Member.Name MepId="5052">Zahradil</PoliticalGroup.Member.Name><PoliticalGroup.Member.Name MepId="6962">Zalewska</PoliticalGroup.Member.Name><PoliticalGroup.Member.Name MepId="6522">Złotowski</PoliticalGroup.Member.Name></Result.PoliticalGroup.List><Result.PoliticalGroup.List Identifier="GUE/NGL"><PoliticalGroup.Member.Name MepId="6280">Anderson Martina</PoliticalGroup.Member.Name><PoliticalGroup.Member.Name MepId="6926">Aubry</PoliticalGroup.Member.Name><PoliticalGroup.Member.Name MepId="7072">Barrena Arza</PoliticalGroup.Member.Name><PoliticalGroup.Member.Name MepId="6914">Bompard</PoliticalGroup.Member.Name><PoliticalGroup.Member.Name MepId="6873">Botenga</PoliticalGroup.Member.Name><PoliticalGroup.Member.Name MepId="6832">Buschmann</PoliticalGroup.Member.Name><PoliticalGroup.Member.Name MepId="6598">Carthy</PoliticalGroup.Member.Name><PoliticalGroup.Member.Name MepId="6922">Chaibi</PoliticalGroup.Member.Name><PoliticalGroup.Member.Name MepId="7113">Daly</PoliticalGroup.Member.Name><PoliticalGroup.Member.Name MepId="6865">Demirel</PoliticalGroup.Member.Name><PoliticalGroup.Member.Name MepId="6597">Flanagan</PoliticalGroup.Member.Name><PoliticalGroup.Member.Name MepId="6815">Georgiou</PoliticalGroup.Member.Name><PoliticalGroup.Member.Name MepId="7133">Gusmão</PoliticalGroup.Member.Name><PoliticalGroup.Member.Name MepId="6628">Hazekamp</PoliticalGroup.Member.Name><PoliticalGroup.Member.Name MepId="6814">Kizilyürek</PoliticalGroup.Member.Name><PoliticalGroup.Member.Name MepId="5039">Konečná</PoliticalGroup.Member.Name><PoliticalGroup.Member.Name MepId="7087">Kountoura</PoliticalGroup.Member.Name><PoliticalGroup.Member.Name MepId="5992">Matias</PoliticalGroup.Member.Name><PoliticalGroup.Member.Name MepId="6310">Michels</PoliticalGroup.Member.Name><PoliticalGroup.Member.Name MepId="7190">Modig</PoliticalGroup.Member.Name><PoliticalGroup.Member.Name MepId="5596">Papadimoulis</PoliticalGroup.Member.Name><PoliticalGroup.Member.Name MepId="6920">Pelletier</PoliticalGroup.Member.Name><PoliticalGroup.Member.Name MepId="7138">Pereira Sandra</PoliticalGroup.Member.Name><PoliticalGroup.Member.Name MepId="7213">Pineda</PoliticalGroup.Member.Name><PoliticalGroup.Member.Name MepId="7069">Rego</PoliticalGroup.Member.Name><PoliticalGroup.Member.Name MepId="7169">Rodríguez Palop</PoliticalGroup.Member.Name><PoliticalGroup.Member.Name MepId="6758">Schirdewan</PoliticalGroup.Member.Name><PoliticalGroup.Member.Name MepId="5837">Scholz</PoliticalGroup.Member.Name><PoliticalGroup.Member.Name MepId="6715">Urbán Crespo</PoliticalGroup.Member.Name><PoliticalGroup.Member.Name MepId="7212">Villanueva Ruiz</PoliticalGroup.Member.Name><PoliticalGroup.Member.Name MepId="6961">Villumsen</PoliticalGroup.Member.Name><PoliticalGroup.Member.Name MepId="7202">Wallace</PoliticalGroup.Member.Name></Result.PoliticalGroup.List><Result.PoliticalGroup.List Identifier="ID"><PoliticalGroup.Member.Name MepId="7211">Adinolfi Matteo</PoliticalGroup.Member.Name><PoliticalGroup.Member.Name MepId="7079">Androuët</PoliticalGroup.Member.Name><PoliticalGroup.Member.Name MepId="7174">Baldassarre</PoliticalGroup.Member.Name><PoliticalGroup.Member.Name MepId="6988">Bardella</PoliticalGroup.Member.Name><PoliticalGroup.Member.Name MepId="7001">Basso</PoliticalGroup.Member.Name><PoliticalGroup.Member.Name MepId="6394">Bay</PoliticalGroup.Member.Name><PoliticalGroup.Member.Name MepId="6405">Bilde</PoliticalGroup.Member.Name><PoliticalGroup.Member.Name MepId="6179">Bizzotto</PoliticalGroup.Member.Name><PoliticalGroup.Member.Name MepId="7172">Bonfrisco</PoliticalGroup.Member.Name><PoliticalGroup.Member.Name MepId="7000">Borchia</PoliticalGroup.Member.Name><PoliticalGroup.Member.Name MepId="7076">Bruna</PoliticalGroup.Member.Name><PoliticalGroup.Member.Name MepId="6876">Buchheit</PoliticalGroup.Member.Name><PoliticalGroup.Member.Name MepId="6981">Campomenosi</PoliticalGroup.Member.Name><PoliticalGroup.Member.Name MepId="7182">Caroppo</PoliticalGroup.Member.Name><PoliticalGroup.Member.Name MepId="7007">Conte</PoliticalGroup.Member.Name><PoliticalGroup.Member.Name MepId="6999">Da Re</PoliticalGroup.Member.Name><PoliticalGroup.Member.Name MepId="6869">De Man</PoliticalGroup.Member.Name><PoliticalGroup.Member.Name MepId="7207">Donato</PoliticalGroup.Member.Name><PoliticalGroup.Member.Name MepId="7005">Dreosto</PoliticalGroup.Member.Name><PoliticalGroup.Member.Name MepId="6972">Gancia</PoliticalGroup.Member.Name><PoliticalGroup.Member.Name MepId="7018">Garraud</PoliticalGroup.Member.Name><PoliticalGroup.Member.Name MepId="7184">Grant</PoliticalGroup.Member.Name><PoliticalGroup.Member.Name MepId="7019">Griset</PoliticalGroup.Member.Name><PoliticalGroup.Member.Name MepId="7246">Haider</PoliticalGroup.Member.Name><PoliticalGroup.Member.Name MepId="6989">Hakkarainen</PoliticalGroup.Member.Name><PoliticalGroup.Member.Name MepId="6986">Huhtasaari</PoliticalGroup.Member.Name><PoliticalGroup.Member.Name MepId="6751">Jamet</PoliticalGroup.Member.Name><PoliticalGroup.Member.Name MepId="7017">Joron</PoliticalGroup.Member.Name><PoliticalGroup.Member.Name MepId="6960">Kofod</PoliticalGroup.Member.Name><PoliticalGroup.Member.Name MepId="6771">Lancini</PoliticalGroup.Member.Name><PoliticalGroup.Member.Name MepId="6990">Laporte</PoliticalGroup.Member.Name><PoliticalGroup.Member.Name MepId="6372">Lebreton</PoliticalGroup.Member.Name><PoliticalGroup.Member.Name MepId="7074">Lechanteux</PoliticalGroup.Member.Name><PoliticalGroup.Member.Name MepId="6880">Limmer</PoliticalGroup.Member.Name><PoliticalGroup.Member.Name MepId="6886">Madison</PoliticalGroup.Member.Name><PoliticalGroup.Member.Name MepId="7013">Mariani</PoliticalGroup.Member.Name><PoliticalGroup.Member.Name MepId="6399">Mélin</PoliticalGroup.Member.Name><PoliticalGroup.Member.Name MepId="6759">Meuthen</PoliticalGroup.Member.Name><PoliticalGroup.Member.Name MepId="7075">Olivier</PoliticalGroup.Member.Name><PoliticalGroup.Member.Name MepId="6979">Panza</PoliticalGroup.Member.Name><PoliticalGroup.Member.Name MepId="7020">Pirbakas</PoliticalGroup.Member.Name><PoliticalGroup.Member.Name MepId="7175">Regimenti</PoliticalGroup.Member.Name><PoliticalGroup.Member.Name MepId="7171">Rinaldi</PoliticalGroup.Member.Name><PoliticalGroup.Member.Name MepId="7006">Rivière</PoliticalGroup.Member.Name><PoliticalGroup.Member.Name MepId="6968">Sardone</PoliticalGroup.Member.Name><PoliticalGroup.Member.Name MepId="7191">Tardino</PoliticalGroup.Member.Name><PoliticalGroup.Member.Name MepId="6970">Tovaglieri</PoliticalGroup.Member.Name><PoliticalGroup.Member.Name MepId="7234">Vandendriessche</PoliticalGroup.Member.Name><PoliticalGroup.Member.Name MepId="7183">Vuolo</PoliticalGroup.Member.Name><PoliticalGroup.Member.Name MepId="6414">Zanni</PoliticalGroup.Member.Name></Result.PoliticalGroup.List><Result.PoliticalGroup.List Identifier="NI"><PoliticalGroup.Member.Name MepId="6468">Adinolfi Isabella</PoliticalGroup.Member.Name><PoliticalGroup.Member.Name MepId="6411">Beghin</PoliticalGroup.Member.Name><PoliticalGroup.Member.Name MepId="7103">Bull</PoliticalGroup.Member.Name><PoliticalGroup.Member.Name MepId="6748">Bullock</PoliticalGroup.Member.Name><PoliticalGroup.Member.Name MepId="6446">Castaldo</PoliticalGroup.Member.Name><PoliticalGroup.Member.Name MepId="6494">Corrao</PoliticalGroup.Member.Name><PoliticalGroup.Member.Name MepId="6472">D'Amato</PoliticalGroup.Member.Name><PoliticalGroup.Member.Name MepId="7144">Daubney</PoliticalGroup.Member.Name><PoliticalGroup.Member.Name MepId="7118">De Lucy</PoliticalGroup.Member.Name><PoliticalGroup.Member.Name MepId="6106">Dodds</PoliticalGroup.Member.Name><PoliticalGroup.Member.Name MepId="7188">England Kerr</PoliticalGroup.Member.Name><PoliticalGroup.Member.Name MepId="6413">Evi</PoliticalGroup.Member.Name><PoliticalGroup.Member.Name MepId="7096">Fox</PoliticalGroup.Member.Name><PoliticalGroup.Member.Name MepId="7180">Furore</PoliticalGroup.Member.Name><PoliticalGroup.Member.Name MepId="7179">Gemma</PoliticalGroup.Member.Name><PoliticalGroup.Member.Name MepId="7189">Giarrusso</PoliticalGroup.Member.Name><PoliticalGroup.Member.Name MepId="6584">Gill Nathan</PoliticalGroup.Member.Name><PoliticalGroup.Member.Name MepId="7243">Gyöngyösi</PoliticalGroup.Member.Name><PoliticalGroup.Member.Name MepId="6993">Heaver</PoliticalGroup.Member.Name><PoliticalGroup.Member.Name MepId="6836">Kolakušić</PoliticalGroup.Member.Name><PoliticalGroup.Member.Name MepId="7143">Lowe</PoliticalGroup.Member.Name><PoliticalGroup.Member.Name MepId="7092">Monteith</PoliticalGroup.Member.Name><PoliticalGroup.Member.Name MepId="6995">Mummery</PoliticalGroup.Member.Name><PoliticalGroup.Member.Name MepId="7116">Nikolaou-Alavanos</PoliticalGroup.Member.Name><PoliticalGroup.Member.Name MepId="7100">Overgaard Nielsen</PoliticalGroup.Member.Name><PoliticalGroup.Member.Name MepId="6676">Papadakis Kostas</PoliticalGroup.Member.Name><PoliticalGroup.Member.Name MepId="7011">Patten</PoliticalGroup.Member.Name><PoliticalGroup.Member.Name MepId="6482">Pedicini</PoliticalGroup.Member.Name><PoliticalGroup.Member.Name MepId="7101">Phillips Alexandra Lesley</PoliticalGroup.Member.Name><PoliticalGroup.Member.Name MepId="7198">Pugh</PoliticalGroup.Member.Name><PoliticalGroup.Member.Name MepId="7148">Radačovský</PoliticalGroup.Member.Name><PoliticalGroup.Member.Name MepId="7177">Rondinelli</PoliticalGroup.Member.Name><PoliticalGroup.Member.Name MepId="7115">Rowland</PoliticalGroup.Member.Name><PoliticalGroup.Member.Name MepId="7199">Stedman-Bryce</PoliticalGroup.Member.Name><PoliticalGroup.Member.Name MepId="7093">Tennant</PoliticalGroup.Member.Name><PoliticalGroup.Member.Name MepId="6991">Tice</PoliticalGroup.Member.Name><PoliticalGroup.Member.Name MepId="7147">Uhrík</PoliticalGroup.Member.Name><PoliticalGroup.Member.Name MepId="7141">Wells</PoliticalGroup.Member.Name></Result.PoliticalGroup.List><Result.PoliticalGroup.List Identifier="PPE"><PoliticalGroup.Member.Name MepId="6755">Ademov</PoliticalGroup.Member.Name><PoliticalGroup.Member.Name MepId="7219">Alexandrov Yordanov</PoliticalGroup.Member.Name><PoliticalGroup.Member.Name MepId="7129">Amaro</PoliticalGroup.Member.Name><PoliticalGroup.Member.Name MepId="5980">Arias Echeverría</PoliticalGroup.Member.Name><PoliticalGroup.Member.Name MepId="6594">Arimont</PoliticalGroup.Member.Name><PoliticalGroup.Member.Name MepId="7083">Asimakopoulou</PoliticalGroup.Member.Name><PoliticalGroup.Member.Name MepId="7060">Băsescu</PoliticalGroup.Member.Name><PoliticalGroup.Member.Name MepId="6927">Bellamy</PoliticalGroup.Member.Name><PoliticalGroup.Member.Name MepId="7067">Benjumea Benjumea</PoliticalGroup.Member.Name><PoliticalGroup.Member.Name MepId="6807">Bentele</PoliticalGroup.Member.Name><PoliticalGroup.Member.Name MepId="7162">Berendsen</PoliticalGroup.Member.Name><PoliticalGroup.Member.Name MepId="7037">Bernhuber</PoliticalGroup.Member.Name><PoliticalGroup.Member.Name MepId="7155">Bilčík</PoliticalGroup.Member.Name><PoliticalGroup.Member.Name MepId="7026">Blaga</PoliticalGroup.Member.Name><PoliticalGroup.Member.Name MepId="6343">Bocskor</PoliticalGroup.Member.Name><PoliticalGroup.Member.Name MepId="6613">Bogovič</PoliticalGroup.Member.Name><PoliticalGroup.Member.Name MepId="6617">Buda</PoliticalGroup.Member.Name><PoliticalGroup.Member.Name MepId="5252">Casa</PoliticalGroup.Member.Name><PoliticalGroup.Member.Name MepId="5236">Christoforou</PoliticalGroup.Member.Name><PoliticalGroup.Member.Name MepId="5981">van Dalen</PoliticalGroup.Member.Name><PoliticalGroup.Member.Name MepId="6345">Deli</PoliticalGroup.Member.Name><PoliticalGroup.Member.Name MepId="5998">Deutsch</PoliticalGroup.Member.Name><PoliticalGroup.Member.Name MepId="6870">Doleschal</PoliticalGroup.Member.Name><PoliticalGroup.Member.Name MepId="5960">Dorfmann</PoliticalGroup.Member.Name><PoliticalGroup.Member.Name MepId="6810">Düpont</PoliticalGroup.Member.Name><PoliticalGroup.Member.Name MepId="7032">Edtstadler</PoliticalGroup.Member.Name><PoliticalGroup.Member.Name MepId="5348">Ehler</PoliticalGroup.Member.Name><PoliticalGroup.Member.Name MepId="5983">Estaràs Ferragut</PoliticalGroup.Member.Name><PoliticalGroup.Member.Name MepId="7038">Falcă</PoliticalGroup.Member.Name><PoliticalGroup.Member.Name MepId="3833">Ferber</PoliticalGroup.Member.Name><PoliticalGroup.Member.Name MepId="6068">Fernandes</PoliticalGroup.Member.Name><PoliticalGroup.Member.Name MepId="7108">Fitzgerald</PoliticalGroup.Member.Name><PoliticalGroup.Member.Name MepId="6813">Fourlas</PoliticalGroup.Member.Name><PoliticalGroup.Member.Name MepId="6906">Frankowski</PoliticalGroup.Member.Name><PoliticalGroup.Member.Name MepId="6852">Franssen</PoliticalGroup.Member.Name><PoliticalGroup.Member.Name MepId="4659">Gahler</PoliticalGroup.Member.Name><PoliticalGroup.Member.Name MepId="5280">Gál</PoliticalGroup.Member.Name><PoliticalGroup.Member.Name MepId="3980">García-Margallo y Marfil</PoliticalGroup.Member.Name><PoliticalGroup.Member.Name MepId="6441">Gieseke</PoliticalGroup.Member.Name><PoliticalGroup.Member.Name MepId="6632">González Pons</PoliticalGroup.Member.Name><PoliticalGroup.Member.Name MepId="6002">Győri</PoliticalGroup.Member.Name><PoliticalGroup.Member.Name MepId="5138">Gyürk</PoliticalGroup.Member.Name><PoliticalGroup.Member.Name MepId="6907">Halicki</PoliticalGroup.Member.Name><PoliticalGroup.Member.Name MepId="6777">Hansen</PoliticalGroup.Member.Name><PoliticalGroup.Member.Name MepId="7035">Hava</PoliticalGroup.Member.Name><PoliticalGroup.Member.Name MepId="6811">Herbst</PoliticalGroup.Member.Name><PoliticalGroup.Member.Name MepId="6534">Hetman</PoliticalGroup.Member.Name><PoliticalGroup.Member.Name MepId="6318">Hidvéghi</PoliticalGroup.Member.Name><PoliticalGroup.Member.Name MepId="5953">Hohlmeier</PoliticalGroup.Member.Name><PoliticalGroup.Member.Name MepId="6346">Hölvényi</PoliticalGroup.Member.Name><PoliticalGroup.Member.Name MepId="5952">Hübner</PoliticalGroup.Member.Name><PoliticalGroup.Member.Name MepId="5945">Jahr</PoliticalGroup.Member.Name><PoliticalGroup.Member.Name MepId="5271">Járóka</PoliticalGroup.Member.Name><PoliticalGroup.Member.Name MepId="7223">Juknevičienė</PoliticalGroup.Member.Name><PoliticalGroup.Member.Name MepId="6095">Kalniete</PoliticalGroup.Member.Name><PoliticalGroup.Member.Name MepId="7222">Kanev</PoliticalGroup.Member.Name><PoliticalGroup.Member.Name MepId="4669">Karas</PoliticalGroup.Member.Name><PoliticalGroup.Member.Name MepId="6666">Kefalogiannis</PoliticalGroup.Member.Name><PoliticalGroup.Member.Name MepId="5855">Kelly</PoliticalGroup.Member.Name><PoliticalGroup.Member.Name MepId="6918">Kopacz</PoliticalGroup.Member.Name><PoliticalGroup.Member.Name MepId="7226">Kubilius</PoliticalGroup.Member.Name><PoliticalGroup.Member.Name MepId="7080">Kympouropoulos</PoliticalGroup.Member.Name><PoliticalGroup.Member.Name MepId="6662">Kyrtsos</PoliticalGroup.Member.Name><PoliticalGroup.Member.Name MepId="5727">de Lange</PoliticalGroup.Member.Name><PoliticalGroup.Member.Name MepId="6793">Lega</PoliticalGroup.Member.Name><PoliticalGroup.Member.Name MepId="6592">Lenaers</PoliticalGroup.Member.Name><PoliticalGroup.Member.Name MepId="3855">Liese</PoliticalGroup.Member.Name><PoliticalGroup.Member.Name MepId="7161">López Gil</PoliticalGroup.Member.Name><PoliticalGroup.Member.Name MepId="5517">López-Istúriz White</PoliticalGroup.Member.Name><PoliticalGroup.Member.Name MepId="5964">Łukacijewska</PoliticalGroup.Member.Name><PoliticalGroup.Member.Name MepId="6855">Lutgen</PoliticalGroup.Member.Name><PoliticalGroup.Member.Name MepId="6440">McAllister</PoliticalGroup.Member.Name><PoliticalGroup.Member.Name MepId="5245">McGuinness</PoliticalGroup.Member.Name><PoliticalGroup.Member.Name MepId="4964">Manders</PoliticalGroup.Member.Name><PoliticalGroup.Member.Name MepId="6761">Mandl</PoliticalGroup.Member.Name><PoliticalGroup.Member.Name MepId="5646">Marinescu</PoliticalGroup.Member.Name><PoliticalGroup.Member.Name MepId="6483">Maydell</PoliticalGroup.Member.Name><PoliticalGroup.Member.Name MepId="7224">Mažylis</PoliticalGroup.Member.Name><PoliticalGroup.Member.Name MepId="7051">Meimarakis</PoliticalGroup.Member.Name><PoliticalGroup.Member.Name MepId="6121">Melo</PoliticalGroup.Member.Name><PoliticalGroup.Member.Name MepId="6297">Metsola</PoliticalGroup.Member.Name><PoliticalGroup.Member.Name MepId="7209">Milazzo</PoliticalGroup.Member.Name><PoliticalGroup.Member.Name MepId="5518">Millán Mon</PoliticalGroup.Member.Name><PoliticalGroup.Member.Name MepId="6366">Monteiro de Aguiar</PoliticalGroup.Member.Name><PoliticalGroup.Member.Name MepId="7099">Montserrat</PoliticalGroup.Member.Name><PoliticalGroup.Member.Name MepId="6368">Morano</PoliticalGroup.Member.Name><PoliticalGroup.Member.Name MepId="6825">Mortler</PoliticalGroup.Member.Name><PoliticalGroup.Member.Name MepId="6436">Mureşan</PoliticalGroup.Member.Name><PoliticalGroup.Member.Name MepId="4712">Niebler</PoliticalGroup.Member.Name><PoliticalGroup.Member.Name MepId="6332">Niedermayer</PoliticalGroup.Member.Name><PoliticalGroup.Member.Name MepId="5413">Novak</PoliticalGroup.Member.Name><PoliticalGroup.Member.Name MepId="5407">Olbrycht</PoliticalGroup.Member.Name><PoliticalGroup.Member.Name MepId="6819">Peeters</PoliticalGroup.Member.Name><PoliticalGroup.Member.Name MepId="7120">Pereira Lídia</PoliticalGroup.Member.Name><PoliticalGroup.Member.Name MepId="5346">Pieper</PoliticalGroup.Member.Name><PoliticalGroup.Member.Name MepId="5788">Pietikäinen</PoliticalGroup.Member.Name><PoliticalGroup.Member.Name MepId="6803">Polfjärd</PoliticalGroup.Member.Name><PoliticalGroup.Member.Name MepId="6488">Radev</PoliticalGroup.Member.Name><PoliticalGroup.Member.Name MepId="6812">Ressler</PoliticalGroup.Member.Name><PoliticalGroup.Member.Name MepId="6698">Salini</PoliticalGroup.Member.Name><PoliticalGroup.Member.Name MepId="6370">Sander</PoliticalGroup.Member.Name><PoliticalGroup.Member.Name MepId="7045">Schmiedtbauer</PoliticalGroup.Member.Name><PoliticalGroup.Member.Name MepId="6821">Schneider</PoliticalGroup.Member.Name><PoliticalGroup.Member.Name MepId="6636">Schreijer-Pierik</PoliticalGroup.Member.Name><PoliticalGroup.Member.Name MepId="6443">Schulze</PoliticalGroup.Member.Name><PoliticalGroup.Member.Name MepId="5345">Schwab</PoliticalGroup.Member.Name><PoliticalGroup.Member.Name MepId="6823">Seekatz</PoliticalGroup.Member.Name><PoliticalGroup.Member.Name MepId="6790">Skyttedal</PoliticalGroup.Member.Name><PoliticalGroup.Member.Name MepId="6341">Šojdrová</PoliticalGroup.Member.Name><PoliticalGroup.Member.Name MepId="6816">Sokol</PoliticalGroup.Member.Name><PoliticalGroup.Member.Name MepId="6663">Spyraki</PoliticalGroup.Member.Name><PoliticalGroup.Member.Name MepId="6301">Šuica</PoliticalGroup.Member.Name><PoliticalGroup.Member.Name MepId="5143">Szájer</PoliticalGroup.Member.Name><PoliticalGroup.Member.Name MepId="4482">Tajani</PoliticalGroup.Member.Name><PoliticalGroup.Member.Name MepId="7056">Thaler</PoliticalGroup.Member.Name><PoliticalGroup.Member.Name MepId="5949">Thun und Hohenstein</PoliticalGroup.Member.Name><PoliticalGroup.Member.Name MepId="6801">Tobé</PoliticalGroup.Member.Name><PoliticalGroup.Member.Name MepId="7061">Tomac</PoliticalGroup.Member.Name><PoliticalGroup.Member.Name MepId="6681">Tomc</PoliticalGroup.Member.Name><PoliticalGroup.Member.Name MepId="6965">Tóth</PoliticalGroup.Member.Name><PoliticalGroup.Member.Name MepId="5600">Vaidere</PoliticalGroup.Member.Name><PoliticalGroup.Member.Name MepId="5930">Verheyen</PoliticalGroup.Member.Name><PoliticalGroup.Member.Name MepId="7062">Vincze</PoliticalGroup.Member.Name><PoliticalGroup.Member.Name MepId="5934">Voss</PoliticalGroup.Member.Name><PoliticalGroup.Member.Name MepId="6827">Walsmann</PoliticalGroup.Member.Name><PoliticalGroup.Member.Name MepId="6804">Warborn</PoliticalGroup.Member.Name><PoliticalGroup.Member.Name MepId="5351">Weber</PoliticalGroup.Member.Name><PoliticalGroup.Member.Name MepId="6908">Weiss</PoliticalGroup.Member.Name><PoliticalGroup.Member.Name MepId="7153">Wiezik</PoliticalGroup.Member.Name><PoliticalGroup.Member.Name MepId="5782">Winkler</PoliticalGroup.Member.Name><PoliticalGroup.Member.Name MepId="7041">Winzig</PoliticalGroup.Member.Name><PoliticalGroup.Member.Name MepId="6820">Wiseler-Lima</PoliticalGroup.Member.Name><PoliticalGroup.Member.Name MepId="6665">Zagorakis</PoliticalGroup.Member.Name><PoliticalGroup.Member.Name MepId="6997">Zarzalejos</PoliticalGroup.Member.Name><PoliticalGroup.Member.Name MepId="6344">Zdechovský</PoliticalGroup.Member.Name><PoliticalGroup.Member.Name MepId="7012">Zoido Álvarez</PoliticalGroup.Member.Name><PoliticalGroup.Member.Name MepId="6734">Zovko</PoliticalGroup.Member.Name><PoliticalGroup.Member.Name MepId="6094">Zver</PoliticalGroup.Member.Name></Result.PoliticalGroup.List><Result.PoliticalGroup.List Identifier="Renew"><PoliticalGroup.Member.Name MepId="6327">Ansip</PoliticalGroup.Member.Name><PoliticalGroup.Member.Name MepId="7053">Armand</PoliticalGroup.Member.Name><PoliticalGroup.Member.Name MepId="6400">Auštrevičius</PoliticalGroup.Member.Name><PoliticalGroup.Member.Name MepId="7165">Azmani</PoliticalGroup.Member.Name><PoliticalGroup.Member.Name MepId="6835">Beer</PoliticalGroup.Member.Name><PoliticalGroup.Member.Name MepId="6089">Bilbao Barandica</PoliticalGroup.Member.Name><PoliticalGroup.Member.Name MepId="7057">Botoş</PoliticalGroup.Member.Name><PoliticalGroup.Member.Name MepId="6967">Boyer</PoliticalGroup.Member.Name><PoliticalGroup.Member.Name MepId="6973">Cañas</PoliticalGroup.Member.Name><PoliticalGroup.Member.Name MepId="5891">Canfin</PoliticalGroup.Member.Name><PoliticalGroup.Member.Name MepId="6899">Chabaud</PoliticalGroup.Member.Name><PoliticalGroup.Member.Name MepId="6339">Charanzová</PoliticalGroup.Member.Name><PoliticalGroup.Member.Name MepId="6860">Chastel</PoliticalGroup.Member.Name><PoliticalGroup.Member.Name MepId="7021">Cioloş</PoliticalGroup.Member.Name><PoliticalGroup.Member.Name MepId="6340">Dlabajová</PoliticalGroup.Member.Name><PoliticalGroup.Member.Name MepId="6987">Donáth</PoliticalGroup.Member.Name><PoliticalGroup.Member.Name MepId="6324">Durand</PoliticalGroup.Member.Name><PoliticalGroup.Member.Name MepId="6828">Eroglu</PoliticalGroup.Member.Name><PoliticalGroup.Member.Name MepId="6980">Farreng</PoliticalGroup.Member.Name><PoliticalGroup.Member.Name MepId="6818">Flego</PoliticalGroup.Member.Name><PoliticalGroup.Member.Name MepId="7022">Gamon</PoliticalGroup.Member.Name><PoliticalGroup.Member.Name MepId="6947">Garicano</PoliticalGroup.Member.Name><PoliticalGroup.Member.Name MepId="7050">Ghinea</PoliticalGroup.Member.Name><PoliticalGroup.Member.Name MepId="1793">Goerens</PoliticalGroup.Member.Name><PoliticalGroup.Member.Name MepId="6849">Grošelj</PoliticalGroup.Member.Name><PoliticalGroup.Member.Name MepId="6950">Grudler</PoliticalGroup.Member.Name><PoliticalGroup.Member.Name MepId="6936">Guetta</PoliticalGroup.Member.Name><PoliticalGroup.Member.Name MepId="6841">Hahn Svenja</PoliticalGroup.Member.Name><PoliticalGroup.Member.Name MepId="6959">Hayer</PoliticalGroup.Member.Name><PoliticalGroup.Member.Name MepId="6919">Hlaváček</PoliticalGroup.Member.Name><PoliticalGroup.Member.Name MepId="7154">Hojsík</PoliticalGroup.Member.Name><PoliticalGroup.Member.Name MepId="6622">Huitema</PoliticalGroup.Member.Name><PoliticalGroup.Member.Name MepId="7014">Ijabs</PoliticalGroup.Member.Name><PoliticalGroup.Member.Name MepId="5385">in 't Veld</PoliticalGroup.Member.Name><PoliticalGroup.Member.Name MepId="6844">Joveva</PoliticalGroup.Member.Name><PoliticalGroup.Member.Name MepId="6975">Karleskind</PoliticalGroup.Member.Name><PoliticalGroup.Member.Name MepId="6766">Katainen</PoliticalGroup.Member.Name><PoliticalGroup.Member.Name MepId="5021">Keller Fabienne</PoliticalGroup.Member.Name><PoliticalGroup.Member.Name MepId="6917">Kovařík</PoliticalGroup.Member.Name><PoliticalGroup.Member.Name MepId="6887">Loiseau</PoliticalGroup.Member.Name><PoliticalGroup.Member.Name MepId="7201">Long</PoliticalGroup.Member.Name><PoliticalGroup.Member.Name MepId="6690">Mihaylova</PoliticalGroup.Member.Name><PoliticalGroup.Member.Name MepId="6500">Müller</PoliticalGroup.Member.Name><PoliticalGroup.Member.Name MepId="6760">Nagtegaal</PoliticalGroup.Member.Name><PoliticalGroup.Member.Name MepId="6614">Nart</PoliticalGroup.Member.Name><PoliticalGroup.Member.Name MepId="6996">Nethsingha</PoliticalGroup.Member.Name><PoliticalGroup.Member.Name MepId="6830">Oetjen</PoliticalGroup.Member.Name><PoliticalGroup.Member.Name MepId="6510">Petersen</PoliticalGroup.Member.Name><PoliticalGroup.Member.Name MepId="7088">Porritt</PoliticalGroup.Member.Name><PoliticalGroup.Member.Name MepId="7235">Rafaela</PoliticalGroup.Member.Name><PoliticalGroup.Member.Name MepId="4676">Ries</PoliticalGroup.Member.Name><PoliticalGroup.Member.Name MepId="6056">Riquet</PoliticalGroup.Member.Name><PoliticalGroup.Member.Name MepId="4767">Rodríguez Ramos</PoliticalGroup.Member.Name><PoliticalGroup.Member.Name MepId="7236">Schreinemacher</PoliticalGroup.Member.Name><PoliticalGroup.Member.Name MepId="6902">Séjourné</PoliticalGroup.Member.Name><PoliticalGroup.Member.Name MepId="6817">Semedo</PoliticalGroup.Member.Name><PoliticalGroup.Member.Name MepId="7168">Solís Pérez</PoliticalGroup.Member.Name><PoliticalGroup.Member.Name MepId="7055">Ştefănuță</PoliticalGroup.Member.Name><PoliticalGroup.Member.Name MepId="7058">Strugariu</PoliticalGroup.Member.Name><PoliticalGroup.Member.Name MepId="6940">Tolleret</PoliticalGroup.Member.Name><PoliticalGroup.Member.Name MepId="6281">Torvalds</PoliticalGroup.Member.Name><PoliticalGroup.Member.Name MepId="6710">Vautmans</PoliticalGroup.Member.Name><PoliticalGroup.Member.Name MepId="6159">Verhofstadt</PoliticalGroup.Member.Name><PoliticalGroup.Member.Name MepId="6971">Yon-Courtin</PoliticalGroup.Member.Name><PoliticalGroup.Member.Name MepId="6892">Zacharopoulou</PoliticalGroup.Member.Name></Result.PoliticalGroup.List><Result.PoliticalGroup.List Identifier="S&amp;D"><PoliticalGroup.Member.Name MepId="6651">Aguilera</PoliticalGroup.Member.Name><PoliticalGroup.Member.Name MepId="7167">Ameriks</PoliticalGroup.Member.Name><PoliticalGroup.Member.Name MepId="6553">Arena</PoliticalGroup.Member.Name><PoliticalGroup.Member.Name MepId="7040">Avram</PoliticalGroup.Member.Name><PoliticalGroup.Member.Name MepId="6888">Balt</PoliticalGroup.Member.Name><PoliticalGroup.Member.Name MepId="6831">Barley</PoliticalGroup.Member.Name><PoliticalGroup.Member.Name MepId="7193">Bartolo</PoliticalGroup.Member.Name><PoliticalGroup.Member.Name MepId="6889">Belka</PoliticalGroup.Member.Name><PoliticalGroup.Member.Name MepId="7047">Benea</PoliticalGroup.Member.Name><PoliticalGroup.Member.Name MepId="6505">Benifei</PoliticalGroup.Member.Name><PoliticalGroup.Member.Name MepId="5173">Beňová</PoliticalGroup.Member.Name><PoliticalGroup.Member.Name MepId="6796">Bergkvist</PoliticalGroup.Member.Name><PoliticalGroup.Member.Name MepId="6833">Bischoff</PoliticalGroup.Member.Name><PoliticalGroup.Member.Name MepId="5867">Blinkevičiūtė</PoliticalGroup.Member.Name><PoliticalGroup.Member.Name MepId="6449">Bonafè</PoliticalGroup.Member.Name><PoliticalGroup.Member.Name MepId="6264">Borzan</PoliticalGroup.Member.Name><PoliticalGroup.Member.Name MepId="6838">Burkhardt</PoliticalGroup.Member.Name><PoliticalGroup.Member.Name MepId="7008">Calenda</PoliticalGroup.Member.Name><PoliticalGroup.Member.Name MepId="7252">Carvalhais</PoliticalGroup.Member.Name><PoliticalGroup.Member.Name MepId="7030">Cerdas</PoliticalGroup.Member.Name><PoliticalGroup.Member.Name MepId="6499">Chinnici</PoliticalGroup.Member.Name><PoliticalGroup.Member.Name MepId="6901">Cimoszewicz</PoliticalGroup.Member.Name><PoliticalGroup.Member.Name MepId="7046">Ciuhodaru</PoliticalGroup.Member.Name><PoliticalGroup.Member.Name MepId="7145">Číž</PoliticalGroup.Member.Name><PoliticalGroup.Member.Name MepId="4628">Corbett</PoliticalGroup.Member.Name><PoliticalGroup.Member.Name MepId="5661">Crețu</PoliticalGroup.Member.Name><PoliticalGroup.Member.Name MepId="6794">Cutajar</PoliticalGroup.Member.Name><PoliticalGroup.Member.Name MepId="6589">Dalli</PoliticalGroup.Member.Name><PoliticalGroup.Member.Name MepId="6570">Dance</PoliticalGroup.Member.Name><PoliticalGroup.Member.Name MepId="6806">Danielsson</PoliticalGroup.Member.Name><PoliticalGroup.Member.Name MepId="6458">Danti</PoliticalGroup.Member.Name><PoliticalGroup.Member.Name MepId="6062">De Castro</PoliticalGroup.Member.Name><PoliticalGroup.Member.Name MepId="7248">Durá Ferrandis</PoliticalGroup.Member.Name><PoliticalGroup.Member.Name MepId="6652">Fernández</PoliticalGroup.Member.Name><PoliticalGroup.Member.Name MepId="6770">Ferrandino</PoliticalGroup.Member.Name><PoliticalGroup.Member.Name MepId="6791">Fritzon</PoliticalGroup.Member.Name><PoliticalGroup.Member.Name MepId="6955">Fuglsang</PoliticalGroup.Member.Name><PoliticalGroup.Member.Name MepId="7105">García Del Blanco</PoliticalGroup.Member.Name><PoliticalGroup.Member.Name MepId="7125">García Muñoz</PoliticalGroup.Member.Name><PoliticalGroup.Member.Name MepId="5417">García Pérez</PoliticalGroup.Member.Name><PoliticalGroup.Member.Name MepId="6130">Gardiazabal Rubial</PoliticalGroup.Member.Name><PoliticalGroup.Member.Name MepId="3827">Gebhardt</PoliticalGroup.Member.Name><PoliticalGroup.Member.Name MepId="4937">Gill Neena</PoliticalGroup.Member.Name><PoliticalGroup.Member.Name MepId="7111">González</PoliticalGroup.Member.Name><PoliticalGroup.Member.Name MepId="7106">González Casares</PoliticalGroup.Member.Name><PoliticalGroup.Member.Name MepId="6107">Guillaume</PoliticalGroup.Member.Name><PoliticalGroup.Member.Name MepId="6603">Guteland</PoliticalGroup.Member.Name><PoliticalGroup.Member.Name MepId="7185">Heinäluoma</PoliticalGroup.Member.Name><PoliticalGroup.Member.Name MepId="7122">Homs Ginel</PoliticalGroup.Member.Name><PoliticalGroup.Member.Name MepId="6745">Howarth</PoliticalGroup.Member.Name><PoliticalGroup.Member.Name MepId="7229">Hristov</PoliticalGroup.Member.Name><PoliticalGroup.Member.Name MepId="6792">Incir</PoliticalGroup.Member.Name><PoliticalGroup.Member.Name MepId="6884">Kaljurand</PoliticalGroup.Member.Name><PoliticalGroup.Member.Name MepId="6009">Kammerevert</PoliticalGroup.Member.Name><PoliticalGroup.Member.Name MepId="6916">Kohut</PoliticalGroup.Member.Name><PoliticalGroup.Member.Name MepId="3761">Krehl</PoliticalGroup.Member.Name><PoliticalGroup.Member.Name MepId="6367">Kumpula-Natri</PoliticalGroup.Member.Name><PoliticalGroup.Member.Name MepId="7085">Lalucq</PoliticalGroup.Member.Name><PoliticalGroup.Member.Name MepId="3823">Lange</PoliticalGroup.Member.Name><PoliticalGroup.Member.Name MepId="7024">Leitão Marques</PoliticalGroup.Member.Name><PoliticalGroup.Member.Name MepId="5094">Liberadzki</PoliticalGroup.Member.Name><PoliticalGroup.Member.Name MepId="5984">López Aguilar</PoliticalGroup.Member.Name><PoliticalGroup.Member.Name MepId="6984">Majorino</PoliticalGroup.Member.Name><PoliticalGroup.Member.Name MepId="7027">Marques Margarida</PoliticalGroup.Member.Name><PoliticalGroup.Member.Name MepId="7023">Marques Pedro</PoliticalGroup.Member.Name><PoliticalGroup.Member.Name MepId="6839">Matić</PoliticalGroup.Member.Name><PoliticalGroup.Member.Name MepId="6322">Mavrides</PoliticalGroup.Member.Name><PoliticalGroup.Member.Name MepId="6890">Mikser</PoliticalGroup.Member.Name><PoliticalGroup.Member.Name MepId="6933">Miller</PoliticalGroup.Member.Name><PoliticalGroup.Member.Name MepId="4923">Moraes</PoliticalGroup.Member.Name><PoliticalGroup.Member.Name MepId="5466">Moreno Sánchez</PoliticalGroup.Member.Name><PoliticalGroup.Member.Name MepId="6433">Moretti</PoliticalGroup.Member.Name><PoliticalGroup.Member.Name MepId="6016">Neuser</PoliticalGroup.Member.Name><PoliticalGroup.Member.Name MepId="6418">Nica</PoliticalGroup.Member.Name><PoliticalGroup.Member.Name MepId="7221">Olekas</PoliticalGroup.Member.Name><PoliticalGroup.Member.Name MepId="6756">Palmer</PoliticalGroup.Member.Name><PoliticalGroup.Member.Name MepId="6323">Papadakis Demetris</PoliticalGroup.Member.Name><PoliticalGroup.Member.Name MepId="6484">Picierno</PoliticalGroup.Member.Name><PoliticalGroup.Member.Name MepId="6625">Piri</PoliticalGroup.Member.Name><PoliticalGroup.Member.Name MepId="6982">Pisapia</PoliticalGroup.Member.Name><PoliticalGroup.Member.Name MepId="6136">Regner</PoliticalGroup.Member.Name><PoliticalGroup.Member.Name MepId="6649">Rodríguez-Piñero</PoliticalGroup.Member.Name><PoliticalGroup.Member.Name MepId="6974">Rónai</PoliticalGroup.Member.Name><PoliticalGroup.Member.Name MepId="7110">Sánchez Amor</PoliticalGroup.Member.Name><PoliticalGroup.Member.Name MepId="7039">Santos</PoliticalGroup.Member.Name><PoliticalGroup.Member.Name MepId="5713">Schaldemose</PoliticalGroup.Member.Name><PoliticalGroup.Member.Name MepId="7059">Schieder</PoliticalGroup.Member.Name><PoliticalGroup.Member.Name MepId="7065">Sidl</PoliticalGroup.Member.Name><PoliticalGroup.Member.Name MepId="6381">Silva Pereira</PoliticalGroup.Member.Name><PoliticalGroup.Member.Name MepId="6943">Spurek</PoliticalGroup.Member.Name><PoliticalGroup.Member.Name MepId="5624">Tarabella</PoliticalGroup.Member.Name><PoliticalGroup.Member.Name MepId="6983">Tinagli</PoliticalGroup.Member.Name><PoliticalGroup.Member.Name MepId="5459">Toia</PoliticalGroup.Member.Name><PoliticalGroup.Member.Name MepId="4990">Van Brempt</PoliticalGroup.Member.Name><PoliticalGroup.Member.Name MepId="6735">Wölken</PoliticalGroup.Member.Name><PoliticalGroup.Member.Name MepId="7225">Yoncheva</PoliticalGroup.Member.Name><PoliticalGroup.Member.Name MepId="6373">Zorrinho</PoliticalGroup.Member.Name></Result.PoliticalGroup.List><Result.PoliticalGroup.List Identifier="Verts/ALE"><PoliticalGroup.Member.Name MepId="7084">Ainslie</PoliticalGroup.Member.Name><PoliticalGroup.Member.Name MepId="5924">Alfonsi</PoliticalGroup.Member.Name><PoliticalGroup.Member.Name MepId="7033">Allard</PoliticalGroup.Member.Name><PoliticalGroup.Member.Name MepId="6845">Andresen</PoliticalGroup.Member.Name><PoliticalGroup.Member.Name MepId="5291">Auken</PoliticalGroup.Member.Name><PoliticalGroup.Member.Name MepId="6905">Biteau</PoliticalGroup.Member.Name><PoliticalGroup.Member.Name MepId="6846">Bloss</PoliticalGroup.Member.Name><PoliticalGroup.Member.Name MepId="6455">Buchner</PoliticalGroup.Member.Name><PoliticalGroup.Member.Name MepId="6964">Carême</PoliticalGroup.Member.Name><PoliticalGroup.Member.Name MepId="6847">Cavazzini</PoliticalGroup.Member.Name><PoliticalGroup.Member.Name MepId="7102">Chowns</PoliticalGroup.Member.Name><PoliticalGroup.Member.Name MepId="7043">Cuffe</PoliticalGroup.Member.Name><PoliticalGroup.Member.Name MepId="6924">Delbos-Corfield</PoliticalGroup.Member.Name><PoliticalGroup.Member.Name MepId="6040">Delli</PoliticalGroup.Member.Name><PoliticalGroup.Member.Name MepId="6868">De Sutter</PoliticalGroup.Member.Name><PoliticalGroup.Member.Name MepId="7004">Dowding</PoliticalGroup.Member.Name><PoliticalGroup.Member.Name MepId="5899">Eickhout</PoliticalGroup.Member.Name><PoliticalGroup.Member.Name MepId="4954">Evans</PoliticalGroup.Member.Name><PoliticalGroup.Member.Name MepId="6851">Freund</PoliticalGroup.Member.Name><PoliticalGroup.Member.Name MepId="6853">Geese</PoliticalGroup.Member.Name><PoliticalGroup.Member.Name MepId="5926">Häusling</PoliticalGroup.Member.Name><PoliticalGroup.Member.Name MepId="4535">Hautala</PoliticalGroup.Member.Name><PoliticalGroup.Member.Name MepId="6797">Holmgren</PoliticalGroup.Member.Name><PoliticalGroup.Member.Name MepId="5914">Jadot</PoliticalGroup.Member.Name><PoliticalGroup.Member.Name MepId="6795">Kuhnke</PoliticalGroup.Member.Name><PoliticalGroup.Member.Name MepId="5838">Lamberts</PoliticalGroup.Member.Name><PoliticalGroup.Member.Name MepId="7028">McLeod</PoliticalGroup.Member.Name><PoliticalGroup.Member.Name MepId="6859">Marquardt</PoliticalGroup.Member.Name><PoliticalGroup.Member.Name MepId="6776">Metz</PoliticalGroup.Member.Name><PoliticalGroup.Member.Name MepId="6862">Nienaß</PoliticalGroup.Member.Name><PoliticalGroup.Member.Name MepId="7187">Niinistö</PoliticalGroup.Member.Name><PoliticalGroup.Member.Name MepId="6963">Peter-Hansen</PoliticalGroup.Member.Name><PoliticalGroup.Member.Name MepId="6529">Reintke</PoliticalGroup.Member.Name><PoliticalGroup.Member.Name MepId="7217">Riba i Giner</PoliticalGroup.Member.Name><PoliticalGroup.Member.Name MepId="5917">Rivasi</PoliticalGroup.Member.Name><PoliticalGroup.Member.Name MepId="6900">Roose</PoliticalGroup.Member.Name><PoliticalGroup.Member.Name MepId="6694">Ropė</PoliticalGroup.Member.Name><PoliticalGroup.Member.Name MepId="6560">Scott Cato</PoliticalGroup.Member.Name><PoliticalGroup.Member.Name MepId="6822">Semsrott</PoliticalGroup.Member.Name><PoliticalGroup.Member.Name MepId="5571">Smith</PoliticalGroup.Member.Name><PoliticalGroup.Member.Name MepId="7156">Strik</PoliticalGroup.Member.Name><PoliticalGroup.Member.Name MepId="6894">Toussaint</PoliticalGroup.Member.Name><PoliticalGroup.Member.Name MepId="6591">Urtasun</PoliticalGroup.Member.Name><PoliticalGroup.Member.Name MepId="6551">Vana</PoliticalGroup.Member.Name><PoliticalGroup.Member.Name MepId="7237">Van Sparrentak</PoliticalGroup.Member.Name><PoliticalGroup.Member.Name MepId="6848">Von Cramon-Taubadel</PoliticalGroup.Member.Name><PoliticalGroup.Member.Name MepId="7064">Wiener</PoliticalGroup.Member.Name><PoliticalGroup.Member.Name MepId="6904">Yenbou</PoliticalGroup.Member.Name><PoliticalGroup.Member.Name MepId="5602">Ždanoka</PoliticalGroup.Member.Name></Result.PoliticalGroup.List></Result.For><Result.Against Number="9"><Result.PoliticalGroup.List Identifier="Renew"><PoliticalGroup.Member.Name MepId="7230">Alieva-Veli</PoliticalGroup.Member.Name><PoliticalGroup.Member.Name MepId="6799">Al-Sahlani</PoliticalGroup.Member.Name><PoliticalGroup.Member.Name MepId="6601">Federley</PoliticalGroup.Member.Name><PoliticalGroup.Member.Name MepId="6921">Knotek</PoliticalGroup.Member.Name></Result.PoliticalGroup.List><Result.PoliticalGroup.List Identifier="Verts/ALE"><PoliticalGroup.Member.Name MepId="6829">Breyer</PoliticalGroup.Member.Name><PoliticalGroup.Member.Name MepId="6942">Gregorová</PoliticalGroup.Member.Name><PoliticalGroup.Member.Name MepId="6939">Kolaja</PoliticalGroup.Member.Name><PoliticalGroup.Member.Name MepId="6863">Paulus</PoliticalGroup.Member.Name><PoliticalGroup.Member.Name MepId="6932">Peksa</PoliticalGroup.Member.Name></Result.PoliticalGroup.List></Result.Against><Result.Abstention Number="19"><Result.PoliticalGroup.List Identifier="ID"><PoliticalGroup.Member.Name MepId="6875">Berg</PoliticalGroup.Member.Name><PoliticalGroup.Member.Name MepId="6879">Kuhs</PoliticalGroup.Member.Name></Result.PoliticalGroup.List><Result.PoliticalGroup.List Identifier="NI"><PoliticalGroup.Member.Name MepId="4929">Farage</PoliticalGroup.Member.Name><PoliticalGroup.Member.Name MepId="7119">Lagos</PoliticalGroup.Member.Name></Result.PoliticalGroup.List><Result.PoliticalGroup.List Identifier="Renew"><PoliticalGroup.Member.Name MepId="6110">Bearder</PoliticalGroup.Member.Name><PoliticalGroup.Member.Name MepId="6256">Bennion</PoliticalGroup.Member.Name><PoliticalGroup.Member.Name MepId="6992">Gibson</PoliticalGroup.Member.Name><PoliticalGroup.Member.Name MepId="7112">Hook</PoliticalGroup.Member.Name><PoliticalGroup.Member.Name MepId="7139">Horwood</PoliticalGroup.Member.Name><PoliticalGroup.Member.Name MepId="7196">Mohammed</PoliticalGroup.Member.Name><PoliticalGroup.Member.Name MepId="1141">Newton Dunn</PoliticalGroup.Member.Name><PoliticalGroup.Member.Name MepId="7152">Šimečka</PoliticalGroup.Member.Name><PoliticalGroup.Member.Name MepId="7054">Tudorache</PoliticalGroup.Member.Name><PoliticalGroup.Member.Name MepId="7132">Voaden</PoliticalGroup.Member.Name><PoliticalGroup.Member.Name MepId="7015">Von Wiese</PoliticalGroup.Member.Name></Result.PoliticalGroup.List><Result.PoliticalGroup.List Identifier="S&amp;D"><PoliticalGroup.Member.Name MepId="7247">Tudose</PoliticalGroup.Member.Name></Result.PoliticalGroup.List><Result.PoliticalGroup.List Identifier="Verts/ALE"><PoliticalGroup.Member.Name MepId="7220">Jakeliūnas</PoliticalGroup.Member.Name><PoliticalGroup.Member.Name MepId="6994">Rowett</PoliticalGroup.Member.Name><PoliticalGroup.Member.Name MepId="6893">Satouri</PoliticalGroup.Member.Name></Result.PoliticalGroup.List></Result.Abstention></RollCallVote.Result></PV.RollCallVoteResults>