<?xml version="1.0" encoding="UTF-8"?><PV.RollCallVoteResults xmlns:style="http://openoffice.org/2000/style" xmlns:xql="http://metalab.unc.edu/xql/" xmlns:form="http://openoffice.org/2000/form" xmlns:xlink="http://www.w3.org/1999/xlink" xmlns:number="http://openoffice.org/2000/datastyle" xmlns:svg="http://www.w3.org/2000/svg" xmlns:office="http://openoffice.org/2000/office" xmlns:dr3d="http://openoffice.org/2000/dr3d" xmlns:chart="http://openoffice.org/2000/chart" xmlns:fo="http://www.w3.org/1999/XSL/Format" xmlns:ino="http://namespaces.softwareag.com/tamino/response2" xmlns:script="http://openoffice.org/2000/script" xmlns:math="http://www.w3.org/1998/Math/MathML" xmlns:draw="http://openoffice.org/2000/drawing" xmlns:text="http://openoffice.org/2000/text" xmlns:table="http://openoffice.org/2000/table" Sitting.Identifier="1333" Sitting.Date="2019-07-15" EP.Reference="P9_PV(2019)07-15(RCV)" EP.Number="PE 640.124" Document.Language="XL"><RollCallVoteResults.Titles><RollCallVoteResults.Title.Text Language="BG">ПРОТОКОЛ<text:line-break />Резултат от поименни гласувания - Приложение</RollCallVoteResults.Title.Text><RollCallVoteResults.Title.Text Language="CS">ZÁPIS<text:line-break />Výsledek jmenovitého hlasování - Příloha</RollCallVoteResults.Title.Text><RollCallVoteResults.Title.Text Language="DA">PROTOKOL<text:line-break />Resultat af afstemningerne ved navneopråb - Bilag</RollCallVoteResults.Title.Text><RollCallVoteResults.Title.Text Language="DE">PROTOKOLL<text:line-break />Ergebnis der namentlichen Abstimmungen - Anlage</RollCallVoteResults.Title.Text><RollCallVoteResults.Title.Text Language="EL">ΣΥΝΟΠΤIΚΑ ΠΡΑΚΤIΚΑ<text:line-break />Αποτέλεσμα των ψηφοφοριών με ονομαστική κλήση - Παράρτηµα</RollCallVoteResults.Title.Text><RollCallVoteResults.Title.Text Language="EN">MINUTES<text:line-break />Result of roll-call votes - Annex</RollCallVoteResults.Title.Text><RollCallVoteResults.Title.Text Language="ES">ACTA<text:line-break />Resultados de las votaciones nominales - Anexo</RollCallVoteResults.Title.Text><RollCallVoteResults.Title.Text Language="ET">PROTOKOLL<text:line-break />Nimelise hääletuse tulemused - lisa</RollCallVoteResults.Title.Text><RollCallVoteResults.Title.Text Language="FI">PÖYTÄKIRJA<text:line-break />Nimenhuutoäänestysten tulokset - Liite</RollCallVoteResults.Title.Text><RollCallVoteResults.Title.Text Language="FR">PROCÈS-VERBAL<text:line-break />Résultat des votes par appel nominal - Annexe</RollCallVoteResults.Title.Text><RollCallVoteResults.Title.Text Language="HR">ZAPISNIK<text:line-break />Rezultat poimeničnog glasovanja - Prilog</RollCallVoteResults.Title.Text><RollCallVoteResults.Title.Text Language="HU">JEGYZŐKÖNYV<text:line-break />A név szerinti szavazások eredménye - melléklet</RollCallVoteResults.Title.Text><RollCallVoteResults.Title.Text Language="IT">PROCESSO VERBALE<text:line-break />Risultato delle votazioni per appello nominale - Allegato</RollCallVoteResults.Title.Text><RollCallVoteResults.Title.Text Language="LT">PROTOKOLAS<text:line-break />Vardinio balsavimo rezultatai - priedas</RollCallVoteResults.Title.Text><RollCallVoteResults.Title.Text Language="LV">PROTOKOLS<text:line-break />Rezultāti balsošanai pēc saraksta - pielikums</RollCallVoteResults.Title.Text><RollCallVoteResults.Title.Text Language="MT">MINUTI<text:line-break />Riżultat tal-votazzjoni bis-sejħa tal-ismijiet - Anness</RollCallVoteResults.Title.Text><RollCallVoteResults.Title.Text Language="NL">NOTULEN<text:line-break />Uitslag van de hoofdelijke stemmingen - Bijlage</RollCallVoteResults.Title.Text><RollCallVoteResults.Title.Text Language="PL">PROTOKÓŁ<text:line-break />Wyniki głosowań imiennych - Załącznik</RollCallVoteResults.Title.Text><RollCallVoteResults.Title.Text Language="PT">ATA<text:line-break />Resultados das votações nominais - Anexo</RollCallVoteResults.Title.Text><RollCallVoteResults.Title.Text Language="RO">PROCES-VERBAL<text:line-break />Rezultatul voturilor prin apel nominal - Anexa</RollCallVoteResults.Title.Text><RollCallVoteResults.Title.Text Language="SK">ZÁPISNICA<text:line-break />Výsledok hlasovania podľa mien - Príloha</RollCallVoteResults.Title.Text><RollCallVoteResults.Title.Text Language="SL">ZAPISNIK<text:line-break />Izid poimenskega glasovanja - Priloga</RollCallVoteResults.Title.Text><RollCallVoteResults.Title.Text Language="SV">PROTOKOLL<text:line-break />Resultat av omröstningarna med namnupprop - Bilaga 2</RollCallVoteResults.Title.Text></RollCallVoteResults.Titles><RollCallVoteResults.InformationNote><text:h text:weight="bold" text:level="1">AVERTISSEMENT</text:h><text:p>Les corrections de vote sont reprises sous les points de vote concernés.</text:p><text:p>Pour toute observation éventuelle concernant les corrections/intentions de vote, voir point correspondant au procès-verbal.</text:p><text:p>Les corrections reprennent les demandes transmises avant 18h30. Les demandes parvenues ultérieurement (pendant une durée maximale de 2 semaines) figureront dans la version électronique de la présente annexe, mise à jour régulièrement.</text:p><text:p>À l'issue du délai de 2 semaines, la liste des corrections de vote sera close en vue de la publication au Journal officiel.</text:p><text:p>Signification des sigles :+ (pour), - (contre), 0 (abstention)</text:p></RollCallVoteResults.InformationNote><RollCallVoteResults.SituationDate>06/08/2019 10:05</RollCallVoteResults.SituationDate><RollCallVote.Result Identifier="108425" Date="2019-07-15" Number="1."><RollCallVote.Description.Text>Mardi - demande du groupe GUE/NGL 15/07/2019 17:09:37.000</RollCallVote.Description.Text><Result.For Number="83"><Result.PoliticalGroup.List Identifier="GUE/NGL"><Member.Name MepId="7089">Arvanitis</Member.Name><Member.Name MepId="6926">Aubry</Member.Name><Member.Name MepId="6914">Bompard</Member.Name><Member.Name MepId="6873">Botenga</Member.Name><Member.Name MepId="6598">Carthy</Member.Name><Member.Name MepId="6922">Chaibi</Member.Name><Member.Name MepId="6865">Demirel</Member.Name><Member.Name MepId="5886">Ferreira</Member.Name><Member.Name MepId="6815">Figueiredo Nobre De Gusmão</Member.Name><Member.Name MepId="7204">Georgiou</Member.Name><Member.Name MepId="7133">Georgoulis</Member.Name><Member.Name MepId="6628">Hazekamp</Member.Name><Member.Name MepId="7087">Kountoura</Member.Name><Member.Name MepId="5992">Matias</Member.Name><Member.Name MepId="6310">Michels</Member.Name><Member.Name MepId="6250">Omarjee</Member.Name><Member.Name MepId="5596">Papadimoulis</Member.Name><Member.Name MepId="6920">Pelletier</Member.Name><Member.Name MepId="7138">Pereira Sandra</Member.Name><Member.Name MepId="6758">Schirdewan</Member.Name><Member.Name MepId="5837">Scholz</Member.Name><Member.Name MepId="7212">Villanueva Ruiz</Member.Name><Member.Name MepId="6961">Villumsen</Member.Name></Result.PoliticalGroup.List><Result.PoliticalGroup.List Identifier="NI"><Member.Name MepId="7116">Nikolaou-Alavanos</Member.Name><Member.Name MepId="6676">Papadakis Kostas</Member.Name></Result.PoliticalGroup.List><Result.PoliticalGroup.List Identifier="PPE"><Member.Name MepId="6885">Arłukowicz</Member.Name><Member.Name MepId="7222">Kanev</Member.Name><Member.Name MepId="7218">Maldeikienė</Member.Name></Result.PoliticalGroup.List><Result.PoliticalGroup.List Identifier="Renew"><Member.Name MepId="7057">Botoş</Member.Name></Result.PoliticalGroup.List><Result.PoliticalGroup.List Identifier="S&amp;D"><Member.Name MepId="6553">Arena</Member.Name><Member.Name MepId="6888">Balt</Member.Name><Member.Name MepId="6891">Biedroń</Member.Name><Member.Name MepId="6843">Brglez</Member.Name><Member.Name MepId="6791">Fritzon</Member.Name><Member.Name MepId="7070">Heide</Member.Name><Member.Name MepId="6884">Kaljurand</Member.Name><Member.Name MepId="7027">Marques Margarida</Member.Name><Member.Name MepId="6016">Neuser</Member.Name><Member.Name MepId="6473">Noichl</Member.Name><Member.Name MepId="6415">Sant</Member.Name><Member.Name MepId="5624">Tarabella</Member.Name><Member.Name MepId="6582">Ward</Member.Name></Result.PoliticalGroup.List><Result.PoliticalGroup.List Identifier="Verts/ALE"><Member.Name MepId="7084">Ainslie</Member.Name><Member.Name MepId="7033">Allard</Member.Name><Member.Name MepId="5291">Auken</Member.Name><Member.Name MepId="6905">Biteau</Member.Name><Member.Name MepId="6846">Bloss</Member.Name><Member.Name MepId="6837">Boeselager</Member.Name><Member.Name MepId="6829">Breyer</Member.Name><Member.Name MepId="6867">Bricmont</Member.Name><Member.Name MepId="5913">Bütikofer</Member.Name><Member.Name MepId="6964">Carême</Member.Name><Member.Name MepId="6847">Cavazzini</Member.Name><Member.Name MepId="7102">Chowns</Member.Name><Member.Name MepId="6897">Cormand</Member.Name><Member.Name MepId="7043">Cuffe</Member.Name><Member.Name MepId="6924">Delbos-Corfield</Member.Name><Member.Name MepId="6040">Delli</Member.Name><Member.Name MepId="6850">Deparnay-Grunenberg</Member.Name><Member.Name MepId="6868">De Sutter</Member.Name><Member.Name MepId="5899">Eickhout</Member.Name><Member.Name MepId="6775">Franz</Member.Name><Member.Name MepId="6851">Freund</Member.Name><Member.Name MepId="6853">Geese</Member.Name><Member.Name MepId="6942">Gregorová</Member.Name><Member.Name MepId="5914">Jadot</Member.Name><Member.Name MepId="5908">Keller Ska</Member.Name><Member.Name MepId="6939">Kolaja</Member.Name><Member.Name MepId="6795">Kuhnke</Member.Name><Member.Name MepId="7197">Magid</Member.Name><Member.Name MepId="6859">Marquardt</Member.Name><Member.Name MepId="6862">Nienaß</Member.Name><Member.Name MepId="7187">Niinistö</Member.Name><Member.Name MepId="6963">Peter-Hansen</Member.Name><Member.Name MepId="7098">Phillips Alexandra Louise Rosenfield</Member.Name><Member.Name MepId="6529">Reintke</Member.Name><Member.Name MepId="6900">Roose</Member.Name><Member.Name MepId="6560">Scott Cato</Member.Name><Member.Name MepId="6591">Urtasun</Member.Name><Member.Name MepId="6551">Vana</Member.Name><Member.Name MepId="7237">Van Sparrentak</Member.Name><Member.Name MepId="7064">Wiener</Member.Name><Member.Name MepId="6904">Yenbou</Member.Name></Result.PoliticalGroup.List></Result.For><Result.Against Number="142"><Result.PoliticalGroup.List Identifier="ECR"><Member.Name MepId="7244">Aguilar</Member.Name><Member.Name MepId="6864">Bourgeois</Member.Name><Member.Name MepId="7214">Buxadé Villalba</Member.Name><Member.Name MepId="6511">Dzhambazki</Member.Name><Member.Name MepId="5982">Fidanza</Member.Name><Member.Name MepId="5472">Fotyga</Member.Name><Member.Name MepId="6912">Kempa</Member.Name><Member.Name MepId="6923">Kopcińska</Member.Name><Member.Name MepId="6530">Krasnodębski</Member.Name><Member.Name MepId="5507">Kuźmiuk</Member.Name><Member.Name MepId="6234">McIntyre</Member.Name><Member.Name MepId="6931">Mazurek</Member.Name><Member.Name MepId="6934">Możdżanowska</Member.Name><Member.Name MepId="7205">Procaccini</Member.Name><Member.Name MepId="6937">Rafalska</Member.Name><Member.Name MepId="7160">Rooken</Member.Name><Member.Name MepId="7097">Roos</Member.Name><Member.Name MepId="7157">Ruissen</Member.Name><Member.Name MepId="6938">Rzońca</Member.Name><Member.Name MepId="7231">Slabakov</Member.Name><Member.Name MepId="7210">Stancanelli</Member.Name><Member.Name MepId="6946">Szydło</Member.Name><Member.Name MepId="7216">Tertsch</Member.Name><Member.Name MepId="6300">Tomašić</Member.Name><Member.Name MepId="6956">Waszczykowski</Member.Name><Member.Name MepId="6808">Weimers</Member.Name><Member.Name MepId="6962">Zalewska</Member.Name></Result.PoliticalGroup.List><Result.PoliticalGroup.List Identifier="GUE/NGL"><Member.Name MepId="7113">Daly</Member.Name></Result.PoliticalGroup.List><Result.PoliticalGroup.List Identifier="ID"><Member.Name MepId="7211">Adinolfi Matteo</Member.Name><Member.Name MepId="7079">Androuët</Member.Name><Member.Name MepId="6593">Annemans</Member.Name><Member.Name MepId="7174">Baldassarre</Member.Name><Member.Name MepId="6988">Bardella</Member.Name><Member.Name MepId="7001">Basso</Member.Name><Member.Name MepId="6179">Bizzotto</Member.Name><Member.Name MepId="7000">Borchia</Member.Name><Member.Name MepId="7181">Casanova</Member.Name><Member.Name MepId="7170">Ceccardi</Member.Name><Member.Name MepId="7007">Conte</Member.Name><Member.Name MepId="6999">Da Re</Member.Name><Member.Name MepId="6869">De Man</Member.Name><Member.Name MepId="7207">Donato</Member.Name><Member.Name MepId="6972">Gancia</Member.Name><Member.Name MepId="7184">Grant</Member.Name><Member.Name MepId="7246">Haider</Member.Name><Member.Name MepId="6986">Huhtasaari</Member.Name><Member.Name MepId="6404">Jalkh</Member.Name><Member.Name MepId="6751">Jamet</Member.Name><Member.Name MepId="6960">Kofod</Member.Name><Member.Name MepId="6372">Lebreton</Member.Name><Member.Name MepId="7074">Lechanteux</Member.Name><Member.Name MepId="7002">Lizzi</Member.Name><Member.Name MepId="7013">Mariani</Member.Name><Member.Name MepId="7075">Olivier</Member.Name><Member.Name MepId="7006">Rivière</Member.Name><Member.Name MepId="7078">Rougé</Member.Name><Member.Name MepId="7234">Vandendriessche</Member.Name><Member.Name MepId="6414">Zanni</Member.Name><Member.Name MepId="6882">Zimniok</Member.Name></Result.PoliticalGroup.List><Result.PoliticalGroup.List Identifier="NI"><Member.Name MepId="7144">Daubney</Member.Name><Member.Name MepId="7118">De Lucy</Member.Name><Member.Name MepId="6106">Dodds</Member.Name><Member.Name MepId="7243">Gyöngyösi</Member.Name><Member.Name MepId="6993">Heaver</Member.Name><Member.Name MepId="6995">Mummery</Member.Name><Member.Name MepId="7101">Phillips Alexandra Lesley</Member.Name><Member.Name MepId="7198">Pugh</Member.Name><Member.Name MepId="7115">Rowland</Member.Name><Member.Name MepId="7093">Tennant</Member.Name><Member.Name MepId="6991">Tice</Member.Name></Result.PoliticalGroup.List><Result.PoliticalGroup.List Identifier="PPE"><Member.Name MepId="5980">Arias Echeverría</Member.Name><Member.Name MepId="7162">Berendsen</Member.Name><Member.Name MepId="7155">Bilčík</Member.Name><Member.Name MepId="6617">Buda</Member.Name><Member.Name MepId="5729">Buşoi</Member.Name><Member.Name MepId="5252">Casa</Member.Name><Member.Name MepId="5236">Christoforou</Member.Name><Member.Name MepId="5981">van Dalen</Member.Name><Member.Name MepId="5921">Danjean</Member.Name><Member.Name MepId="6345">Deli</Member.Name><Member.Name MepId="5960">Dorfmann</Member.Name><Member.Name MepId="3833">Ferber</Member.Name><Member.Name MepId="6632">González Pons</Member.Name><Member.Name MepId="5138">Gyürk</Member.Name><Member.Name MepId="6777">Hansen</Member.Name><Member.Name MepId="6534">Hetman</Member.Name><Member.Name MepId="5952">Hübner</Member.Name><Member.Name MepId="6001">Kósa</Member.Name><Member.Name MepId="6196">Kovatchev</Member.Name><Member.Name MepId="7080">Kympouropoulos</Member.Name><Member.Name MepId="5727">de Lange</Member.Name><Member.Name MepId="6592">Lenaers</Member.Name><Member.Name MepId="5517">López-Istúriz White</Member.Name><Member.Name MepId="5245">McGuinness</Member.Name><Member.Name MepId="6761">Mandl</Member.Name><Member.Name MepId="6297">Metsola</Member.Name><Member.Name MepId="7036">Motreanu</Member.Name><Member.Name MepId="6436">Mureşan</Member.Name><Member.Name MepId="5413">Novak</Member.Name><Member.Name MepId="6709">Novakov</Member.Name><Member.Name MepId="6072">Rangel</Member.Name><Member.Name MepId="6698">Salini</Member.Name><Member.Name MepId="5345">Schwab</Member.Name><Member.Name MepId="6547">Štefanec</Member.Name><Member.Name MepId="6801">Tobé</Member.Name><Member.Name MepId="5934">Voss</Member.Name><Member.Name MepId="5351">Weber</Member.Name><Member.Name MepId="4643">Wieland</Member.Name><Member.Name MepId="6997">Zarzalejos Nieto</Member.Name><Member.Name MepId="6344">Zdechovský</Member.Name><Member.Name MepId="6094">Zver</Member.Name></Result.PoliticalGroup.List><Result.PoliticalGroup.List Identifier="Renew"><Member.Name MepId="6327">Ansip</Member.Name><Member.Name MepId="6400">Auštrevičius</Member.Name><Member.Name MepId="7165">Azmani</Member.Name><Member.Name MepId="6089">Bilbao Barandica</Member.Name><Member.Name MepId="6973">Cañas</Member.Name><Member.Name MepId="6860">Chastel</Member.Name><Member.Name MepId="6340">Dlabajová</Member.Name><Member.Name MepId="6601">Federley</Member.Name><Member.Name MepId="6818">Flego</Member.Name><Member.Name MepId="7022">Gamon</Member.Name><Member.Name MepId="7139">Horwood</Member.Name><Member.Name MepId="5385">in 't Veld</Member.Name><Member.Name MepId="6917">Kovařík</Member.Name><Member.Name MepId="6887">Loiseau</Member.Name><Member.Name MepId="6690">Mihaylova</Member.Name><Member.Name MepId="6500">Müller</Member.Name><Member.Name MepId="6614">Nart</Member.Name><Member.Name MepId="1141">Newton Dunn</Member.Name><Member.Name MepId="6830">Oetjen</Member.Name><Member.Name MepId="6644">Pagazaurtundúa</Member.Name><Member.Name MepId="4676">Ries</Member.Name><Member.Name MepId="6056">Riquet</Member.Name><Member.Name MepId="4767">Rodríguez Ramos</Member.Name><Member.Name MepId="7168">Solís Pérez</Member.Name><Member.Name MepId="6281">Torvalds</Member.Name><Member.Name MepId="6710">Vautmans</Member.Name></Result.PoliticalGroup.List><Result.PoliticalGroup.List Identifier="S&amp;D"><Member.Name MepId="7030">Cerdas</Member.Name><Member.Name MepId="7023">Marques Pedro</Member.Name><Member.Name MepId="6983">Tinagli</Member.Name><Member.Name MepId="5459">Toia</Member.Name></Result.PoliticalGroup.List><Result.PoliticalGroup.List Identifier="Verts/ALE"><Member.Name MepId="6455">Buchner</Member.Name></Result.PoliticalGroup.List></Result.Against><Result.Abstention Number="72"><Result.PoliticalGroup.List Identifier="ID"><Member.Name MepId="6877">Fest</Member.Name><Member.Name MepId="6879">Kuhs</Member.Name><Member.Name MepId="6759">Meuthen</Member.Name></Result.PoliticalGroup.List><Result.PoliticalGroup.List Identifier="NI"><Member.Name MepId="6468">Adinolfi Isabella</Member.Name><Member.Name MepId="6411">Beghin</Member.Name><Member.Name MepId="6446">Castaldo</Member.Name><Member.Name MepId="4929">Farage</Member.Name><Member.Name MepId="6836">Kolakušić</Member.Name><Member.Name MepId="7143">Lowe</Member.Name><Member.Name MepId="7100">Overgaard Nielsen</Member.Name><Member.Name MepId="7011">Patten</Member.Name><Member.Name MepId="6482">Pedicini</Member.Name><Member.Name MepId="7010">Pignedoli</Member.Name><Member.Name MepId="7242">Sinčić</Member.Name><Member.Name MepId="7199">Stedman-Bryce</Member.Name><Member.Name MepId="7147">Uhrík</Member.Name><Member.Name MepId="6695">Zullo</Member.Name></Result.PoliticalGroup.List><Result.PoliticalGroup.List Identifier="S&amp;D"><Member.Name MepId="7167">Ameriks</Member.Name><Member.Name MepId="6279">Andrieu</Member.Name><Member.Name MepId="6977">Ara-Kovács</Member.Name><Member.Name MepId="6831">Barley</Member.Name><Member.Name MepId="6505">Benifei</Member.Name><Member.Name MepId="5173">Beňová</Member.Name><Member.Name MepId="6833">Bischoff</Member.Name><Member.Name MepId="6264">Borzan</Member.Name><Member.Name MepId="4690">Bullmann</Member.Name><Member.Name MepId="7046">Ciuhodaru</Member.Name><Member.Name MepId="4628">Corbett</Member.Name><Member.Name MepId="5661">Crețu</Member.Name><Member.Name MepId="6806">Danielsson</Member.Name><Member.Name MepId="6969">Dobrev</Member.Name><Member.Name MepId="7090">Galvez Muñoz</Member.Name><Member.Name MepId="7105">Garcia Del Blanco</Member.Name><Member.Name MepId="7125">García Muñoz</Member.Name><Member.Name MepId="5417">García Pérez</Member.Name><Member.Name MepId="3827">Gebhardt</Member.Name><Member.Name MepId="6005">Geier</Member.Name><Member.Name MepId="7111">González</Member.Name><Member.Name MepId="7106">Gonzalez Casares</Member.Name><Member.Name MepId="6419">Grapini</Member.Name><Member.Name MepId="6580">Griffin</Member.Name><Member.Name MepId="6063">Gualtieri</Member.Name><Member.Name MepId="6107">Guillaume</Member.Name><Member.Name MepId="6603">Guteland</Member.Name><Member.Name MepId="7185">Heinäluoma</Member.Name><Member.Name MepId="6745">Howarth</Member.Name><Member.Name MepId="6624">Jongerius</Member.Name><Member.Name MepId="6009">Kammerevert</Member.Name><Member.Name MepId="6571">Kirton-Darling</Member.Name><Member.Name MepId="6459">Köster</Member.Name><Member.Name MepId="3761">Krehl</Member.Name><Member.Name MepId="3823">Lange</Member.Name><Member.Name MepId="7117">Maldonado López</Member.Name><Member.Name MepId="6351">Molnár</Member.Name><Member.Name MepId="4923">Moraes</Member.Name><Member.Name MepId="6323">Papadakis Demetris</Member.Name><Member.Name MepId="6625">Piri</Member.Name><Member.Name MepId="5731">Plumb</Member.Name><Member.Name MepId="6649">Rodríguez-Piñero</Member.Name><Member.Name MepId="7128">Ruiz Devesa</Member.Name><Member.Name MepId="7110">Sánchez Amor</Member.Name><Member.Name MepId="5713">Schaldemose</Member.Name><Member.Name MepId="7059">Schieder</Member.Name><Member.Name MepId="6475">Schuster</Member.Name><Member.Name MepId="6381">Silva Pereira</Member.Name><Member.Name MepId="6093">Sippel</Member.Name><Member.Name MepId="7176">Smeriglio</Member.Name><Member.Name MepId="7247">Tudose</Member.Name><Member.Name MepId="4990">Van Brempt</Member.Name><Member.Name MepId="7066">Vollath</Member.Name><Member.Name MepId="6373">Zorrinho</Member.Name></Result.PoliticalGroup.List><Result.PoliticalGroup.List Identifier="Verts/ALE"><Member.Name MepId="6863">Paulus</Member.Name></Result.PoliticalGroup.List></Result.Abstention><CorrectionResult.Titles><RollCallVoteResults.Corrections.Title.Text Language="BG">ПОПРАВКИ В ПОДАДЕНИТЕ ГЛАСОВЕ И НАМЕРЕНИЯ ЗА ГЛАСУВАНЕ</RollCallVoteResults.Corrections.Title.Text><RollCallVoteResults.Corrections.Title.Text Language="CS">OPRAVY HLASOVÁNÍ A SDĚLENÍ O ÚMYSLU HLASOVAT</RollCallVoteResults.Corrections.Title.Text><RollCallVoteResults.Corrections.Title.Text Language="DA">STEMMERETTELSER OG –INTENTIONER</RollCallVoteResults.Corrections.Title.Text><RollCallVoteResults.Corrections.Title.Text Language="DE">BERICHTIGUNGEN DES STIMMVERHALTENS UND BEABSICHTIGTES STIMMVERHALTEN</RollCallVoteResults.Corrections.Title.Text><RollCallVoteResults.Corrections.Title.Text Language="EL">ΔΙΟΡΘΩΣΕΙΣ ΚΑΙ ΠΡΟΘΕΣΕΙΣ ΨΗΦΟΥ</RollCallVoteResults.Corrections.Title.Text><RollCallVoteResults.Corrections.Title.Text Language="EN">CORRECTIONS TO VOTES AND VOTING INTENTIONS</RollCallVoteResults.Corrections.Title.Text><RollCallVoteResults.Corrections.Title.Text Language="ES">CORRECCIONES E INTENCIONES DE VOTO</RollCallVoteResults.Corrections.Title.Text><RollCallVoteResults.Corrections.Title.Text Language="ET">HÄÄLETUSE PARANDUSED JA HÄÄLETUSKAVATSUSED</RollCallVoteResults.Corrections.Title.Text><RollCallVoteResults.Corrections.Title.Text Language="FI">ÄÄNESTYSKÄYTTÄYTYMISTÄ JA ÄÄNESTYSAIKEITA KOSKEVAT ILMOITUKSET</RollCallVoteResults.Corrections.Title.Text><RollCallVoteResults.Corrections.Title.Text Language="FR">CORRECTIONS ET INTENTIONS DE VOTE</RollCallVoteResults.Corrections.Title.Text><RollCallVoteResults.Corrections.Title.Text Language="GA">CEARTÚCHÁIN AR AN VÓTA AGUS INTINNÍ VÓTÁLA</RollCallVoteResults.Corrections.Title.Text><RollCallVoteResults.Corrections.Title.Text Language="HR">IZMJENE DANIH GLASOVA I NAMJERE GLASAČA</RollCallVoteResults.Corrections.Title.Text><RollCallVoteResults.Corrections.Title.Text Language="HU">SZAVAZATOK HELYESBÍTÉSEI ÉS SZAVAZÁSI SZÁNDÉKOK</RollCallVoteResults.Corrections.Title.Text><RollCallVoteResults.Corrections.Title.Text Language="IT">CORREZIONI E INTENZIONI DI VOTO</RollCallVoteResults.Corrections.Title.Text><RollCallVoteResults.Corrections.Title.Text Language="LT">BALSOJUMU LABOJUMI UN NODOMI BALSOT</RollCallVoteResults.Corrections.Title.Text><RollCallVoteResults.Corrections.Title.Text Language="LV">BALSAVIMO PATAISYMAI IR KETINIMAI</RollCallVoteResults.Corrections.Title.Text><RollCallVoteResults.Corrections.Title.Text Language="NL">RECTIFICATIES STEMGEDRAG/ VOORGENOMEN STEMGEDRAG</RollCallVoteResults.Corrections.Title.Text><RollCallVoteResults.Corrections.Title.Text Language="MT">KORREZZJONIJIET U INTENZJONIJIET GĦALL-VOT</RollCallVoteResults.Corrections.Title.Text><RollCallVoteResults.Corrections.Title.Text Language="PL">KOREKTY DO GŁOSOWANIA I ZAMIAR GŁOSOWANIA</RollCallVoteResults.Corrections.Title.Text><RollCallVoteResults.Corrections.Title.Text Language="PT">CORRECÇÕES E INTENÇÕES DE VOTO</RollCallVoteResults.Corrections.Title.Text><RollCallVoteResults.Corrections.Title.Text Language="RO">CORECTĂRI ŞI INTENŢII DE VOT OPRAVY HLASOVANIA A ZÁMERY PRI HLASOVANÍ</RollCallVoteResults.Corrections.Title.Text><RollCallVoteResults.Corrections.Title.Text Language="SK">POPRAVKI IN NAMERE GLASOVANJA</RollCallVoteResults.Corrections.Title.Text><RollCallVoteResults.Corrections.Title.Text Language="SL">ÄÄNESTYSKÄYTTÄYTYMISTÄ JA ÄÄNESTYSAIKEITA KOSKEVAT ILMOITUKSET</RollCallVoteResults.Corrections.Title.Text><RollCallVoteResults.Corrections.Title.Text Language="SV">RÄTTELSER/AVSIKTSFÖRKLARINGAR TILL AVGIVNA RÖSTER</RollCallVoteResults.Corrections.Title.Text><CorrectionResult.For><Member.Name /></CorrectionResult.For><CorrectionResult.Against><Member.Name /></CorrectionResult.Against><CorrectionResult.Abstention><Member.Name>Heléne Fritzon</Member.Name></CorrectionResult.Abstention></CorrectionResult.Titles></RollCallVote.Result></PV.RollCallVoteResults>