[
 {"identifier":41,"code":"PE","mepFlag":true,"order":10,"updateDate":"2018-06-21T06:32:56.000+00:00","desc":[{"langIso":"BG","shortName":"Европейски парламент","fullName":"Европейски парламент","upperFullName":"ЕВРОПЕЙСКИ ПАРЛАМЕНТ","order":5},{"langIso":"ES","shortName":"Parlamento Europeo","fullName":"Parlamento Europeo","upperFullName":"PARLAMENTO EUROPEO","order":10},{"langIso":"CS","shortName":"Evropský parlament","fullName":"Evropský parlament","upperFullName":"EVROPSKÝ PARLAMENT","order":15},{"langIso":"DA","shortName":"Europa-Parlamentet","fullName":"Europa-Parlamentet","upperFullName":"EUROPA-PARLAMENTET","order":20},{"langIso":"DE","shortName":"Europäisches Parlament","fullName":"Europäisches Parlament","upperFullName":"EUROPÄISCHES PARLAMENT","order":25},{"langIso":"ET","shortName":"Euroopa Parlament","fullName":"Euroopa Parlament","upperFullName":"EUROOPA PARLAMENT","order":30},{"langIso":"EL","shortName":"Ευρωπαϊκό Κοινοβούλιο","fullName":"Ευρωπαϊκό Κοινοβούλιο","upperFullName":"ΕΥΡΩΠΑΪΚΟ ΚΟΙΝΟΒΟΥΛΙΟ","order":35},{"langIso":"EN","shortName":"European Parliament","fullName":"European Parliament","upperFullName":"EUROPEAN PARLIAMENT","order":40},{"langIso":"FR","shortName":"Parlement européen","fullName":"Parlement européen","upperFullName":"PARLEMENT EUROPEEN","order":45},{"langIso":"GA","shortName":"Parlaimint na hEorpa","fullName":"Parlaimint na hEorpa","upperFullName":"PARLAIMINT NA HEORPA","order":50},{"langIso":"HR","shortName":"Europski parlament","fullName":"Europski parlament","upperFullName":"EUROPSKI PARLAMENT","order":52},{"langIso":"IT","shortName":"Parlamento europeo","fullName":"Parlamento europeo","upperFullName":"PARLAMENTO EUROPEO","order":55},{"langIso":"LV","shortName":"Eiropas Parlaments","fullName":"Eiropas Parlaments","upperFullName":"EIROPAS PARLAMENTS","order":60},{"langIso":"LT","shortName":"Europos Parlamentas","fullName":"Europos Parlamentas","upperFullName":"EUROPOS PARLAMENTAS","order":65},{"langIso":"HU","shortName":"Európai Parlament","fullName":"Európai Parlament","upperFullName":"EURÓPAI PARLAMENT","order":70},{"langIso":"MT","shortName":"Parlament Ewropew","fullName":"Parlament Ewropew","upperFullName":"PARLAMENT EWROPEW","order":75},{"langIso":"NL","shortName":"Europees Parlement","fullName":"Europees Parlement","upperFullName":"EUROPEES PARLEMENT","order":80},{"langIso":"PL","shortName":"Parlament Europejski","fullName":"Parlament Europejski","upperFullName":"PARLAMENT EUROPEJSKI","order":85},{"langIso":"PT","shortName":"Parlamento Europeu","fullName":"Parlamento Europeu","upperFullName":"PARLAMENTO EUROPEU","order":90},{"langIso":"RO","shortName":"Parlamentul European","fullName":"Parlamentul European","upperFullName":"PARLAMENTUL EUROPEAN","order":95},{"langIso":"SK","shortName":"Európsky parlament","fullName":"Európsky parlament","upperFullName":"EURÓPSKY PARLAMENT","order":100},{"langIso":"SL","shortName":"Evropski parlament","fullName":"Evropski parlament","upperFullName":"EVROPSKI PARLAMENT","order":105},{"langIso":"FI","shortName":"Euroopan parlamentti","fullName":"Euroopan parlamentti","upperFullName":"EUROOPAN PARLAMENTTI","order":110},{"langIso":"SV","shortName":"Europaparlamentet","fullName":"Europaparlamentet","upperFullName":"EUROPAPARLAMENTET","order":115}]},
 {"identifier":39,"code":"BU","mepFlag":true,"order":20,"updateDate":"2018-06-21T06:32:56.000+00:00","desc":[{"langIso":"BG","shortName":"Бюро","fullName":"Бюро","upperFullName":"БЮРО","order":5},{"langIso":"ES","shortName":"Mesa","fullName":"Mesa","upperFullName":"MESA","order":10},{"langIso":"CS","shortName":"Předsednictvo","fullName":"Předsednictvo","upperFullName":"PŘEDSEDNICTVO","order":15},{"langIso":"DA","shortName":"Præsidium","fullName":"Præsidium","upperFullName":"PRÆSIDIUM","order":20},{"langIso":"DE","shortName":"Präsidium","fullName":"Präsidium","upperFullName":"PRÄSIDIUM","order":25},{"langIso":"ET","shortName":"Juhatus","fullName":"Juhatus","upperFullName":"JUHATUS","order":30},{"langIso":"EL","shortName":"Προεδρείο","fullName":"Προεδρείο","upperFullName":"ΠΡΟΕΔΡΕΙΟ","order":35},{"langIso":"EN","shortName":"Bureau","fullName":"Bureau","upperFullName":"BUREAU","order":40},{"langIso":"FR","shortName":"Bureau","fullName":"Bureau","upperFullName":"BUREAU","order":45},{"langIso":"GA","shortName":"Biúró","fullName":"Biúró","upperFullName":"BIÚRÓ","order":50},{"langIso":"HR","shortName":"Predsjedništvo","fullName":"Predsjedništvo","upperFullName":"PREDSJEDNIŠTVO","order":52},{"langIso":"IT","shortName":"Ufficio di presidenza","fullName":"Ufficio di presidenza","upperFullName":"UFFICIO DI PRESIDENZA","order":55},{"langIso":"LV","shortName":"Prezidijs","fullName":"Prezidijs","upperFullName":"PREZIDIJS","order":60},{"langIso":"LT","shortName":"Biuras","fullName":"Biuras","upperFullName":"BIURAS","order":65},{"langIso":"HU","shortName":"Hivatal","fullName":"Hivatal","upperFullName":"HIVATAL","order":70},{"langIso":"MT","shortName":"Bureau","fullName":"Bureau","upperFullName":"BUREAU","order":75},{"langIso":"NL","shortName":"Bureau","fullName":"Bureau","upperFullName":"BUREAU","order":80},{"langIso":"PL","shortName":"Prezydium","fullName":"Prezydium","upperFullName":"PREZYDIUM","order":85},{"langIso":"PT","shortName":"Mesa","fullName":"Mesa","upperFullName":"MESA","order":90},{"langIso":"RO","shortName":"Birou","fullName":"Birou","upperFullName":"BIROU","order":95},{"langIso":"SK","shortName":"Predsedníctvo","fullName":"Predsedníctvo","upperFullName":"PREDSEDNÍCTVO","order":100},{"langIso":"SL","shortName":"Predsedstvo","fullName":"Predsedstvo","upperFullName":"PREDSEDSTVO","order":105},{"langIso":"FI","shortName":"Puhemiehistö","fullName":"Puhemiehistö","upperFullName":"PUHEMIEHISTÖ","order":110},{"langIso":"SV","shortName":"Presidiet","fullName":"Presidiet","upperFullName":"PRESIDIET","order":115}]},
 {"identifier":36,"code":"OD","mepFlag":true,"order":30,"updateDate":"2018-06-21T06:32:56.000+00:00","desc":[{"langIso":"BG","shortName":"Ръководни органи","fullName":"Ръководни органи","upperFullName":"РЪКОВОДНИ ОРГАНИ","order":5},{"langIso":"ES","shortName":"Organos directivos","fullName":"Organos directivos","upperFullName":"ORGANOS DIRECTIVOS","order":10},{"langIso":"CS","shortName":"Řídící orgány","fullName":"Řídící orgány","upperFullName":"ŘÍDÍCÍ ORGÁNY","order":15},{"langIso":"DA","shortName":"Ledelsesorganer","fullName":"Ledelsesorganer","upperFullName":"LEDELSESORGANER","order":20},{"langIso":"DE","shortName":"Leitungsgremien","fullName":"Leitungsgremien","upperFullName":"LEITUNGSGREMIEN","order":25},{"langIso":"ET","shortName":"Juhtorganid","fullName":"Juhtorganid","upperFullName":"JUHTORGANID","order":30},{"langIso":"EL","shortName":"Διευθυντικά όργανα","fullName":"Διευθυντικά όργανα","upperFullName":"ΔΙΕΥΘΥΝΤΙΚΑ ΟΡΓΑΝΑ","order":35},{"langIso":"EN","shortName":"Governing bodies","fullName":"Governing bodies","upperFullName":"GOVERNING BODIES","order":40},{"langIso":"FR","shortName":"Organes dirigeants","fullName":"Organes dirigeants","upperFullName":"ORGANES DIRIGEANTS","order":45},{"langIso":"GA","shortName":"Boird rialaithe","fullName":"Boird rialaithe","upperFullName":"BOIRD RIALAITHE","order":50},{"langIso":"HR","shortName":"Upravljačka tijela","fullName":"Upravljačka tijela","upperFullName":"UPRAVLJAČKA TIJELA","order":52},{"langIso":"IT","shortName":"Organi dirigenti","fullName":"Organi dirigenti","upperFullName":"ORGANI DIRIGENTI","order":55},{"langIso":"LV","shortName":"Pārvaldes struktūras","fullName":"Pārvaldes struktūras","upperFullName":"PĀRVALDES STRUKTŪRAS","order":60},{"langIso":"LT","shortName":"Valdymo organai","fullName":"Valdantieji organai","upperFullName":"VALDYMO ORGANAI","order":65},{"langIso":"HU","shortName":"Igazgató szervek","fullName":"Igazgató szervek","upperFullName":"IGAZGATÓ SZERVEK","order":70},{"langIso":"MT","shortName":"Organi governattivi","fullName":"Organi governattivi","upperFullName":"ORGANI GOVERNATTIVI","order":75},{"langIso":"NL","shortName":"Bestuursorganen","fullName":"Bestuursorganen","upperFullName":"BESTUURSORGANEN","order":80},{"langIso":"PL","shortName":"Organy zarządzające","fullName":"Organy zarządzające","upperFullName":"ORGANY ZARZĄDZAJĄCE","order":85},{"langIso":"PT","shortName":"Órgãos dirigentes","fullName":"Órgãos dirigentes","upperFullName":"ÓRGÃOS DIRIGENTES","order":90},{"langIso":"RO","shortName":"Organe de conducere","fullName":"Organe de conducere","upperFullName":"ORGANE DE CONDUCERE","order":95},{"langIso":"SK","shortName":"Riadiace orgány","fullName":"Riadiace orgány","upperFullName":"RIADIACE ORGÁNY","order":100},{"langIso":"SL","shortName":"Upravni organi","fullName":"Upravni organi","upperFullName":"UPRAVNI ORGANI","order":105},{"langIso":"FI","shortName":"Johtoelimet","fullName":"Johtoelimet","upperFullName":"JOHTOELIMET","order":110},{"langIso":"SV","shortName":"Verkställande organ","fullName":"Verkställande organ","upperFullName":"VERKSTÄLLANDE ORGAN","order":115}]},
 {"identifier":35,"code":"GP","mepFlag":true,"order":40,"updateDate":"2018-06-21T06:32:56.000+00:00","desc":[{"langIso":"BG","shortName":"Политически групи","fullName":"Политически групи","upperFullName":"ПОЛИТИЧЕСКИ ГРУПИ","order":5},{"langIso":"ES","shortName":"Grupos políticos","fullName":"Grupos políticos","upperFullName":"GRUPOS POLÍTICOS","order":10},{"langIso":"CS","shortName":"Politické skupiny","fullName":"Politické skupiny","upperFullName":"POLITICKÉ SKUPINY","order":15},{"langIso":"DA","shortName":"Politiske grupper","fullName":"Politiske grupper","upperFullName":"POLITISKE GRUPPER","order":20},{"langIso":"DE","shortName":"Fraktionen","fullName":"FRAKTIONEN","upperFullName":"FRAKTIONEN","order":25},{"langIso":"ET","shortName":"Fraktsioonid","fullName":"Fraktsioonid","upperFullName":"FRAKTSIOONID","order":30},{"langIso":"EL","shortName":"Πολιτικές ομάδες","fullName":"Πολιτικές ομάδες","upperFullName":"ΠΟΛΙΤΙΚΕΣ ΟΜΑΔΕΣ","order":35},{"langIso":"EN","shortName":"Political groups","fullName":"Political groups","upperFullName":"POLITICAL GROUPS","order":40},{"langIso":"FR","shortName":"Groupes politiques","fullName":"Groupes politiques","upperFullName":"GROUPES POLITIQUES","order":45},{"langIso":"GA","shortName":"Grúpaí Polaitiúla","fullName":"Grúpaí Polaitiúla","upperFullName":"GRÚPAÍ POLAITIÚLA","order":50},{"langIso":"HR","shortName":"Klubovi zastupnika","fullName":"Klubovi zastupnika","upperFullName":"KLUBOVI ZASTUPNIKA","order":52},{"langIso":"IT","shortName":"Gruppi politici","fullName":"GRUPPI POLITICI","upperFullName":"GRUPPI POLITICI","order":55},{"langIso":"LV","shortName":"Politiskās grupas","fullName":"Politiskās grupas","upperFullName":"POLITISKĀS GRUPAS","order":60},{"langIso":"LT","shortName":"Frakcijos","fullName":"Frakcijos","upperFullName":"FRAKCIJOS","order":65},{"langIso":"HU","shortName":"Képviselőcsoportok","fullName":"Képviselőcsoportok","upperFullName":"KÉPVISELŐCSOPORTOK","order":70},{"langIso":"MT","shortName":"Gruppi politiċi","fullName":"Gruppi politiċi","upperFullName":"GRUPPI POLITIĊI","order":75},{"langIso":"NL","shortName":"Fracties","fullName":"Fracties","upperFullName":"FRACTIES","order":80},{"langIso":"PL","shortName":"Grupy polityczne","fullName":"Grupy polityczne","upperFullName":"GRUPY POLITYCZNE","order":85},{"langIso":"PT","shortName":"Grupos políticos","fullName":"Grupos políticos","upperFullName":"GRUPOS POLÍTICOS","order":90},{"langIso":"RO","shortName":"Grupuri politice","fullName":"Grupuri politice","upperFullName":"GRUPURI POLITICE","order":95},{"langIso":"SK","shortName":"Politické skupiny","fullName":"Politické skupiny","upperFullName":"POLITICKÉ SKUPINY","order":100},{"langIso":"SL","shortName":"Politične skupine","fullName":"Politične skupine","upperFullName":"POLITIČNE SKUPINE","order":105},{"langIso":"FI","shortName":"Poliittiset ryhmät","fullName":"Poliittiset ryhmät","upperFullName":"POLIITTISET RYHMÄT","order":110},{"langIso":"SV","shortName":"Politiska grupper","fullName":"Politiska grupper","upperFullName":"POLITISKA GRUPPER","order":115}]},
 {"identifier":44,"code":"GO","mepFlag":true,"order":45,"updateDate":"2018-06-21T06:32:56.000+00:00","desc":[{"langIso":"BG","shortName":"Политически групи на наблюдателите","fullName":"Политически групи на наблюдателите","upperFullName":"ПОЛИТИЧЕСКИ ГРУПИ НА НАБЛЮДАТЕЛИТЕ","order":5},{"langIso":"ES","shortName":"Grupos políticos de los observadores","fullName":"Grupos políticos de los observadores","upperFullName":"GRUPOS POLÍTICOS DE LOS OBSERVADORES","order":10},{"langIso":"CS","shortName":"Politické skupiny pozorovatelů","fullName":"Politické skupiny pozorovatelů","upperFullName":"POLITICKÉ SKUPINY POZOROVATELŮ","order":15},{"langIso":"DA","shortName":"Politiske grupper - observatører","fullName":"Politiske grupper - observatører","upperFullName":"POLITISKE GRUPPER - OBSERVATØRER","order":20},{"langIso":"DE","shortName":"Fraktionen der Beobachter","fullName":"Fraktionen der Beobachter","upperFullName":"FRAKTIONEN DER BEOBACHTER","order":25},{"langIso":"ET","shortName":"Vaatlejate fraktsioonid","fullName":"Vaatlejate fraktsioonid","upperFullName":"VAATLEJATE FRAKTSIOONID","order":30},{"langIso":"EL","shortName":"Πολιτικές ομάδες των παρατηρητών","fullName":"Πολιτικές ομάδες των παρατηρητών","upperFullName":"ΠΟΛΙΤΙΚΕΣ ΟΜΑΔΕΣ ΤΩΝ ΠΑΡΑΤΗΡΗΤΩΝ","order":35},{"langIso":"EN","shortName":"Observers’ political groups","fullName":"Observers’ political groups","upperFullName":"OBSERVERS’ POLITICAL GROUPS","order":40},{"langIso":"FR","shortName":"Groupes politiques des observateurs","fullName":"Groupes politiques des observateurs","upperFullName":"GROUPES POLITIQUES DES OBSERVATEURS","order":45},{"langIso":"GA","shortName":"Grúpaí Polaitiúla na mBreathnóirí","fullName":"Grúpaí Polaitiúla na mBreathnóirí","upperFullName":"GRÚPAÍ POLAITIÚLA NA MBREATHNÓIRÍ","order":50},{"langIso":"HR","shortName":"Klubovi zastupnika promatrača","fullName":"Klubovi zastupnika promatrača","upperFullName":"KLUBOVI ZASTUPNIKA PROMATRAČA","order":52},{"langIso":"IT","shortName":"Gruppi politici degli osservatori","fullName":"Gruppi politici degli osservatori","upperFullName":"GRUPPI POLITICI DEGLI OSSERVATORI","order":55},{"langIso":"LV","shortName":"Novērotāju politiskās grupas","fullName":"Novērotāju politiskās grupas","upperFullName":"NOVĒROTĀJU POLITISKĀS GRUPAS","order":60},{"langIso":"LT","shortName":"Stebėtojų frakcijos","fullName":"Stebėtojų frakcijos","upperFullName":"STEBĖTOJŲ FRAKCIJOS","order":65},{"langIso":"HU","shortName":"Megfigyelők képviselőcsoportjai","fullName":"Megfigyelők képviselőcsoportjai","upperFullName":"MEGFIGYELŐK KÉPVISELŐCSOPORTJAI","order":70},{"langIso":"MT","shortName":"Gruppi politiċi ta' l-osservaturi","fullName":"Gruppi politiċi ta' l-osservaturi","upperFullName":"GRUPPI POLITIĊI TA' L-OSSERVATURI","order":75},{"langIso":"NL","shortName":"Fracties van de waarnemers","fullName":"Fracties van de waarnemers","upperFullName":"FRACTIES VAN DE WAARNEMERS","order":80},{"langIso":"PL","shortName":"Grupy polityczne obserwatorów","fullName":"Grupy polityczne obserwatorów","upperFullName":"GRUPY POLITYCZNE OBSERWATORÓW","order":85},{"langIso":"PT","shortName":"Grupos políticos dos observadores","fullName":"Grupos políticos dos observadores","upperFullName":"GRUPOS POLÍTICOS DOS OBSERVADORES","order":90},{"langIso":"RO","shortName":"Grupuri politice ale observatorilor","fullName":"Grupuri politice ale observatorilor","upperFullName":"GRUPURI POLITICE ALE OBSERVATORILOR","order":95},{"langIso":"SL","shortName":"Politične skupine opazovalcev","fullName":"Politične skupine opazovalcev","upperFullName":"POLITIČNE SKUPINE OPAZOVALCEV","order":105},{"langIso":"FI","shortName":"Tarkkailijoiden poliittiset ryhmät","fullName":"Tarkkailijoiden poliittiset ryhmät","upperFullName":"TARKKAILIJOIDEN POLIITTISET RYHMÄT","order":110},{"langIso":"SV","shortName":"Observatörernas politiska grupper","fullName":"Observatörernas politiska grupper","upperFullName":"OBSERVATÖRERNAS POLITISKA GRUPPER","order":115}]},
 {"identifier":31,"code":"CO","mepFlag":true,"order":50,"updateDate":"2018-06-21T06:32:56.000+00:00","desc":[{"langIso":"BG","shortName":"Парламентарни комисии","fullName":"Парламентарни комисии","upperFullName":"ПАРЛАМЕНТАРНИ КОМИСИИ","order":5},{"langIso":"ES","shortName":"Comisiones parlamentarias","fullName":"Comisiones parlamentarias","upperFullName":"COMISIONES PARLAMENTARIAS","order":10},{"langIso":"CS","shortName":"Parlamentní výbory","fullName":"Parlamentní výbory","upperFullName":"PARLAMENTNÍ VÝBORY","order":15},{"langIso":"DA","shortName":"Parlamentariske udvalg","fullName":"Parlamentariske udvalg","upperFullName":"PARLAMENTARISKE UDVALG","order":20},{"langIso":"DE","shortName":"Ausschüsse","fullName":"Ausschüsse","upperFullName":"AUSSCHÜSSE","order":25},{"langIso":"ET","shortName":"Parlamendikomisjonid","fullName":"Parlamendikomisjonid","upperFullName":"PARALMENDIKOMISJONID","order":30},{"langIso":"EL","shortName":"Κοινοβουλευτικές επιτροπές","fullName":"Κοινοβουλευτικές επιτροπές","upperFullName":"ΚΟΙΝΟΒΟΥΛΕΥΤΙΚΕΣ ΕΠΙΤΡΟΠΕΣ","order":35},{"langIso":"EN","shortName":"Parliamentary committees","fullName":"Parliamentary committees","upperFullName":"PARLIAMENTARY COMMITTEES","order":40},{"langIso":"FR","shortName":"Commissions parlementaires","fullName":"Commissions parlementaires","upperFullName":"COMMISSIONS PARLEMENTAIRES","order":45},{"langIso":"GA","shortName":"Coistí Parlaiminteacha","fullName":"Coistí Parlaiminteacha","upperFullName":"COISTÍ PARLAIMINTEACHA","order":50},{"langIso":"HR","shortName":"Parlamentarni odbori","fullName":"Parlamentarni odbori","upperFullName":"PARLAMENTARNI ODBORI","order":52},{"langIso":"IT","shortName":"Commissioni parlamentari","fullName":"Commissioni parlamentari","upperFullName":"COMMISSIONI PARLAMENTARI","order":55},{"langIso":"LV","shortName":"Parlamenta komitejas","fullName":"Parlamenta komitejas","upperFullName":"PARLAMENTA KOMITEJAS","order":60},{"langIso":"LT","shortName":"Parlamento komitetai","fullName":"Parlamento komitetai","upperFullName":"PARLAMENTO KOMITETAI","order":65},{"langIso":"HU","shortName":"Parlamenti bizottságok","fullName":"Parlamenti bizottságok","upperFullName":"PARLAMENTI BIZOTTSÁGOK","order":70},{"langIso":"MT","shortName":"Kumitati Parlamentari","fullName":"Kumitati Parlamentari","upperFullName":"KUMITATI PARLAMENTARI","order":75},{"langIso":"NL","shortName":"Parlementaire commissies","fullName":"Parlementaire commissies","upperFullName":"PARLEMENTAIRE COMMISSIES","order":80},{"langIso":"PL","shortName":"Komisje parlamentarne","fullName":"Komisje parlamentarne","upperFullName":"KOMISJE PARLAMENTARNE","order":85},{"langIso":"PT","shortName":"Comissões parlamentares","fullName":"Comissões parlamentares","upperFullName":"COMISSÕES PARLAMENTARES","order":90},{"langIso":"RO","shortName":"Comisii parlamentare","fullName":"Comisii parlamentare","upperFullName":"COMISII PARLAMENTARE","order":95},{"langIso":"SK","shortName":"Parlamentné výbory","fullName":"Parlamentné výbory","upperFullName":"PARLAMENTNÉ VÝBORY","order":100},{"langIso":"SL","shortName":"Parlamentarni odbori","fullName":"Parlamentarni odbori","upperFullName":"PARLAMENTARNI ODBORI","order":105},{"langIso":"FI","shortName":"Valiokunnat","fullName":"Valiokunnat","upperFullName":"VALIOKUNNAT","order":110},{"langIso":"SV","shortName":"Parlamentsutskott","fullName":"Parlamentsutskott","upperFullName":"PARLAMENTSUTSKOTT","order":115}]},
 {"identifier":29,"code":"SC","mepFlag":true,"order":60,"updateDate":"2018-08-09T05:58:49.000+00:00","desc":[{"langIso":"BG","shortName":"Подкомисии","fullName":"Подкомисии","upperFullName":"ПОДКОМИСИИ","order":5},{"langIso":"ES","shortName":"Subcomisiones","fullName":"Subcomisiones","upperFullName":"SUBCOMISIONES","order":10},{"langIso":"CS","shortName":"Podvýbory","fullName":"Podvýbory","upperFullName":"PODVÝBORY","order":15},{"langIso":"DA","shortName":"Underudvalg","fullName":"Underudvalg","upperFullName":"UNDERUDVALG","order":20},{"langIso":"DE","shortName":"Unterausschüsse","fullName":"Unterausschüsse","upperFullName":"UNTERAUSSCHÜSSE","order":25},{"langIso":"ET","shortName":"Allkomisjonid","fullName":"Allkomisjonid","upperFullName":"ALLKOMISJONID","order":30},{"langIso":"EL","shortName":"Υποεπιτροπές","fullName":"Υποεπιτροπές","upperFullName":"ΥΠΟΕΠΙΤΡΟΠΕΣ","order":35},{"langIso":"EN","shortName":"Subcommittees","fullName":"Subcommittees","upperFullName":"SUBCOMMITTEES","order":40},{"langIso":"FR","shortName":"Sous-commissions","fullName":"Sous-commissions","upperFullName":"SOUS-COMMISSIONS","order":45},{"langIso":"GA","shortName":"Fo-choistí","fullName":"Fochoistí","upperFullName":"FOCHOISTÍ","order":50},{"langIso":"HR","shortName":"Pododbori","fullName":"Pododbori","upperFullName":"PODODBORI","order":52},{"langIso":"IT","shortName":"Sottocommissioni","fullName":"Sottocommissioni","upperFullName":"SOTTOCOMMISSIONI","order":55},{"langIso":"LV","shortName":"Apakškomitejas","fullName":"Apakškomitejas","upperFullName":"APAKŠKOMITEJAS","order":60},{"langIso":"LT","shortName":"Pakomitečiai","fullName":"Pakomitečiai","upperFullName":"PAKOMITEČIAI","order":65},{"langIso":"HU","shortName":"Albizottságok","fullName":"Albizottságok","upperFullName":"ALBIZOTTSÁGOK","order":70},{"langIso":"MT","shortName":"Sottokumitati","fullName":"Sottokumitati","upperFullName":"SOTTOKUMITATI","order":75},{"langIso":"NL","shortName":"Subcommissies","fullName":"Subcommissies","upperFullName":"SUBCOMMISSIES","order":80},{"langIso":"PL","shortName":"Podkomisje","fullName":"Podkomisje","upperFullName":"PODKOMISJE","order":85},{"langIso":"PT","shortName":"Subcomissões","fullName":"Subcomissões","upperFullName":"SUBCOMISSÕES","order":90},{"langIso":"RO","shortName":"Subcomisii","fullName":"Subcomisii","upperFullName":"SUBCOMISII","order":95},{"langIso":"SK","shortName":"Podvýbory","fullName":"Podvýbory","upperFullName":"PODVÝBORY","order":100},{"langIso":"SL","shortName":"Pododbori","fullName":"Pododbori","upperFullName":"PODODBORI","order":105},{"langIso":"FI","shortName":"Alivaliokunnat","fullName":"Alivaliokunnat","upperFullName":"ALIVALIOKUNNAT","order":110},{"langIso":"SV","shortName":"Underutskott","fullName":"Underutskott","upperFullName":"UNDERUTSKOTT","order":115}]},
 {"identifier":30,"code":"CT","mepFlag":true,"order":70,"updateDate":"2018-06-21T06:32:56.000+00:00","desc":[{"langIso":"BG","shortName":"Специални комисии","fullName":"Специални комисии","upperFullName":"СПЕЦИАЛНИ КОМИСИИ","order":5},{"langIso":"ES","shortName":"Сomisiones especiales","fullName":"Сomisiones especiales","upperFullName":"COMISIONES ESPECIALES","order":10},{"langIso":"CS","shortName":"Zvláštní výbory","fullName":"Zvláštní výbory","upperFullName":"ZVLÁŠTNÍ VÝBORY","order":15},{"langIso":"DA","shortName":"Særlige udvalg","fullName":"Særlige udvalg","upperFullName":"SÆRLIGE UDVALG","order":20},{"langIso":"DE","shortName":"Sonderausschüsse","fullName":"Sonderausschüsse","upperFullName":"SONDERAUSSCHÜSSE","order":25},{"langIso":"ET","shortName":"Erikomisjonid","fullName":"Erikomisjonid","upperFullName":"ERIKOMISJONID","order":30},{"langIso":"EL","shortName":"Ειδικές επιτροπές","fullName":"Ειδικές επιτροπές","upperFullName":"ΕΙΔΙΚΈΣ ΕΠΙΤΡΟΠΈΣ","order":35},{"langIso":"EN","shortName":"Special committees","fullName":"Special committees","upperFullName":"SPECIAL COMMITTEES","order":40},{"langIso":"FR","shortName":"Commissions spéciales","fullName":"Commissions spéciales","upperFullName":"COMMISSIONS SPÉCIALES","order":45},{"langIso":"GA","shortName":"Coistí speisialta","fullName":"Сoistí speisialta","upperFullName":"COISTÍ SPEISIALTA","order":50},{"langIso":"HR","shortName":"Posebni odbori","fullName":"Posebni odbori","upperFullName":"POSEBNI ODBORI","order":52},{"langIso":"IT","shortName":"Commissioni speciali","fullName":"Commissioni speciali","upperFullName":"COMMISSIONI SPECIALI","order":55},{"langIso":"LV","shortName":"Īpašās komitejas","fullName":"Īpašās komitejas","upperFullName":"ĪPAŠĀS KOMITEJAS","order":60},{"langIso":"LT","shortName":"Specialieji komitetai","fullName":"Specialieji komitetai","upperFullName":"SPECIALIEJI KOMITETAI","order":65},{"langIso":"HU","shortName":"Különbizottságok","fullName":"Különbizottságok","upperFullName":"KÜLÖNBIZOTTSÁGOK","order":70},{"langIso":"MT","shortName":"Kumitati speċjali","fullName":"Kumitati speċjali","upperFullName":"KUMITATI SPEĊJALI","order":75},{"langIso":"NL","shortName":"Bijzondere commissies","fullName":"Bijzondere commissies","upperFullName":"BIJZONDERE COMMISSIES","order":80},{"langIso":"PL","shortName":"Komisje specjalne","fullName":"Komisje specjalne","upperFullName":"KOMISJE SPECJALNE","order":85},{"langIso":"PT","shortName":"Comissões especiais","fullName":"Comissões especiais","upperFullName":"COMISSÕES ESPECIAIS","order":90},{"langIso":"RO","shortName":"Comisii speciale","fullName":"Comisii speciale","upperFullName":"COMISII SPECIALE","order":95},{"langIso":"SK","shortName":"Osobitné výbory","fullName":"Osobitné výbory","upperFullName":"OSOBITNÉ VÝBORY","order":100},{"langIso":"SL","shortName":"Posebni odbori","fullName":"Posebni odbori","upperFullName":"POSEBNI ODBORI","order":105},{"langIso":"FI","shortName":"Erityisvaliokunnat","fullName":"Erityisvaliokunnat","upperFullName":"ERITYISVALIOKUNNAT","order":110},{"langIso":"SV","shortName":"Särskilda utskott","fullName":"Särskilda utskott","upperFullName":"SÄRSKILDA UTSKOTT","order":115}]},
 {"identifier":51,"code":"CE","mepFlag":true,"order":75,"updateDate":"2018-06-21T06:32:56.000+00:00","desc":[{"langIso":"BG","shortName":"Анкетни комисии","fullName":"Анкетни комисии","upperFullName":"АНКЕТНИ КОМИСИИ","order":5},{"langIso":"ES","shortName":"Comisiones de investigación","fullName":"Comisiones de investigación","upperFullName":"COMISIONES DE INVESTIGACIÓN","order":10},{"langIso":"CS","shortName":"Vyšetřovací výbory","fullName":"Vyšetřovací výbory","upperFullName":"VYŠETŘOVACÍ VÝBORY","order":15},{"langIso":"DA","shortName":"Undersøgelsesudvalg","fullName":"Undersøgelsesudvalg","upperFullName":"UNDERSØGELSESUDVALG","order":20},{"langIso":"DE","shortName":"Untersuchungsausschüsse","fullName":"Untersuchungsausschüsse","upperFullName":"UNTERSUCHUNGSAUSSCHÜSSE","order":25},{"langIso":"ET","shortName":"Uurimiskomisjonid","fullName":"Uurimiskomisjonid","upperFullName":"UURIMISKOMISJONID","order":30},{"langIso":"EL","shortName":"Εξεταστικές επιτροπές","fullName":"Εξεταστικές επιτροπές","upperFullName":"ΕΞΕΤΑΣΤΙΚΈΣ ΕΠΙΤΡΟΠΈΣ","order":35},{"langIso":"EN","shortName":"Committees of inquiry","fullName":"Committees of inquiry","upperFullName":"COMMITTEES OF INQUIRY","order":40},{"langIso":"FR","shortName":"Commissions d'enquête","fullName":"Commissions d'enquête","upperFullName":"COMMISSIONS D'ENQUÊTE","order":45},{"langIso":"GA","shortName":"Coistí Fiosrúcháin","fullName":"Coistí Fiosrúcháin","upperFullName":"COISTÍ FIOSRÚCHÁIN","order":50},{"langIso":"HR","shortName":"Istražni odbori","fullName":"Istražni odbori","upperFullName":"ISTRAŽNI ODBORI","order":52},{"langIso":"IT","shortName":"Commissioni di inchiesta","fullName":"Commissioni di inchiesta","upperFullName":"COMMISSIONI DI INCHIESTA","order":55},{"langIso":"LV","shortName":"Izmeklēšanas komitejas","fullName":"Izmeklēšanas komitejas","upperFullName":"IZMEKLĒŠANAS KOMITEJAS","order":60},{"langIso":"LT","shortName":"Tyrimo komitetai","fullName":"Tyrimo komitetai","upperFullName":"TYRIMO KOMITETAI","order":65},{"langIso":"HU","shortName":"Vizsgálóbizottságok","fullName":"Vizsgálóbizottságok","upperFullName":"VIZSGÁLÓBIZOTTSÁGOK","order":70},{"langIso":"MT","shortName":"Kumitati ta' inkjesta","fullName":"Kumitati ta' inkjesta","upperFullName":"KUMITATI TA' INKJESTA","order":75},{"langIso":"NL","shortName":"Enquêtecommissies","fullName":"Enquêtecommissies","upperFullName":"ENQUÊTECOMMISSIES","order":80},{"langIso":"PL","shortName":"Komisje śledcze","fullName":"Komisje śledcze","upperFullName":"KOMISJE ŚLEDCZE","order":85},{"langIso":"PT","shortName":"Comissões de inquérito","fullName":"Comissões de inquérito","upperFullName":"COMISSÕES DE INQUÉRITO","order":90},{"langIso":"RO","shortName":"Comisii de anchetă","fullName":"Comisii de anchetă","upperFullName":"COMISII DE ANCHETĂ","order":95},{"langIso":"SK","shortName":"Vyšetrovacie výbory","fullName":"Vyšetrovacie výbory","upperFullName":"VYŠETROVACIE VÝBORY","order":100},{"langIso":"SL","shortName":"Preiskovalni odbori","fullName":"Preiskovalni odbori","upperFullName":"PREISKOVALNI ODBORI","order":105},{"langIso":"FI","shortName":"Tutkintavaliokunnat","fullName":"Tutkintavaliokunnat","upperFullName":"TUTKINTAVALIOKUNNAT","order":110},{"langIso":"SV","shortName":"Undersökningskommittéer","fullName":"Undersökningskommittéer","upperFullName":"UNDERSÖKNINGSKOMMITTÉER","order":115}]},
 {"identifier":34,"code":"DM","mepFlag":true,"order":80,"updateDate":"2018-06-21T06:32:56.000+00:00","desc":[{"langIso":"BG","shortName":"Делегации към съвместните парламентарни комитети","fullName":"Делегации към съвместните парламентарни комитети на ЕС","upperFullName":"ДЕЛЕГАЦИИ КЪМ СЪВМЕСТНИТЕ ПАРЛАМЕНТАРНИ КОМИТЕТИ НА ЕС","order":5},{"langIso":"ES","shortName":"Delegaciones en las comisiones mixtas","fullName":"Delegaciones en las comisiones parlamentarias mixtas UE","upperFullName":"DELEGACIONES EN LAS COMISIONES PARLAMENTARIAS MIXTAS UE","order":10},{"langIso":"CS","shortName":"Delegace ve smíšených výborech","fullName":"Delegace ve smíšených parlamentních výborech EU","upperFullName":"DELEGACE VE SMÍŠENÝCH PARLAMENTNÍCH VÝBORECH EU","order":15},{"langIso":"DA","shortName":"Delegationer til de blandede parlamentariske udvalg","fullName":"Delegationer til de blandede parlamentariske udvalg","upperFullName":"DELEGATIONER TIL DE BLANDEDE PARLAMENTARISKE UDVALG","order":20},{"langIso":"DE","shortName":"Delegationen in den Gemischten Parlamentarischen Ausschüssen","fullName":"Delegationen in den Gemischten Parlamentarischen Ausschüssen","upperFullName":"DELEGATION IM GEMISCHTEN PARLAMENTARISCHEN AUSSCHUSS","order":25},{"langIso":"ET","shortName":"Delegatsioonid parlamentaarsetes ühiskomisjonides","fullName":"Delegatsioonid parlamentaarsetes ühiskomisjonides","upperFullName":"DELEGATSIOONID PARLAMENTAARSETES ÜHISKOMISJONIDES","order":30},{"langIso":"EL","shortName":"Αντιπροσωπείες στις μικτές επιτροπές","fullName":"Αντιπροσωπείες στις μικτές κοινοβουλευτικές επιτροπές","upperFullName":"ΑΝΤΙΠΡΟΣΩΠΕΙΕΣ ΣΤΙΣ ΜΙΚΤΕΣ ΚΟΙΝΟΒΟΥΛΕΥΤΙΚΕΣ ΕΠΙΤΡΟΠΕΣ","order":35},{"langIso":"EN","shortName":"Delegations to the joint committees","fullName":"Delegations to the EU joint parliamentary committees","upperFullName":"DELEGATIONS TO THE EU JOINT PARLIAMENTARY COMMITTEES","order":40},{"langIso":"FR","shortName":"Délégations aux commissions parlementaires mixtes UE","fullName":"Délégations aux commissions parlementaires mixtes UE","upperFullName":"DÉLÉGATIONS AUX COMMISSIONS PARLEMENTAIRES MIXTES UE","order":45},{"langIso":"GA","shortName":"Toscaireacht do Chomhchoistí Parlaiminteacha","fullName":"Toscaireacht do Chomhchoistí Parlaiminteacha","upperFullName":"TOSCAIREACHT DO CHOMHCHOISTÍ PARLAIMINTEACHA AN AE","order":50},{"langIso":"HR","shortName":"Izaslanstva u zajedničkim odborima EU-a","fullName":"Izaslanstva u zajedničkim odborima EU-a","upperFullName":"IZASLANSTVA U ZAJEDNIČKIM ODBORIMA EU-A","order":52},{"langIso":"IT","shortName":"Delegazioni alle commissioni parlamentari miste","fullName":"Delegazioni alle commissioni parlamentari miste UE","upperFullName":"DELEGAZIONI ALLE COMMISSIONI PARLAMENTARI MISTE UE","order":55},{"langIso":"LV","shortName":"Delegācijas apvienotajās parlamentārajās komitejās","fullName":"Delegācijas ES apvienotajās parlamentārajās komitejās","upperFullName":"DELEGĀCIJAS ES APVIENOTAJĀS PARLAMENTĀRAJĀS KOMITEJĀS","order":60},{"langIso":"LT","shortName":"Delegacijos jungtiniuose parlamentiniuose komitetuose","fullName":"Delegacijos jungtiniuose parlamentiniuose komitetuose","upperFullName":"DELEGACIJOS JUNGTINIUOSE PARLAMENTINIUOSE KOMITETUOSE","order":65},{"langIso":"HU","shortName":"Vegyes bizottságokba delegált küldöttségek","fullName":"Parlamenti vegyes bizottságokba delegált küldöttségek","upperFullName":"PARLAMENTI VEGYES BIZOTTSÁGOKBA DELEGÁLT KÜLDÖTTSÉGEK","order":70},{"langIso":"MT","shortName":"Delegazzjonijiet lill-Kumitati Konġunti","fullName":"Delegazzjonijiet lill-Kumitati Parlamentari Konġunti ta' l-UE","upperFullName":"DELEGAZZJONIJIET LILL-KUMITATI PARLAMENTARI KONĠUNTI TA' L-UE","order":75},{"langIso":"NL","shortName":"Delegaties in de gemengde parlementaire commissies","fullName":"Delegaties in de gemengde parlementaire commissies","upperFullName":"DELEGATIES IN DE GEMENGDE PARLEMENTAIRE COMMISSIES","order":80},{"langIso":"PL","shortName":"Delegacje do wspólnych komisji","fullName":"Delegacje do wspólnych komisji parlamentarnych","upperFullName":"DELEGACJE DO WSPÓLNYCH KOMISJI PARLAMENTARNYCH","order":85},{"langIso":"PT","shortName":"Delegações às comissões parlamentares mistas","fullName":"Delegações às comissões parlamentares mistas","upperFullName":"DELEGAÇÕES ÀS COMISSÕES PARLAMENTARES MISTAS","order":90},{"langIso":"RO","shortName":"Delegații la comisiile mixte","fullName":"Delegații la comisiile parlamentare mixte ale UE","upperFullName":"DELEGAȚII LA COMISIILE PARLAMENTARE MIXTE ALE UE","order":95},{"langIso":"SK","shortName":"Delegácie v spoločných parlamentných výboroch","fullName":"Delegácie v spoločných parlamentných výboroch EÚ","upperFullName":"DELEGÁCIE V SPOLOČNÝCH PARLAMENTNÝCH VÝBOROCH EÚ","order":100},{"langIso":"SL","shortName":"Delegacije pri skupnih parlamentarnih odborih","fullName":"Delegacije pri skupnih parlamentarnih odborih EU","upperFullName":"DELEGACIJE PRI SKUPNIH PARLAMENTARNIH ODBORIH EU","order":105},{"langIso":"FI","shortName":"Valtuuskunnat sekavaliokunnissa","fullName":"Valtuuskunnat EU:n parlamentaarisissa sekavaliokunnissa","upperFullName":"VALTUUSKUNNAT EU:N PARLAMENTAARISISSA SEKAVALIOKUNNISSA","order":110},{"langIso":"SV","shortName":"Delegationer till EU:s gemensamma parlamentarikerkommittéer","fullName":"Delegationer till EU:s gemensamma parlamentarikerkommittéer","upperFullName":"DELEGATIONER TILL EU:S GEMENSAMMA PARLAMENTARIKERKOMMITTÉER","order":115}]},
 {"identifier":42,"code":"DC","mepFlag":true,"order":85,"updateDate":"2018-06-21T06:32:56.000+00:00","desc":[{"langIso":"BG","shortName":"Делегации към парламентарните комисии на сътруднич","fullName":"Делегации към парламентарните комисии на сътрудничество","upperFullName":"ДЕЛЕГАЦИИ КЪМ ПАРЛАМЕНТАРНИТЕ КОМИСИИ НА СЪТРУДНИЧЕСТВО","order":5},{"langIso":"ES","shortName":"Delegaciones en las comisiones parlamentarias de cooperación","fullName":"Delegaciones en las comisiones parlamentarias de cooperación","upperFullName":"DELEGACIONES EN LAS COMISIONES PARLAMENTARIAS DE COOPERACIÓN","order":10},{"langIso":"CS","shortName":"Delegace v parlamentních výborech pro spolupráci","fullName":"Delegace v parlamentních výborech pro spolupráci","upperFullName":"DELEGACE V PARLAMENTNÍCH VÝBORECH PRO SPOLUPRÁCI","order":15},{"langIso":"DA","shortName":"Delegationer til de parlamentatiske samarbejdsudvalg","fullName":"Delegationer til de parlamentatiske samarbejdsudvalg","upperFullName":"DELEGATIONER TIL DE PARLAMENTARISKE SAMARBEJDSUDVALG","order":20},{"langIso":"DE","shortName":"Delegationen in den Ausschüssen für parlamentarische Zusammenarbeit","fullName":"Delegationen in den Ausschüssen für parlamentarische Zusammenarbeit","upperFullName":"DELEGATIONEN IN DEN AUSSCHÜSSEN FÜR PARLAMENTARISCHE ZUSAMMENARBEIT","order":25},{"langIso":"ET","shortName":"Delegatsioonid parlamentaarsetes koostöökomisjonides","fullName":"Delegatsioonid parlamentaarsetes koostöökomisjonides","upperFullName":"DELEGATSIOONID PARLAMENTAARSETES KOOSTÖÖKOMISJONIDES","order":30},{"langIso":"EL","shortName":"Delegations to the parliamentary cooperation committees","fullName":"ΑΝΤΙΠΡΟΣΩΠΕΙΕΣ ΣΤΙΣ ΚΟΙΝΟΒΟΥΛΕΥΤΙΚΕΣ ΕΠΙΤΡΟΠΕΣ ΣΥΝΕΡΓΑΣΙΑΣ","upperFullName":"DELEGATIONS TO THE PARLIAMENTARY COOPERATION COMMITTEES","order":35},{"langIso":"EN","shortName":"Delegations to the parliamentary cooperation committees","fullName":"Delegations to the parliamentary cooperation committees","upperFullName":"DELEGATIONS TO THE PARLIAMENTARY COOPERATION COMMITTEES","order":40},{"langIso":"FR","shortName":"Délégations aux commissions parlementaires de coopération","fullName":"Délégations aux commissions parlementaires de coopération","upperFullName":"DELEGATIONS AUX COMMISSIONS PARLEMENTAIRES DE COOPERATION","order":45},{"langIso":"GA","shortName":"Toscaireachtaí do Choistí Parlaiminteacha um Chomhoibriú","fullName":"Toscaireachtaí do Choistí Parlaiminteacha um Chomhoibriú","upperFullName":"TOSCAIREACHTAÍ DO CHOISTÍ PARLAIMINTEACHA UM CHOMHOIBRIÚ","order":50},{"langIso":"HR","shortName":"Izaslanstva u odborima za parlamentarnu suradnju","fullName":"Izaslanstva u odborima za parlamentarnu suradnju","upperFullName":"IZASLANSTVA U ODBORIMA ZA PARLAMENTARNU SURADNJU","order":52},{"langIso":"IT","shortName":"Delegazioni alle commissioni parlamentari di cooperazione","fullName":"DELEGAZIONI ALLE COMMISSIONI PARLAMENTARI DI COOPERAZIONE","upperFullName":"DELEGAZIONI ALLE COMMISSIONI PARLAMENTARI DI COOPERAZIONE","order":55},{"langIso":"LV","shortName":"Delegācijas parlamentārajās sadarbības komitejās","fullName":"Delegācijas parlamentārajās sadarbības komitejās","upperFullName":"DELEGĀCIJAS PARLAMENTĀRAJĀS SADARBĪBAS KOMITEJĀS","order":60},{"langIso":"LT","shortName":"Delegacijos parlamentinio bendradarbiavimo komitetuose","fullName":"Delegacijos parlamentinio bendradarbiavimo komitetuose","upperFullName":"DELEGACIJOS PARLAMENTINIO BENDRADARBIAVIMO KOMITETUOSE","order":65},{"langIso":"HU","shortName":"Parlamenti együttműködési bizottságokba delegált küldöttségek","fullName":"Parlamenti együttműködési bizottságokba delegált küldöttségek","upperFullName":"PARLAMENTI EGYÜTTMŰKÖDÉSI BIZOTTSÁGOKBA DELEGÁLT KÜLDÖTTSÉGEK","order":70},{"langIso":"MT","shortName":"Delegazzjonijiet lill-Kumitati Parlamentari ta' Kooperazzjoni","fullName":"Delegazzjonijiet lill-Kumitati Parlamentari ta' Kooperazzjoni","upperFullName":"DELEGAZZJONIJIET LILL-KUMITATI PARLAMENTARI TA' KOOPERAZZJONI","order":75},{"langIso":"NL","shortName":"Delegaties in de parlementaire samenwerkingscommissies","fullName":"Delegaties in de parlementaire samenwerkingscommissies","upperFullName":"DELEGATIES IN DE PARLEMENTAIRE SAMENWERKINGSCOMMISSIES","order":80},{"langIso":"PL","shortName":"Delegacje do komisji współpracy parlamentarnej","fullName":"Delegacje do komisji współpracy parlamentarnej","upperFullName":"DELEGACJE DO KOMISJI WSPÓŁPRACY PARLAMENTARNEJ","order":85},{"langIso":"PT","shortName":"Delegações às comissões parlamentares de cooperação","fullName":"Delegações às comissões parlamentares de cooperação","upperFullName":"DELEGAÇÕES ÀS COMISSÕES PARLAMENTARES DE COOPERAÇÃO","order":90},{"langIso":"RO","shortName":"Delegații la comisiile parlamentare de cooperare","fullName":"Delegații la comisiile parlamentare de cooperare","upperFullName":"DELEGAȚII LA COMISIILE PARLAMENTARE DE COOPERARE","order":95},{"langIso":"SK","shortName":"Delegácie vo výboroch pre spoluprácu","fullName":"Delegácie v parlamentných výboroch pre spoluprácu","upperFullName":"DELEGÁCIE V PARLAMENTNÝCH VÝBOROCH PRE SPOLUPRÁCU","order":100},{"langIso":"SL","shortName":"Delegacije pri parlamentarnih odborih za sodelovanje","fullName":"Delegacije pri parlamentarnih odborih za sodelovanje","upperFullName":"DELEGACIJE PRI PARLAMENTARNIH ODBORIH ZA SODELOVANJE","order":105},{"langIso":"FI","shortName":"Valtuuskunnat parlamentaarisissa yhteistyövaliokunnissa","fullName":"Valtuuskunnat parlamentaarisissa yhteistyövaliokunnissa","upperFullName":"VALTUUSKUNNAT PARLAMENTAARISISSA YHTEISTYÖVALIOKUNNISSA","order":110},{"langIso":"SV","shortName":"Delegationer till de parlamentariska samarbetskommittéerna","fullName":"Delegationer till de parlamentariska samarbetskommittéerna","upperFullName":"DELEGATIONER TILL DE PARLAMENTARISKA SAMARBETSKOMMITTÉERNA","order":115}]},
 {"identifier":32,"code":"DE","mepFlag":true,"order":90,"updateDate":"2018-06-21T06:32:56.000+00:00","desc":[{"langIso":"BG","shortName":"Междупарламентарни делегации","fullName":"Междупарламентарни делегации","upperFullName":"МЕЖДУПАРЛАМЕНТАРНИ ДЕЛЕГАЦИИ","order":5},{"langIso":"ES","shortName":"Delegaciones interparlamentarias","fullName":"Delegaciones interparlamentarias","upperFullName":"DELEGACIONES INTERPARLAMENTARIAS","order":10},{"langIso":"CS","shortName":"Meziparlamentní delegace","fullName":"Meziparlamentní delegace","upperFullName":"MEZIPARLAMENTNÍ DELEGACE","order":15},{"langIso":"DA","shortName":"Interparlamentariske delegationer","fullName":"Interparlamentariske delegationer","upperFullName":"INTERPARLAMENTARISKE DELEGATIONER","order":20},{"langIso":"DE","shortName":"Interparlamentarische Delegationen","fullName":"Interparlamentarische Delegationen","upperFullName":"INTERPARLAMENTARISCHE DELEGATIONEN","order":25},{"langIso":"ET","shortName":"Parlamentidevahelised delegatsioonid","fullName":"Parlamentidevahelised delegatsioonid","upperFullName":"PARLAMENTIDEVAHELISED DELEGATSIOONID","order":30},{"langIso":"EL","shortName":"Διακοινοβουλευτικές αντιπροσωπείες","fullName":"Διακοινοβουλευτικές αντιπροσωπείες","upperFullName":"ΔΙΑΚΟΙΝΟΒΟΥΛΕΥΤΙΚΕΣ ΑΝΤΙΠΡΟΣΩΠΕΙΕΣ","order":35},{"langIso":"EN","shortName":"Interparliamentary Delegations","fullName":"Interparliamentary Delegations","upperFullName":"INTERPARLIAMENTARY DELEGATIONS","order":40},{"langIso":"FR","shortName":"Délégations interparlementaires","fullName":"Délégations interparlementaires","upperFullName":"DÉLÉGATIONS INTERPARLEMENTAIRES","order":45},{"langIso":"GA","shortName":"Toscaireachtaí Idirpharlaiminteacha","fullName":"Toscaireachtaí Idirpharlaiminteacha","upperFullName":"TOSCAIREACHTAÍ IDIRPHARLAIMINTEACHA","order":50},{"langIso":"HR","shortName":"Međuparlamentarna izaslanstva","fullName":"Međuparlamentarna izaslanstva","upperFullName":"MEĐUPARLAMENTARNA IZASLANSTVA","order":52},{"langIso":"IT","shortName":"Delegazioni interparlamentari","fullName":"DELEGAZIONI INTERPARLAMENTARI","upperFullName":"DELEGAZIONI INTERPARLAMENTARI","order":55},{"langIso":"LV","shortName":"Parlamentu sadarbības delegācijas","fullName":"Parlamentu sadarbības delegācijas","upperFullName":"PARLAMENTU SADARBĪBAS DELEGĀCIJAS","order":60},{"langIso":"LT","shortName":"Tarpparlamentinės delegacijos","fullName":"Tarpparlamentinės delegacijos","upperFullName":"TARPPARLAMENTINĖS DELEGACIJOS","order":65},{"langIso":"HU","shortName":"Parlamentközi küldöttségek","fullName":"Parlamentközi küldöttségek","upperFullName":"PARLAMENTKÖZI KÜLDÖTTSÉGEK","order":70},{"langIso":"MT","shortName":"Delegazzjonijiet Interparlamentari","fullName":"Delegazzjonijiet Interparlamentari","upperFullName":"DELEGAZZJONIJIET INTERPARLAMENTARI","order":75},{"langIso":"NL","shortName":"Interparlementaire delegaties","fullName":"Interparlementaire delegaties","upperFullName":"INTERPARLEMENTAIRE DELEGATIES","order":80},{"langIso":"PL","shortName":"Delegacje międzyparlamentarne","fullName":"Delegacje międzyparlamentarne","upperFullName":"DELEGACJE MIĘDZYPARLAMENTARNE","order":85},{"langIso":"PT","shortName":"Delegações interparlamentares","fullName":"Delegações interparlamentares","upperFullName":"DELEGAÇÕES INTERPARLAMENTARES","order":90},{"langIso":"RO","shortName":"Delegații interparlamentare","fullName":"Delegații interparlamentare","upperFullName":"DELEGAȚII INTERPARLAMENTARE","order":95},{"langIso":"SK","shortName":"Medziparlamentné delegácie","fullName":"Medziparlamentné delegácie","upperFullName":"MEDZIPARLAMENTNÉ DELEGÁCIE","order":100},{"langIso":"SL","shortName":"Medparlamentarne delegacije","fullName":"Medparlamentarne delegacije","upperFullName":"MEDPARLAMENTARNE DELEGACIJE","order":105},{"langIso":"FI","shortName":"Parlamenttien väl. suhteista vast. valtuuskunnat","fullName":"Parlamenttien välisistä suhteista vastaavat valtuuskunnat","upperFullName":"PARLAMENTTIEN VÄLISISTÄ SUHTEISTA VASTAAVAT VALTUUSKUNNAT","order":110},{"langIso":"SV","shortName":"Interparlamentariska delegationer","fullName":"Interparlamentariska delegationer","upperFullName":"INTERPARLAMENTARISKA DELEGATIONER","order":115}]},
 {"identifier":37,"code":"AP","mepFlag":true,"order":100,"updateDate":"2018-06-21T06:32:56.000+00:00","desc":[{"langIso":"BG","shortName":"делегации  за връзки с Парламентарните  асамблеи","fullName":"делегации  за връзки с Парламентарните  асамблеи","upperFullName":"ДЕЛЕГАЦИИ  ЗА ВРЪЗКИ С ПАРЛАМЕНТАРНИТЕ  АСАМБЛЕИ","order":5},{"langIso":"ES","shortName":"Delegaciones en las asambleas parlamentarias","fullName":"Delegaciones en las asambleas parlamentarias","upperFullName":"DELEGACIONES EN LAS ASAMBLEAS PARLAMENTARIAS","order":10},{"langIso":"CS","shortName":"Delegace v parlamentních shromážděních","fullName":"Delegace v parlamentních shromážděních","upperFullName":"DELEGACE V PARLAMENTNÍCH SHROMÁŽDĚNÍCH","order":15},{"langIso":"DA","shortName":"Delegationer til de parlamentariske forsamlinger","fullName":"Delegationer til de parlamentariske forsamlinger","upperFullName":"DELEGATIONER TIL DE PARLAMENTARISKE FORSAMLINGER","order":20},{"langIso":"DE","shortName":"Delegationen in den Parlamentarischen Versammlungen","fullName":"Delegationen in den Parlamentarischen Versammlungen","upperFullName":"DELEGATIONEN IN DEN PARLAMENTARISCHEN VERSAMMLUNGEN","order":25},{"langIso":"ET","shortName":"Delegatsioonid  parlamentaarsetes assambleedes","fullName":"Delegatsioonid  parlamentaarsetes assambleedes","upperFullName":"DELEGATSIOONID  PARLAMENTAARSETES ASSAMBLEEDES","order":30},{"langIso":"EL","shortName":"Αντιπροσωπείες στις Κοινοβουλευτικές Συνελεύσεις","fullName":"Αντιπροσωπείες στις Κοινοβουλευτικές Συνελεύσεις","upperFullName":"ΑΝΤΙΠΡΟΣΩΠΕΊΕΣ ΣΤΙΣ ΚΟΙΝΟΒΟΥΛΕΥΤΙΚΈΣ ΣΥΝΕΛΕΎΣΕΙΣ","order":35},{"langIso":"EN","shortName":"Delegations to the parliamentary assemblies","fullName":"Delegations to the parliamentary assemblies","upperFullName":"DELEGATIONS TO THE PARLIAMENTARY ASSEMBLIES","order":40},{"langIso":"FR","shortName":"Délégations aux assemblées parlementaires","fullName":"Délégations aux assemblées parlementaires","upperFullName":"DÉLÉGATIONS AUX ASSEMBLÉES PARLEMENTAIRES","order":45},{"langIso":"GA","shortName":"Toscaireachtaí chun na dTionól Parlaiminteach","fullName":"Toscaireachtaí chun na dTionól Parlaiminteach","upperFullName":"TOSCAIREACHTAÍ CHUN NA DTIONÓL PARLAIMINTEACH","order":50},{"langIso":"HR","shortName":"Izaslanstva u parlamentarnim skupštinama","fullName":"Izaslanstva u parlamentarnim skupštinama","upperFullName":"IZASLANSTVA U PARLAMENTARNIM SKUPŠTINAMA","order":52},{"langIso":"IT","shortName":"Delegazioni alle assemblee parlamentari","fullName":"Delegazioni alle assemblee parlamentari","upperFullName":"DELEGAZIONI ALLE ASSEMBLEE PARLAMENTARI","order":55},{"langIso":"LV","shortName":"Delegācijas parlamentārajās asamblejās","fullName":"Delegācijas parlamentārajās asamblejās","upperFullName":"DELEGĀCIJAS PARLAMENTĀRAJĀS ASAMBLEJĀS","order":60},{"langIso":"LT","shortName":"Delegacijos parlamentinėse asamblėjose","fullName":"Delegacijos parlamentinėse asamblėjose","upperFullName":"DELEGACIJOS PARLAMENTINĖSE ASAMBLĖJOSE","order":65},{"langIso":"HU","shortName":"Parlamenti közgyűlésekbe delegált küldöttségek","fullName":"Parlamenti közgyűlésekbe delegált küldöttségek","upperFullName":"PARLAMENTI KÖZGYŰLÉSEKBE DELEGÁLT KÜLDÖTTSÉGEK","order":70},{"langIso":"MT","shortName":"Delegazzjonijietgħall-Assembleat Parlamentari","fullName":"Delegazzjonijietgħall-Assembleat Parlamentari","upperFullName":"DELEGAZZJONIJIETGĦALL-ASSEMBLEAT PARLAMENTARI","order":75},{"langIso":"NL","shortName":"Delegaties in de Parlementaire Vergaderingen","fullName":"Delegaties in de Parlementaire Vergaderingen","upperFullName":"DELEGATIES IN DE PARLEMENTAIRE VERGADERINGEN","order":80},{"langIso":"PL","shortName":"Delegacje do Zgromadzeń Parlamentarnych","fullName":"Delegacje do Zgromadzeń Parlamentarnych","upperFullName":"DELEGACJE DO ZGROMADZEŃ PARLAMENTARNYCH","order":85},{"langIso":"PT","shortName":"Delegações às assembleias parlamentares","fullName":"Delegações às assembleias parlamentares","upperFullName":"DELEGAÇÕES ÀS ASSEMBLEIAS PARLAMENTARES","order":90},{"langIso":"RO","shortName":"Delegații la adunări parlamentare","fullName":"Delegații la adunări parlamentare","upperFullName":"DELEGAȚII LA ADUNĂRI PARLAMENTARE","order":95},{"langIso":"SK","shortName":"Delegácie pri parlamentných zhromaždeniach","fullName":"Delegácie pri parlamentných zhromaždeniach","upperFullName":"DELEGÁCIE PRI PARLAMENTNÝCH ZHROMAŽDENIACH","order":100},{"langIso":"SL","shortName":"Delegacije pri parlamentarnih skupščinah","fullName":"Delegacije pri parlamentarnih skupščinah","upperFullName":"DELEGACIJE PRI PARLAMENTARNIH SKUPŠČINAH","order":105},{"langIso":"FI","shortName":"Valtuuskunnat  parlamentaarisissa edustajakokouksissa","fullName":"Valtuuskunnat  parlamentaarisissa edustajakokouksissa","upperFullName":"VALTUUSKUNNAT  PARLAMENTAARISISSA EDUSTAJAKOKOUKSISSA","order":110},{"langIso":"SV","shortName":"Delegationerna till de parlamentariska församlingarna","fullName":"Delegationerna till de parlamentariska församlingarna","upperFullName":"DELEGATIONERNA TILL DE PARLAMENTARISKA FÖRSAMLINGARNA","order":115}]},
 {"identifier":33,"code":"CM","mepFlag":true,"order":110,"updateDate":"2018-06-21T06:32:56.000+00:00","desc":[{"langIso":"BG","shortName":"Съвместни парламентарни комитети","fullName":"Съвместни парламентарни комитети","upperFullName":"СЪВМЕСТНИ ПАРЛАМЕНТАРНИ КОМИТЕТИ","order":5},{"langIso":"ES","shortName":"Comisiones parlamentarias mixtas","fullName":"Comisiones parlamentarias mixtas","upperFullName":"COMISIONES PARLAMENTARIAS MIXTAS","order":10},{"langIso":"CS","shortName":"Smíšené parlamentní výbory","fullName":"Smíšené parlamentní výbory","upperFullName":"SMÍŠENÉ PARLAMENTNÍ VÝBORY","order":15},{"langIso":"DA","shortName":"Blandede parlamentariske udvalg","fullName":"Blandede parlamentariske udvalg","upperFullName":"BLANDEDE PARLAMENTARISKE UDVALG","order":20},{"langIso":"DE","shortName":"Gemischte Parlamentarische Ausschüsse","fullName":"Gemischte Parlamentarische Ausschüsse","upperFullName":"GEMISCHTE PARLAMENTARISCHE AUSSCHÜSSE","order":25},{"langIso":"ET","shortName":"Parlamentaarsed ühiskomisjonid","fullName":"Parlamentaarsed ühiskomisjonid","upperFullName":"PARLAMENTAARSED ÜHISKOMISJONID","order":30},{"langIso":"EL","shortName":"Μικτές κοινοβουλευτικές επιτροπές","fullName":"Μικτές κοινοβουλευτικές επιτροπές","upperFullName":"ΜΙΚΤΕΣ ΚΟΙΝΟΒΟΥΛΕΥΤΙΚΕΣ ΕΠΙΤΡΟΠΕΣ","order":35},{"langIso":"EN","shortName":"Joint parliamentary committees","fullName":"Joint parliamentary committees","upperFullName":"JOINT PARLIAMENTARY COMMITTEES","order":40},{"langIso":"FR","shortName":"Commissions parlementaires mixtes","fullName":"Commissions parlementaires mixtes","upperFullName":"COMMISSIONS PARLEMENTAIRES MIXTES","order":45},{"langIso":"GA","shortName":"Comhchoistí Parlaiminteacha","fullName":"Comhchoistí Parlaiminteacha","upperFullName":"COMHCHOISTÍ PARLAIMINTEACHA","order":50},{"langIso":"HR","shortName":"Zajednički parlamentarni odbori","fullName":"Zajednički parlamentarni odbori","upperFullName":"ZAJEDNIČKI PARLAMENTARNI ODBORI","order":52},{"langIso":"IT","shortName":"Commissioni parlamentari miste","fullName":"Commissioni parlamentari miste","upperFullName":"COMMISSIONI PARLAMENTARI MISTE","order":55},{"langIso":"LV","shortName":"Apvienotās parlamentārās komitejas","fullName":"Apvienotās parlamentārās komitejas","upperFullName":"APVIENOTĀS PARLAMENTĀRĀS KOMITEJAS","order":60},{"langIso":"LT","shortName":"Jungtiniai parlamentiniai komitetai","fullName":"Jungtiniai parlamentiniai komitetai","upperFullName":"JUNGTINIAI PARLAMENTINIAI KOMITETAI","order":65},{"langIso":"HU","shortName":"Parlamenti vegyes bizottságok","fullName":"Parlamenti vegyes bizottságok","upperFullName":"PARLAMENTI VEGYES BIZOTTSÁGOK","order":70},{"langIso":"MT","shortName":"Kumitati Parlamentari Konġunti","fullName":"Kumitati Parlamentari Konġunti","upperFullName":"KUMITATI PARLAMENTARI KONĠUNTI","order":75},{"langIso":"NL","shortName":"Gemengde parlementaire commissies","fullName":"Gemengde parlementaire commissies","upperFullName":"GEMENGDE PARLEMENTAIRE COMMISSIES","order":80},{"langIso":"PL","shortName":"Wspólne komisje parlamentarne","fullName":"Wspólne komisje parlamentarne","upperFullName":"WSPÓLNE KOMISJE PARLAMENTARNE","order":85},{"langIso":"PT","shortName":"Comissões parlamentares mistas","fullName":"Comissões parlamentares mistas","upperFullName":"COMISSÕES PARLAMENTARES MISTAS","order":90},{"langIso":"RO","shortName":"Comisii parlamentare mixte","fullName":"Comisii parlamentare mixte","upperFullName":"COMISII PARLAMENTARE MIXTE","order":95},{"langIso":"SK","shortName":"Parlamentné spoločné výbory","fullName":"Spoločné parlamentné výbory","upperFullName":"SPOLOČNÉ PARLAMENTNÉ VÝBORY","order":100},{"langIso":"SL","shortName":"Skupni parlamentarni odbori","fullName":"Skupni parlamentarni odbori","upperFullName":"SKUPNI PARLAMENTARNI ODBORI","order":105},{"langIso":"FI","shortName":"Parlamentaariset sekavaliokunnat","fullName":"Parlamentaariset sekavaliokunnat","upperFullName":"PARLAMENTAARISET SEKAVALIOKUNNAT","order":110},{"langIso":"SV","shortName":"Gemensamma parlamentarikerkommittéer","fullName":"Gemensamma parlamentarikerkommittéer","upperFullName":"GEMENSAMMA PARLAMENTARIKERKOMMITTÉER","order":115}]},
 {"identifier":38,"code":"AO","mepFlag":true,"order":120,"updateDate":"2018-06-21T06:32:56.000+00:00","desc":[{"langIso":"BG","shortName":"Други органи","fullName":"Други органи","upperFullName":"ДРУГИ ОРГАНИ","order":5},{"langIso":"ES","shortName":"Otros órganos","fullName":"Otros órganos","upperFullName":"OTROS ÓRGANOS","order":10},{"langIso":"CS","shortName":"Ostatní orgány","fullName":"Ostatní orgány","upperFullName":"OSTATNÍ ORGÁNY","order":15},{"langIso":"DA","shortName":"Andre organer","fullName":"Andre organer","upperFullName":"ANDRE ORGANER","order":20},{"langIso":"DE","shortName":"Sonstige Gremien","fullName":"Sonstige Gremien","upperFullName":"SONSTIGE GREMIEN","order":25},{"langIso":"ET","shortName":"Muud organid","fullName":"Muud organid","upperFullName":"MUUD ORGANID","order":30},{"langIso":"EL","shortName":"Άλλα όργανα","fullName":"Άλλα όργανα","upperFullName":"ΑΛΛΑ ΟΡΓΑΝΑ","order":35},{"langIso":"EN","shortName":"Other bodies","fullName":"Other bodies","upperFullName":"OTHER BODIES","order":40},{"langIso":"FR","shortName":"Autres organes","fullName":"Autres organes","upperFullName":"AUTRES ORGANES","order":45},{"langIso":"GA","shortName":"Eagraíochtaí eile","fullName":"Eagraíochtaí eile","upperFullName":"EAGRAÍOCHTAÍ EILE","order":50},{"langIso":"HR","shortName":"Druga tijela","fullName":"Druga tijela","upperFullName":"DRUGA TIJELA","order":52},{"langIso":"IT","shortName":"altri organi","fullName":"altri organi","upperFullName":"ALTRI ORGANI","order":55},{"langIso":"LV","shortName":"Citas struktūras","fullName":"Citas struktūras","upperFullName":"CITAS STRUKTŪRAS","order":60},{"langIso":"LT","shortName":"Kiti organai","fullName":"Kiti organai","upperFullName":"KITI ORGANAI","order":65},{"langIso":"HU","shortName":"Egyéb szervek","fullName":"Egyéb szervek","upperFullName":"EGYÉB SZERVEK","order":70},{"langIso":"MT","shortName":"Organi oħra","fullName":"Organi oħra","upperFullName":"ORGANI OĦRA","order":75},{"langIso":"NL","shortName":"Andere organen","fullName":"Andere organen","upperFullName":"ANDERE ORGANEN","order":80},{"langIso":"PL","shortName":"Inne organy","fullName":"Inne organy","upperFullName":"INNE ORGANY","order":85},{"langIso":"PT","shortName":"Outros órgãos","fullName":"Outros órgãos","upperFullName":"OUTROS ÓRGÃOS","order":90},{"langIso":"RO","shortName":"Alte organe","fullName":"Alte organe","upperFullName":"ALTE ORGANE","order":95},{"langIso":"SK","shortName":"Iné orgány","fullName":"Iné orgány","upperFullName":"INÉ ORGÁNY","order":100},{"langIso":"SL","shortName":"Drugi organi","fullName":"Drugi organi","upperFullName":"DRUGI ORGANI","order":105},{"langIso":"FI","shortName":"Muut elimet","fullName":"Muut elimet","upperFullName":"MUUT ELIMET","order":110},{"langIso":"SV","shortName":"Andra organ","fullName":"Andra organ","upperFullName":"ANDRA ORGAN","order":115}]},
 {"identifier":40,"code":"PN","mepFlag":true,"order":130,"updateDate":"2018-06-21T06:32:56.000+00:00","desc":[{"langIso":"BG","shortName":"Национални партии","fullName":"Национални партии","upperFullName":"НАЦИОНАЛНИ ПАРТИИ","order":5},{"langIso":"ES","shortName":"Partidos nacionales","fullName":"Partidos nacionales","upperFullName":"PARTIDOS NACIONALES","order":10},{"langIso":"CS","shortName":"Národní strany","fullName":"Národní strany","upperFullName":"NÁRODNÍ STRANY","order":15},{"langIso":"DA","shortName":"Nationale partier","fullName":"Nationale partier","upperFullName":"NATIONALE PARTIER","order":20},{"langIso":"DE","shortName":"Nationale Parteien","fullName":"Nationale Parteien","upperFullName":"NATIONALE PARTEIEN","order":25},{"langIso":"ET","shortName":"Riikide erakonnad","fullName":"Riikide erakonnad","upperFullName":"RIIKIDE ERAKONNAD","order":30},{"langIso":"EL","shortName":"Εθνικά κόμματα","fullName":"Εθνικά κόμματα","upperFullName":"ΕΘΝΙΚΑ ΚΟΜΜΑΤΑ","order":35},{"langIso":"EN","shortName":"National parties","fullName":"National parties","upperFullName":"NATIONAL PARTIES","order":40},{"langIso":"FR","shortName":"Partis nationaux","fullName":"Partis nationaux","upperFullName":"PARTIS NATIONAUX","order":45},{"langIso":"GA","shortName":"Páirtithe Náisiúnta","fullName":"Páirtithe Náisiúnta","upperFullName":"PÁIRTITHE NÁISIÚNTA","order":50},{"langIso":"HR","shortName":"Nacionalne stranke","fullName":"Nacionalne stranke","upperFullName":"NACIONALNE STRANKE","order":52},{"langIso":"IT","shortName":"Partiti nazionali","fullName":"Partiti nazionali","upperFullName":"PARTITI NAZIONALI","order":55},{"langIso":"LV","shortName":"Dalībvalstu partijas","fullName":"Dalībvalstu partijas","upperFullName":"DALĪBVALSTU PARTIJAS","order":60},{"langIso":"LT","shortName":"Nacionalinės partijos","fullName":"Nacionalinės partijos","upperFullName":"NACIONALINĖS PARTIJOS","order":65},{"langIso":"HU","shortName":"Nemzeti pártok","fullName":"Nemzeti pártok","upperFullName":"NEMZETI PÁRTOK","order":70},{"langIso":"MT","shortName":"Partiti nazzjonali","fullName":"Partiti nazzjonali","upperFullName":"PARTITI NAZZJONALI","order":75},{"langIso":"NL","shortName":"Nationale partijen","fullName":"Nationale partijen","upperFullName":"NATIONALE PARTIJEN","order":80},{"langIso":"PL","shortName":"Partie krajowe","fullName":"Partie krajowe","upperFullName":"PARTIE KRAJOWE","order":85},{"langIso":"PT","shortName":"Partidos nacionais","fullName":"Partidos nacionais","upperFullName":"PARTIDOS NACIONAIS","order":90},{"langIso":"RO","shortName":"Partide naționale","fullName":"Partide naționale","upperFullName":"PARTIDE NAȚIONALE","order":95},{"langIso":"SK","shortName":"Národné strany","fullName":"Národné strany","upperFullName":"NÁRODNÉ STRANY","order":100},{"langIso":"SL","shortName":"Nacionalne stranke","fullName":"Nacionalne stranke","upperFullName":"NACIONALNE STRANKE","order":105},{"langIso":"FI","shortName":"Kansalliset puolueet","fullName":"Kansalliset puolueet","upperFullName":"KANSALLISET PUOLUEET","order":110},{"langIso":"SV","shortName":"Nationella partier","fullName":"Nationella partier","upperFullName":"NATIONELLA PARTIER","order":115}]},
 {"identifier":43,"code":"PO","mepFlag":true,"order":140,"updateDate":"2018-06-21T06:32:56.000+00:00","desc":[{"langIso":"BG","shortName":"Национални партии на наблюдателите","fullName":"Национални партии на наблюдателите","upperFullName":"НАЦИОНАЛНИ ПАРТИИ НА НАБЛЮДАТЕЛИТЕ","order":5},{"langIso":"ES","shortName":"Partidos nacionales de los observadores","fullName":"Partidos nacionales de los observadores","upperFullName":"PARTIDOS NACIONALES DE LOS OBSERVADORES","order":10},{"langIso":"CS","shortName":"Národní strany pozorovatelů","fullName":"Národní strany pozorovatelů","upperFullName":"NÁRODNÍ STRANY POZOROVATELŮ","order":15},{"langIso":"DA","shortName":"Nationale partier - observatører","fullName":"Nationale partier - observatører","upperFullName":"NATIONALE PARTIER - OBSERVATØRER","order":20},{"langIso":"DE","shortName":"Nationale Parteien der Beobachter","fullName":"Nationale Parteien der Beobachter","upperFullName":"NATIONALE PARTEIEN DER BEOBACHTER","order":25},{"langIso":"ET","shortName":"Vaatlejate riikide erakonnad","fullName":"Vaatlejate riikide erakonnad","upperFullName":"VAATELJATE RIIKIDE ERAKONNAD","order":30},{"langIso":"EL","shortName":"Εθνικά κόμματα των παρατηρητών","fullName":"Εθνικά κόμματα των παρατηρητών","upperFullName":"ΕΘΝΙΚΑ ΚΟΜΜΑΤΑ ΤΩΝ ΠΑΡΑΤΗΡΗΤΩΝ","order":35},{"langIso":"EN","shortName":"Observers' national parties","fullName":"Observers' national parties","upperFullName":"OBSERVERS’ NATIONAL PARTIES","order":40},{"langIso":"FR","shortName":"Partis nationaux des observateurs","fullName":"Partis nationaux des observateurs","upperFullName":"PARTIS NATIONAUX DES OBSERVATEURS","order":45},{"langIso":"GA","shortName":"Páirtithe Náisiúnta de Bhreathnóirí","fullName":"Páirtithe Náisiúnta de Bhreathnóirí","upperFullName":"PÁIRTITHE NÁISIÚNTA DE BHREATHNÓIRÍ","order":50},{"langIso":"HR","shortName":"Nacionalne stranke promatrača","fullName":"Nacionalne stranke promatrača","upperFullName":"NACIONALNE STRANKE PROMATRAČA","order":52},{"langIso":"IT","shortName":"Partiti nazionali degli osservatori","fullName":"Partiti nazionali degli osservatori","upperFullName":"PARTITI NAZIONALI DEGLI OSSERVATORI","order":55},{"langIso":"LV","shortName":"Dalībvalstu novērotāju partijas","fullName":"Dalībvalstu novērotāju partijas","upperFullName":"DALĪBVALSTU NOVĒROTĀJU PARTIJAS","order":60},{"langIso":"LT","shortName":"Nacionalinės stebėtojų partijos","fullName":"Nacionalinės stebėtojų partijos","upperFullName":"NACIONALINĖS STEBĖTOJŲ PARTIJOS","order":65},{"langIso":"HU","shortName":"Megfigyelők nemzeti pártjai","fullName":"Megfigyelők nemzeti pártjai","upperFullName":"MEGFIGYELŐK NEMZETI PÁRTJAI","order":70},{"langIso":"MT","shortName":"Partiti nazzjonali ta' l-osservaturi","fullName":"Partiti nazzjonali ta' l-osservaturi","upperFullName":"PARTITI NAZZJONALI TA' L-OSSERVATURI","order":75},{"langIso":"NL","shortName":"Nationale partijen van de waarnemers","fullName":"Nationale partijen van de waarnemers","upperFullName":"NATIONALE PARTIJEN VAN DE WAARNEMERS","order":80},{"langIso":"PL","shortName":"Partie krajowe obserwatorów","fullName":"Partie krajowe obserwatorów","upperFullName":"PARTIE KRAJOWE OBSERWATORÓW","order":85},{"langIso":"PT","shortName":"Partidos nacionais dos observadores","fullName":"Partidos nacionais dos observadores","upperFullName":"PARTIDOS NACIONAIS DOS OBSERVADORES","order":90},{"langIso":"RO","shortName":"Partide naționale ale observatorilor","fullName":"Partide naționale ale observatorilor","upperFullName":"PARTIDE NAȚIONALE ALE OBSERVATORILOR","order":95},{"langIso":"SL","shortName":"Nacionalne stranke opazovalcev","fullName":"Nacionalne stranke opazovalcev","upperFullName":"NACIONALNE STRANKE OPAZOVALCEV","order":105},{"langIso":"FI","shortName":"Tarkkailijoiden kansalliset puolueet","fullName":"Tarkkailijoiden kansalliset puolueet","upperFullName":"TARKKAILIJOIDEN KANSALLISET PUOLUEET","order":110},{"langIso":"SV","shortName":"Observatörernas nationella partier","fullName":"Observatörernas nationella partier","upperFullName":"OBSERVATÖRERNAS NATIONELLA PARTIER","order":115}]},
 {"identifier":45,"code":"DA","mepFlag":false,"order":200,"updateDate":"2018-06-21T06:32:56.000+00:00","desc":[{"langIso":"BG","shortName":"Делегации - други","fullName":"Делегации - други","upperFullName":"ДЕЛЕГАЦИИ - ДРУГИ","order":5},{"langIso":"ES","shortName":"Otras delegaciones","fullName":"Otras delegaciones","upperFullName":"OTRAS DELEGACIONES","order":10},{"langIso":"CS","shortName":"Ostatní delegace","fullName":"Ostatní delegace","upperFullName":"OSTATNÍ DELEGACE","order":15},{"langIso":"DA","shortName":"Andre delegationer","fullName":"Andre delegationer","upperFullName":"ANDRE DELEGATIONER","order":20},{"langIso":"DE","shortName":"Sonstige Delegationen","fullName":"Sonstige Delegationen","upperFullName":"SONSTIGE DELEGATIONEN","order":25},{"langIso":"ET","shortName":"Muud delegatsioonid","fullName":"Muud delegatsioonid","upperFullName":"MUUD DELEGATSIOONID","order":30},{"langIso":"EL","shortName":"Άλλες αντιπροσωπείες","fullName":"Άλλες αντιπροσωπείες","upperFullName":"ΑΛΛΕΣ ΑΝΤΙΠΡΟΣΩΠΕΙΕΣ","order":35},{"langIso":"EN","shortName":"Other delegations","fullName":"Other delegations","upperFullName":"OTHER DELEGATIONS","order":40},{"langIso":"FR","shortName":"Délégations autres","fullName":"Délégations autres","upperFullName":"DÉLÉGATIONS AUTRES","order":45},{"langIso":"GA","shortName":"Toscaireachtaí eile","fullName":"Toscaireachtaí eile","upperFullName":"TOSCAIREACHTAÍ EILE","order":50},{"langIso":"HR","shortName":"Druga izaslanstva","fullName":"Druga izaslanstva","upperFullName":"DRUGA IZASLANSTVA","order":52},{"langIso":"IT","shortName":"Delegazioni diverse","fullName":"Delegazioni diverse","upperFullName":"DELEGAZIONI DIVERSE","order":55},{"langIso":"LV","shortName":"Citas delegācijas","fullName":"Citas delegācijas","upperFullName":"CITAS DELEGĀCIJAS","order":60},{"langIso":"LT","shortName":"Kitos delegacijos","fullName":"Kitos delegacijos","upperFullName":"KITOS DELEGACIJOS","order":65},{"langIso":"HU","shortName":"Egyéb küldöttségek","fullName":"Egyéb küldöttségek","upperFullName":"EGYÉB KÜLDÖTTSÉGEK","order":70},{"langIso":"NL","shortName":"Andere delegaties","fullName":"Andere delegaties","upperFullName":"ANDERE DELEGATIES","order":80},{"langIso":"PL","shortName":"Inne delegacje","fullName":"Inne delegacje","upperFullName":"INNE DELEGACJE","order":85},{"langIso":"PT","shortName":"Delegações - outras","fullName":"Delegações - outras","upperFullName":"DELEGAÇÕES - OUTRAS","order":90},{"langIso":"RO","shortName":"Alte delegații","fullName":"Alte delegații","upperFullName":"ALTE DELEGAȚII","order":95},{"langIso":"SL","shortName":"Druge delegacije","fullName":"Druge delegacije","upperFullName":"DRUGE DELEGACIJE","order":105},{"langIso":"FI","shortName":"Muut valtuuskunnat","fullName":"Muut valtuuskunnat","upperFullName":"MUUT VALTUUSKUNNAT","order":110},{"langIso":"SV","shortName":"Övriga delegationer","fullName":"Övriga delegationer","upperFullName":"ÖVRIGA DELEGATIONER","order":115}]},
 {"identifier":46,"code":"SO","mepFlag":false,"order":1000,"updateDate":"2018-08-09T05:58:49.000+00:00","desc":[{"langIso":"BG","shortName":"Подоргани","fullName":"Подоргани","upperFullName":"ПОДОРГАНИ","order":5},{"langIso":"ES","shortName":"Subórganos","fullName":"Subórganos","upperFullName":"SUBÓRGANOS","order":10},{"langIso":"CS","shortName":"Podorgány","fullName":"Podorgány","upperFullName":"PODORGÁNY","order":15},{"langIso":"DA","shortName":"Underorganer","fullName":"Underorganer","upperFullName":"UNDERORGANER","order":20},{"langIso":"DE","shortName":"Untergeordnete Gremien","fullName":"Untergeordnete Gremien","upperFullName":"UNTERGEORDNETE GREMIEN","order":25},{"langIso":"ET","shortName":"Allorganid","fullName":"Allorganid","upperFullName":"ALLORGANID","order":30},{"langIso":"EL","shortName":"Δευτερεύοντα όργανα","fullName":"Δευτερεύοντα όργανα","upperFullName":"ΔΕΥΤΕΡΕΥΟΝΤΑ ΟΡΓΑΝΑ","order":35},{"langIso":"EN","shortName":"Sub-bodies","fullName":"Sub-bodies","upperFullName":"SUB-BODIES","order":40},{"langIso":"FR","shortName":"Sous-organes","fullName":"Sous-organes","upperFullName":"SOUS-ORGANES","order":45},{"langIso":"GA","shortName":"Fo-eagraíochtaí","fullName":"Fo-eagraíochtaí","upperFullName":"FO-EAGRAÍOCHTAÍ","order":50},{"langIso":"HR","shortName":"Podtijela","fullName":"Podtijela","upperFullName":"PODTIJELA","order":52},{"langIso":"IT","shortName":"Sotto-organi","fullName":"Sotto-organi","upperFullName":"SOTTO-ORGANI","order":55},{"langIso":"LV","shortName":"Apakšstruktūras","fullName":"Apakšstruktūras","upperFullName":"APAKŠSTRUKTŪRAS","order":60},{"langIso":"LT","shortName":"Padaliniai","fullName":"Padaliniai","upperFullName":"PADALINIAI","order":65},{"langIso":"HU","shortName":"Alcsoportok","fullName":"Alcsoportok","upperFullName":"ALCSOPORTOK","order":70},{"langIso":"MT","shortName":"Sottoorgani","fullName":"Sottoorgani","upperFullName":"SOTTOORGANI","order":75},{"langIso":"NL","shortName":"Suborganen","fullName":"Suborganen","upperFullName":"SUBORGANEN","order":80},{"langIso":"PL","shortName":"Organy niższego rzędu","fullName":"Organy niższego rzędu","upperFullName":"ORGANY NIŻSZEGO RZĘDU","order":85},{"langIso":"PT","shortName":"Sub-órgãos","fullName":"Sub-órgãos","upperFullName":"SUB-ÓRGÃOS","order":90},{"langIso":"RO","shortName":"Organe subordonate","fullName":"Organe subordonate","upperFullName":"ORGANE SUBORDONATE","order":95},{"langIso":"SK","shortName":"Podorgány","fullName":"Podorgány","upperFullName":"PODORGÁNY","order":100},{"langIso":"SL","shortName":"Podorgani","fullName":"Podorgani","upperFullName":"PODORGANI","order":105},{"langIso":"FI","shortName":"Alaryhmät","fullName":"Alaryhmät","upperFullName":"ALARYHMÄT","order":110},{"langIso":"SV","shortName":"Underorgan","fullName":"Underorgan","upperFullName":"UNDERORGAN","order":115}]},
 {"identifier":48,"code":"CI","mepFlag":false,"order":1050,"updateDate":"2018-08-09T05:58:49.000+00:00","desc":[{"langIso":"BG","shortName":"Комитети","fullName":"Комитети","upperFullName":"КОМИТЕТИ","order":5},{"langIso":"ES","shortName":"Comités","fullName":"Comités","upperFullName":"COMITÉS","order":10},{"langIso":"CS","shortName":"Výbory","fullName":"Výbory","upperFullName":"VÝBORY","order":15},{"langIso":"DA","shortName":"Udvalg","fullName":"Udvalg","upperFullName":"UDVALG","order":20},{"langIso":"DE","shortName":"Sonstige Ausschüsse","fullName":"Sonstige Ausschüsse","upperFullName":"SONSTIGE AUSSCHÜSSE","order":25},{"langIso":"ET","shortName":"Komiteed","fullName":"Komiteed","upperFullName":"KOMITEED","order":30},{"langIso":"EL","shortName":"Επιτροπές","fullName":"Επιτροπές","upperFullName":"ΕΠΙΤΡΟΠΕΣ","order":35},{"langIso":"EN","shortName":"Committees","fullName":"Committees","upperFullName":"COMMITTEES","order":40},{"langIso":"FR","shortName":"Comités","fullName":"Comités","upperFullName":"COMITES","order":45},{"langIso":"GA","shortName":"Coistí","fullName":"Coistí","upperFullName":"COISTÍ","order":50},{"langIso":"HR","shortName":"Odbori","fullName":"Odbori","upperFullName":"ODBORI","order":52},{"langIso":"IT","shortName":"Comitati","fullName":"Comitati","upperFullName":"COMITATI","order":55},{"langIso":"LV","shortName":"Komitejas","fullName":"Komitejas","upperFullName":"KOMITEJAS","order":60},{"langIso":"LT","shortName":"Komitetai","fullName":"Komitetai","upperFullName":"KOMITETAI","order":65},{"langIso":"HU","shortName":"Bizottságok","fullName":"Bizottságok","upperFullName":"BIZOTTSÁGOK","order":70},{"langIso":"MT","shortName":"Kumitati","fullName":"Kumitati","upperFullName":"KUMITATI","order":75},{"langIso":"NL","shortName":"Comités","fullName":"Comités","upperFullName":"COMITÉS","order":80},{"langIso":"PL","shortName":"Komitety","fullName":"Komitety","upperFullName":"KOMITETY","order":85},{"langIso":"PT","shortName":"Comissões","fullName":"Comissões","upperFullName":"COMISSÕES","order":90},{"langIso":"RO","shortName":"Comitete","fullName":"Comitete","upperFullName":"COMITETE","order":95},{"langIso":"SK","shortName":"Výbory ","fullName":"Výbory ","upperFullName":"VÝBORY","order":100},{"langIso":"SL","shortName":"Odbori","fullName":"Odbori","upperFullName":"ODBORI","order":105},{"langIso":"FI","shortName":"Komiteat","fullName":"Komiteat","upperFullName":"KOMITEAT","order":110},{"langIso":"SV","shortName":"Kommittéer","fullName":"Kommittéer","upperFullName":"KOMMITTÉER","order":115}]},
 {"identifier":47,"code":"GT","mepFlag":true,"order":1100,"updateDate":"2020-03-04T16:49:35.000+00:00","desc":[{"langIso":"BG","shortName":"Работни групи","fullName":"Работни групи","upperFullName":"РАБОТНИ ГРУПИ","order":5},{"langIso":"ES","shortName":"Grupos de trabajo","fullName":"Grupos de trabajo","upperFullName":"GRUPOS DE TRABAJO","order":10},{"langIso":"CS","shortName":"Pracovní skupiny","fullName":"Pracovní skupiny","upperFullName":"PRACOVNI SKUPINY","order":15},{"langIso":"DA","shortName":"Arbejdsgrupper","fullName":"Arbejdsgrupper","upperFullName":"ARBEJDSGRUPPER","order":20},{"langIso":"DE","shortName":"Arbeitsgruppen","fullName":"Arbeitsgruppen","upperFullName":"ARBEITSGRUPPEN","order":25},{"langIso":"ET","shortName":"Töörühmad","fullName":"Töörühmad","upperFullName":"TOORUHMAD","order":30},{"langIso":"EL","shortName":"Ομάδες εργασίας","fullName":"Ομάδες εργασίας","upperFullName":"ΟΜΑΔΕΣ ΕΡΓΑΣΙΑΣ","order":35},{"langIso":"EN","shortName":"Working parties","fullName":"Working parties","upperFullName":"WORKING PARTIES","order":40},{"langIso":"FR","shortName":"Groupes de travail","fullName":"Groupes de travail","upperFullName":"GROUPES DE TRAVAIL","order":45},{"langIso":"GA","shortName":"Meithil Oibre","fullName":"Meithil Oibre","upperFullName":"MEITHIL OIBRE","order":50},{"langIso":"HR","shortName":"Radne skupine","fullName":"Radne skupine","upperFullName":"RADNE SKUPINE","order":52},{"langIso":"IT","shortName":"Gruppi di lavoro","fullName":"Gruppi di lavoro","upperFullName":"GRUPPI DI LAVORO","order":55},{"langIso":"LV","shortName":"Darba grupas","fullName":"Darba grupas","upperFullName":"DARBA GRUPAS","order":60},{"langIso":"LT","shortName":"Darbo grupės","fullName":"Darbo grupės","upperFullName":"DARBO GRUPES","order":65},{"langIso":"HU","shortName":"Munkacsoportok","fullName":"Munkacsoportok","upperFullName":"MUNKACSOPORTOK","order":70},{"langIso":"MT","shortName":"Gruppi ta' ħidma","fullName":"Gruppi ta' ħidma","upperFullName":"GRUPPI TA' ĦIDMA","order":75},{"langIso":"NL","shortName":"Werkgroepen","fullName":"Werkgroepen","upperFullName":"WERKGROEPEN","order":80},{"langIso":"PL","shortName":"Grupy robocze","fullName":"Grupy robocze","upperFullName":"GRUPY ROBOCZE","order":85},{"langIso":"PT","shortName":"Grupos de trabalho","fullName":"Grupos de trabalho","upperFullName":"GRUPOS DE TRABALHO","order":90},{"langIso":"RO","shortName":"Grupuri de lucru","fullName":"Grupuri de lucru","upperFullName":"GRUPURI DE LUCRU","order":95},{"langIso":"SK","shortName":"Pracovné skupiny","fullName":"Pracovné skupiny","upperFullName":"PRACOVNE SKUPINY","order":100},{"langIso":"SL","shortName":"Delovne skupine","fullName":"Delovne skupine","upperFullName":"DELOVNE SKUPINE","order":105},{"langIso":"FI","shortName":"Työryhmät","fullName":"Työryhmät","upperFullName":"TYORYHMAT","order":110},{"langIso":"SV","shortName":"Arbetsgrupper","fullName":"Arbetsgrupper","upperFullName":"ARBETSGRUPPER","order":115}]},
 {"identifier":49,"code":"DH","mepFlag":false,"order":1200,"updateDate":"2018-06-21T06:32:56.000+00:00","desc":[{"langIso":"BG","shortName":"Ad hoc делегации","fullName":"Ad hoc делегации","upperFullName":"AD HOC ДЕЛЕГАЦИИ","order":5},{"langIso":"ES","shortName":"Delegaciones ad hoc","fullName":"Delegaciones ad hoc","upperFullName":"DELEGACIONES AD HOC","order":10},{"langIso":"CS","shortName":"Delegace ad hoc","fullName":"Delegace ad hoc","upperFullName":"DELEGACE AD HOC","order":15},{"langIso":"DA","shortName":"Ad hoc-delegationer","fullName":"Ad hoc-delegationer","upperFullName":"AD HOC-DELEGATIONER","order":20},{"langIso":"DE","shortName":"Ad-hoc-Delegationen","fullName":"Ad-hoc-Delegationen","upperFullName":"AD-HOC-DELEGATIONEN","order":25},{"langIso":"ET","shortName":"Ajutised delegatsioonid","fullName":"Ajutised delegatsioonid","upperFullName":"AJUTISED DELEGATSIOONID","order":30},{"langIso":"EL","shortName":"Ειδικές αντιπροσωπείες","fullName":"Ειδικές αντιπροσωπείες","upperFullName":"ΕΙΔΙΚΈΣ ΑΝΤΙΠΡΟΣΩΠΕΊΕΣ","order":35},{"langIso":"EN","shortName":"Ad Hoc Delegations","fullName":"Ad Hoc Delegations","upperFullName":"AD HOC DELEGATIONS","order":40},{"langIso":"FR","shortName":"Délégations Ad Hoc","fullName":"Délégations Ad Hoc","upperFullName":"DELEGATIONS AD HOC","order":45},{"langIso":"GA","shortName":"Toscaireachtaí Ad Hoc","fullName":"Toscaireachtaí Ad Hoc","upperFullName":"TOSCAIREACHTAÍ AD HOC","order":50},{"langIso":"HR","shortName":"Ad hoc izaslanstva","fullName":"Ad hoc izaslanstva","upperFullName":"AD HOC IZASLANSTVA","order":52},{"langIso":"IT","shortName":"Delegazioni ad hoc","fullName":"Delegazioni ad hoc","upperFullName":"DELEGAZIONI AD HOC","order":55},{"langIso":"LV","shortName":"Ad hoc delegācijas","fullName":"Ad hoc delegācijas","upperFullName":"AD HOC DELEGĀCIJAS","order":60},{"langIso":"LT","shortName":"Ad hoc delegacijos","fullName":"Ad hoc delegacijos","upperFullName":"AD HOC DELEGACIJOS","order":65},{"langIso":"HU","shortName":"Ad hoc küldöttségek","fullName":"Ad hoc küldöttségek","upperFullName":"AD HOC KÜLDÖTTSÉGEK","order":70},{"langIso":"MT","shortName":"Delegazzjonijiet ad hoc","fullName":"Delegazzjonijiet ad hoc","upperFullName":"DELEGAZZJONIJIET AD HOC","order":75},{"langIso":"NL","shortName":"Delegaties Ad hoc","fullName":"Delegaties Ad hoc","upperFullName":"DELEGATIES AD HOC","order":80},{"langIso":"PL","shortName":"Delegacje ad hoc","fullName":"Delegacje ad hoc","upperFullName":"DELEGACJE AD HOC","order":85},{"langIso":"PT","shortName":"Delegações ad hoc","fullName":"Delegações ad hoc","upperFullName":"DELEGAÇÕES AD HOC","order":90},{"langIso":"RO","shortName":"Delegațiile ad hoc","fullName":"Delegațiile ad hoc","upperFullName":"DELEGAȚIILE AD HOC","order":95},{"langIso":"SK","shortName":"Delegácie ad hoc","fullName":"Delegácie ad hoc","upperFullName":"DELEGÁCIE AD HOC","order":100},{"langIso":"SL","shortName":"Ad hoc delegacije","fullName":"Ad hoc delegacije","upperFullName":"AD HOC DELEGACIJE","order":105},{"langIso":"FI","shortName":"Tilapäiset valtuuskunnat","fullName":"Tilapäiset valtuuskunnat","upperFullName":"TILAPÄISET VALTUUSKUNNAT","order":110},{"langIso":"SV","shortName":"Ad hoc-delegationer","fullName":"Ad hoc-delegationer","upperFullName":"AD HOC-DELEGATIONER","order":115}]},
 {"identifier":50,"code":"PA","mepFlag":false,"order":2000,"updateDate":"2018-06-21T06:32:56.000+00:00","desc":[{"langIso":"BG","shortName":"Парламентарни асамблеи","fullName":"Парламентарни асамблеи","upperFullName":"ПАРЛАМЕНТАРНИ АСАМБЛЕИ","order":5},{"langIso":"ES","shortName":"Asambleas parlamentarias","fullName":"Asambleas parlamentarias","upperFullName":"ASAMBLEAS PARLAMENTARIAS","order":10},{"langIso":"CS","shortName":"Parlamentní shromáždění","fullName":"Parlamentní shromáždění","upperFullName":"PARLAMENTNÍ SHROMÁŽDĚNÍ","order":15},{"langIso":"DA","shortName":"Parlamentariske forsamlinger","fullName":"Parlamentariske forsamlinger","upperFullName":"PARLAMENTARISKE FORSAMLINGER","order":20},{"langIso":"DE","shortName":"Parlamentarische Versammlungen","fullName":"Parlamentarische Versammlungen","upperFullName":"PARLAMENTARISCHE VERSAMMLUNGEN","order":25},{"langIso":"ET","shortName":"Parlamentaarsed assambleed","fullName":"Parlamentaarsed assambleed","upperFullName":"PARLAMENTAARSED ASSAMBLEED","order":30},{"langIso":"EL","shortName":"Κοινοβουλευτικές συνελεύσεις","fullName":"Κοινοβουλευτικές συνελεύσεις","upperFullName":"ΚΟΙΝΟΒΟΥΛΕΥΤΙΚΈΣ ΣΥΝΕΛΕΎΣΕΙΣ","order":35},{"langIso":"EN","shortName":"Parliamentary assemblies","fullName":"Parliamentary assemblies","upperFullName":"PARLIAMENTARY ASSEMBLIES","order":40},{"langIso":"FR","shortName":"Assemblées parlementaires","fullName":"Assemblées parlementaires","upperFullName":"ASSEMBLÉES PARLEMENTAIRES","order":45},{"langIso":"GA","shortName":"Tionóil Pharlaiminteacha","fullName":"Tionóil Pharlaiminteacha","upperFullName":"TIONÓIL PHARLAIMINTEACHA","order":50},{"langIso":"HR","shortName":"Parlamentarne skupštine","fullName":"Parlamentarne skupštine","upperFullName":"PARLAMENTARNE SKUPŠTINE","order":52},{"langIso":"IT","shortName":"Assemblee parlamentari","fullName":"Assemblee parlamentari","upperFullName":"ASSEMBLEE PARLAMENTARI","order":55},{"langIso":"LV","shortName":"Parlamentārās asamblejas","fullName":"Parlamentārās asamblejas","upperFullName":"PARLAMENTĀRĀS ASAMBLEJAS","order":60},{"langIso":"LT","shortName":"Parlamentinės asamblėjos","fullName":"Parlamentinės asamblėjos","upperFullName":"PARLAMENTINĖS ASAMBLĖJOS","order":65},{"langIso":"HU","shortName":"Parlamenti közgyűlések","fullName":"Parlamenti közgyűlések","upperFullName":"PARLAMENTI KÖZGYŰLÉSEK","order":70},{"langIso":"MT","shortName":"Assemblej Parlamentari","fullName":"Assemblej Parlamentari","upperFullName":"ASSEMBLEJ PARLAMENTARI","order":75},{"langIso":"NL","shortName":"Parlementaire Vergaderingen","fullName":"Parlementaire Vergaderingen","upperFullName":"PARLEMENTAIRE VERGADERINGEN","order":80},{"langIso":"PL","shortName":"Zgromadzenia Parlamentarne","fullName":"Zgromadzenia Parlamentarne","upperFullName":"ZGROMADZENIA PARLAMENTARNE","order":85},{"langIso":"PT","shortName":"Assembleias parlamentares","fullName":"Assembleias parlamentares","upperFullName":"ASSEMBLEIAS PARLAMENTARES","order":90},{"langIso":"RO","shortName":"Adunări Parlamentare","fullName":"Adunări Parlamentare","upperFullName":"ADUNĂRI PARLAMENTARE","order":95},{"langIso":"SK","shortName":"Parlamentné zhromaždenia","fullName":"Parlamentné zhromaždenia","upperFullName":"PARLAMENTNÉ ZHROMAŽDENIA","order":100},{"langIso":"SL","shortName":"Parlamentarne skupščine","fullName":"Parlamentarne skupščine","upperFullName":"PARLAMENTARNE SKUPŠČINE","order":105},{"langIso":"FI","shortName":"Parlamentaariset edustajakokoukset","fullName":"Parlamentaariset edustajakokoukset","upperFullName":"PARLAMENTAARISET EDUSTAJAKOKOUKSET","order":110},{"langIso":"SV","shortName":"Parlamentariska församlingar","fullName":"Parlamentariska församlingar","upperFullName":"PARLAMENTARISKA FÖRSAMLINGAR","order":115}]},
 {"identifier":52,"code":"CJ","mepFlag":false,"order":99999,"updateDate":"2018-06-21T06:32:56.000+00:00","desc":[{"langIso":"DE","shortName":"Gemeinsamer Ausschüsse ","fullName":"Gemeinsamer Ausschüsse ","upperFullName":"GEMEINSAMER AUSSCHÜSSE ","order":25},{"langIso":"EN","shortName":"Joint committees","fullName":"Joint committees","upperFullName":"JOINT COMMITTEES","order":40},{"langIso":"FR","shortName":"Commissions jointes","fullName":"Commissions jointes","upperFullName":"COMMISSIONS JOINTES","order":45},{"langIso":"GA","shortName":"Coistí comhpháirteacha","fullName":"Coistí comhpháirteacha","upperFullName":"COISTÍ COMHPHÁIRTEACHA","order":50},{"langIso":"HR","shortName":"Zajednički odbori","fullName":"Zajednički odbori","upperFullName":"ZAJEDNIČKI ODBORI","order":52},{"langIso":"IT","shortName":"Commissioni congiunte","fullName":"Commissioni congiunte","upperFullName":"COMMISSIONI CONGIUNTE","order":55}]},
 {"identifier":53,"code":"NC","mepFlag":false,"order":99999,"updateDate":"2018-06-21T06:32:56.000+00:00","desc":[{"langIso":"EN","shortName":"National Chamber","fullName":"National Chamber","upperFullName":"NATIONAL CHAMBER","order":40},{"langIso":"FR","shortName":"Parlement national","fullName":"Parlement national","upperFullName":"PARLEMENT NATIONAL","order":45}]},
 {"identifier":55,"code":"CA","mepFlag":false,"updateDate":"2019-05-07T09:07:25.000+00:00","desc":[{"langIso":"FR","shortName":"Commission des assemblées parlementaires ","fullName":"Commission des assemblées parlementaires ","upperFullName":"COMMISSION DES ASSEMBLÉES PARLEMENTAIRES ","order":45}]},
 {"identifier":54,"code":"GA","mepFlag":false,"updateDate":"2019-05-07T09:07:21.000+00:00","desc":[{"langIso":"FR","shortName":"Groupe de travail des des assemblées parlementaires","fullName":"Groupe de travail des assemblées parlementaires","upperFullName":"GROUPE DE TRAVAIL DES ASSEMBLÉES PARLEMENTAIRES","order":45}]},
 {"identifier":58,"code":"IG","mepFlag":true,"updateDate":"2018-06-21T06:32:56.000+00:00","desc":[{"langIso":"BG","shortName":"Интергрупи","fullName":"Интергрупи","upperFullName":"ИНТЕРГРУПИ","order":5},{"langIso":"ES","shortName":"Intergrupos","fullName":"Intergrupos","upperFullName":"INTERGRUPOS","order":10},{"langIso":"CS","shortName":"Meziskupiny","fullName":"Meziskupiny","upperFullName":"MEZISKUPINY","order":15},{"langIso":"DA","shortName":"Tværpolitiske grupper","fullName":"Tværpolitiske grupper","upperFullName":"TVÆRPOLITISKE GRUPPER","order":20},{"langIso":"DE","shortName":"Interfraktionelle Arbeitsgruppen","fullName":"Interfraktionelle Arbeitsgruppen","upperFullName":"INTERFRAKTIONELLE ARBEITSGRUPPEN","order":25},{"langIso":"ET","shortName":"Laiendatud töörühmad","fullName":"Laiendatud töörühmad","upperFullName":"LAIENDATUD TÖÖRÜHMAD","order":30},{"langIso":"EL","shortName":"Διακομματικές ομάδες","fullName":"Διακομματικές ομάδες","upperFullName":"ΔΙΑΚΟΜΜΑΤΙΚΈΣ ΟΜΆΔΕΣ","order":35},{"langIso":"EN","shortName":"Intergroups","fullName":"Intergroups","upperFullName":"INTERGROUPS","order":40},{"langIso":"FR","shortName":"Intergroupes","fullName":"Intergroupes","upperFullName":"INTERGROUPES","order":45},{"langIso":"GA","shortName":"Idirghrúpaí","fullName":"Idirghrúpaí","upperFullName":"IDIRGHRÚPAÍ","order":50},{"langIso":"HR","shortName":"Međuklubovi","fullName":"Međuklubovi","upperFullName":"MEĐUKLUBOVI","order":52},{"langIso":"IT","shortName":"Intergruppi","fullName":"Intergruppi","upperFullName":"INTERGRUPPI","order":55},{"langIso":"LV","shortName":"Sadarbības grupas","fullName":"Sadarbības grupas","upperFullName":"SADARBĪBAS GRUPAS","order":60},{"langIso":"LT","shortName":"Jungtinės grupės","fullName":"Jungtinės grupės","upperFullName":"JUNGTINĖS GRUPĖS","order":65},{"langIso":"HU","shortName":"Közös munkacsoportok","fullName":"Közös munkacsoportok","upperFullName":"KÖZÖS MUNKACSOPORTOK","order":70},{"langIso":"MT","shortName":"Intergruppi","fullName":"Intergruppi","upperFullName":"INTERGRUPPI","order":75},{"langIso":"NL","shortName":"Interfractiewerkgroepen","fullName":"Interfractiewerkgroepen","upperFullName":"INTERFRACTIEWERKGROEPEN","order":80},{"langIso":"PL","shortName":"Zespoły międzypartyjne","fullName":"Zespoły międzypartyjne","upperFullName":"ZESPOŁY MIĘDZYPARTYJNE","order":85},{"langIso":"PT","shortName":"Intergrupos","fullName":"Intergrupos","upperFullName":"INTERGRUPOS","order":90},{"langIso":"RO","shortName":"Intergrupuri","fullName":"Intergrupuri","upperFullName":"INTERGRUPURI","order":95},{"langIso":"SK","shortName":"Medziskupiny","fullName":"Medziskupiny","upperFullName":"MEDZISKUPINY","order":100},{"langIso":"SL","shortName":"Medskupine","fullName":"Medskupine","upperFullName":"MEDSKUPINE","order":105},{"langIso":"FI","shortName":"Laajennetut työryhmät","fullName":"Laajennetut työryhmät","upperFullName":"LAAJENNETUT TYÖRYHMÄT","order":110},{"langIso":"SV","shortName":"Tvärpolitiska grupper","fullName":"Tvärpolitiska grupper","upperFullName":"TVÄRPOLITISKA GRUPPER","order":115}]},
 {"identifier":56,"code":"BA","mepFlag":false,"updateDate":"2019-05-07T09:07:39.000+00:00","desc":[{"langIso":"FR","shortName":"Bureau des assemblées parlementaires ","fullName":"Bureau des assemblées parlementaires ","upperFullName":"BUREAU DES ASSEMBLÉES PARLEMENTAIRES ","order":45}]}
]
