[
 {"identifier":"FR","langIso":"DA","tmsCode":"FR","shortName":"Fru","fullName":"Fru/Froeken","searchName":"FRU/FROEKEN","politeFullName":"Fru","politeSearchName":"FRU","honorificFlag":false},
 {"identifier":"DR.","langIso":"DE","tmsCode":"DR.","shortName":"Dr.","fullName":"Doktor","searchName":"DOKTOR","politeFullName":"Dr.","politeSearchName":"DR.","honorificFlag":false},
 {"identifier":"DR.PROF.","langIso":"DE","tmsCode":"DR.PROF.","shortName":"Dr.Prof.","fullName":"Doktor Professor","searchName":"DOKTOR PROFESSOR","politeFullName":"Dr.Prof.","politeSearchName":"DR.PROF.","honorificFlag":true},
 {"identifier":"FRL.","langIso":"DE","tmsCode":"FRL.","shortName":"Frl.","fullName":"Fräulein","searchName":"FRÄULEIN","politeFullName":"Frl.","politeSearchName":"FRL.","honorificFlag":false},
 {"identifier":"HR.","langIso":"DE","tmsCode":"HR.","shortName":"Herr","fullName":"Herr","searchName":"HERR","politeFullName":"Herrn","politeSearchName":"HERRN","honorificFlag":false},
 {"identifier":"PROF.","langIso":"DE","tmsCode":"PROF.","shortName":"Prof.","fullName":"Professor","searchName":"PROFESSOR","politeFullName":"Prof.","politeSearchName":"PROF.","honorificFlag":true},
 {"identifier":"PROF.DR.","langIso":"DE","tmsCode":"PROF.DR.","shortName":"Prof.Dr.","fullName":"Professor Doktor","searchName":"PROFESSOR DOKTOR","politeFullName":"Prof.Dr.","politeSearchName":"PROF.DR.","honorificFlag":true},
 {"identifier":"PRI.","langIso":"DE","tmsCode":"PRI.","shortName":"Pri.","fullName":"Prinzessin","searchName":"PRINZESSIN","politeFullName":"Pri.","politeSearchName":"PRI.","honorificFlag":true},
 {"identifier":"GRAF","langIso":"DE","tmsCode":"GRAF","shortName":"Graf","fullName":"Graf","searchName":"GRAF","politeFullName":"Graf","politeSearchName":"GRAF","honorificFlag":true},
 {"identifier":"FRL.DR.","langIso":"DE","tmsCode":"FRL.DR.","shortName":"Frl.Dr.","fullName":"Fraulein Doktor","searchName":"FRAULEIN DOKTOR","politeFullName":"Frl.Dr.","politeSearchName":"FRL.DR.","honorificFlag":false},
 {"identifier":"FR.","langIso":"DE","tmsCode":"FR.","shortName":"Frau","fullName":"Frau","searchName":"FRAU","politeFullName":"Frau","politeSearchName":"FRAU","honorificFlag":false},
 {"identifier":"SIR","langIso":"EN","tmsCode":"SIR","shortName":"Sir","fullName":"Sir","searchName":"SIR","politeFullName":"Sir","politeSearchName":"SIR","honorificFlag":true},
 {"identifier":"MS.","langIso":"EN","tmsCode":"MS.","shortName":"Ms","fullName":"Ms","searchName":"MS","politeFullName":"Ms","politeSearchName":"MS","honorificFlag":false},
 {"identifier":"MRS.","langIso":"EN","tmsCode":"MRS.","shortName":"Mrs","fullName":"Mrs","searchName":"MRS","politeFullName":"Mrs","politeSearchName":"MRS","honorificFlag":false},
 {"identifier":"MR. & MRS.","langIso":"EN","tmsCode":"MR. & MRS.","shortName":"Mr. & Mrs.","fullName":"Mr and Mrs","searchName":"MR AND MRS","honorificFlag":false},
 {"identifier":"MR.","langIso":"EN","tmsCode":"MR.","shortName":"Mr","fullName":"Mister","searchName":"MISTER","politeFullName":"Mr","politeSearchName":"MR","honorificFlag":false},
 {"identifier":"LORD","langIso":"EN","tmsCode":"LORD","shortName":"The Lord","fullName":"The Lord","searchName":"THE LORD","politeFullName":"The Lord","politeSearchName":"THE LORD","honorificFlag":true},
 {"identifier":"LADY","langIso":"EN","tmsCode":"LADY","shortName":"Lady","fullName":"Lady","searchName":"LADY","politeFullName":"Lady","politeSearchName":"LADY","honorificFlag":true},
 {"identifier":"HON.","langIso":"EN","tmsCode":"HON.","shortName":"The Hon.","fullName":"The Honorable","searchName":"THE HONORABLE","politeFullName":"The Hon.","politeSearchName":"THE HON.","honorificFlag":true},
 {"identifier":"BARS.","langIso":"EN","tmsCode":"BARS.","shortName":"Baroness","fullName":"Baroness","searchName":"BARONESS","politeFullName":"Baroness","politeSearchName":"BARONESS","honorificFlag":true},
 {"identifier":"SR.","langIso":"ES","tmsCode":"SR.","shortName":"Sr.","fullName":"Señor","searchName":"SEÑOR","politeFullName":"Sr.","politeSearchName":"SR.","honorificFlag":false},
 {"identifier":"SRA.","langIso":"ES","tmsCode":"SRA.","shortName":"Sra.","fullName":"Señora","searchName":"SEÑORA","politeFullName":"Sra.","politeSearchName":"SRA.","honorificFlag":false},
 {"identifier":"SRTA.","langIso":"ES","tmsCode":"SRTA.","shortName":"Srta.","fullName":"Señorita","searchName":"SEÑORITA","politeFullName":"Srta.","politeSearchName":"SRTA.","honorificFlag":false},
 {"identifier":"S.E.","langIso":"FR","tmsCode":"S.E.","shortName":"S.E.","fullName":"Son Excellence","searchName":"SON EXCELLENCE","politeFullName":"S.E.","politeSearchName":"S.E.","honorificFlag":false},
 {"identifier":"MME","langIso":"FR","tmsCode":"MME","shortName":"Mme","fullName":"Madame","searchName":"MADAME","politeFullName":"Mme","politeSearchName":"MME","honorificFlag":false},
 {"identifier":"MM.","langIso":"FR","tmsCode":"MM.","shortName":"MM.","fullName":"Messieurs","searchName":"MESSIEURS","honorificFlag":false},
 {"identifier":"M. ET MME","langIso":"FR","tmsCode":"M. ET MME","shortName":"M. et Mme","fullName":"Monsieur et Madame","searchName":"MONSIEUR ET MADAME","honorificFlag":false},
 {"identifier":"MAD.","langIso":"FR","tmsCode":"MAD.","shortName":"Mad.","fullName":"Mad.","searchName":"MAD.","politeFullName":"Mad.","politeSearchName":"MAD.","honorificFlag":false},
 {"identifier":"MARQ.","langIso":"FR","tmsCode":"MARQ.","shortName":"Marq.","fullName":"Marquis","searchName":"MARQUIS","politeFullName":"Marq.","politeSearchName":"MARQ.","honorificFlag":true},
 {"identifier":"MLLE","langIso":"FR","tmsCode":"MLLE","shortName":"Mlle","fullName":"Mademoiselle","searchName":"MADEMOISELLE","politeFullName":"Mlle","politeSearchName":"MLLE","honorificFlag":false},
 {"identifier":"MGR.","langIso":"FR","tmsCode":"MGR.","shortName":"Mgr.","fullName":"Monseigneur","searchName":"MONSEIGNEUR","politeFullName":"Mgr.","politeSearchName":"MGR.","honorificFlag":false},
 {"identifier":"M.","langIso":"FR","tmsCode":"M.","shortName":"M.","fullName":"Monsieur","searchName":"MONSIEUR","politeFullName":"M.","politeSearchName":"M.","honorificFlag":false},
 {"identifier":"BAR.","langIso":"FR","tmsCode":"BAR.","shortName":"Bar.","fullName":"Baron","searchName":"BARON","politeFullName":"Bar.","politeSearchName":"BAR.","honorificFlag":false},
 {"identifier":"SIG.RA","langIso":"IT","tmsCode":"SIG.RA","shortName":"Sig.ra","fullName":"Signora","searchName":"SIGNORA","politeFullName":"On.","politeSearchName":"ON.","honorificFlag":false},
 {"identifier":"ON.LE","langIso":"IT","tmsCode":"ON.LE","shortName":"On.","fullName":"Onorevole","searchName":"ONOREVOLE","politeFullName":"On.","politeSearchName":"ON.","honorificFlag":false},
 {"identifier":"DR.SA","langIso":"IT","tmsCode":"DR.SA","shortName":"Dr.sa","fullName":"Dottoressa","searchName":"DOTTORESSA","politeFullName":"Dr.sa","politeSearchName":"DR.SA","honorificFlag":false},
 {"identifier":"DOTT.","langIso":"IT","tmsCode":"DOTT.","shortName":"Dott.","fullName":"Dottore","searchName":"DOTTORE","politeFullName":"Dott.","politeSearchName":"DOTT.","honorificFlag":false},
 {"identifier":"SIG.","langIso":"IT","tmsCode":"SIG.","shortName":"Sig.","fullName":"Signor","searchName":"SIGNOR","politeFullName":"Sig.","politeSearchName":"SIG.","honorificFlag":false},
 {"identifier":"SIG.NA","langIso":"IT","tmsCode":"SIG.NA","shortName":"Sig.na","fullName":"Signorina","searchName":"SIGNORINA","politeFullName":"Sig.na","politeSearchName":"SIG.NA","honorificFlag":false},
 {"identifier":"AVV.","langIso":"IT","tmsCode":"AVV.","shortName":"Avv.","fullName":"Avvocato","searchName":"AVVOCATO","politeFullName":"Avv.","politeSearchName":"AVV.","honorificFlag":false},
 {"identifier":"PROF.SA","langIso":"IT","tmsCode":"PROF.SA","shortName":"Prof.sa","fullName":"Professoressa","searchName":"PROFESSORESSA","politeFullName":"Prof.sa","politeSearchName":"PROF.SA","honorificFlag":false},
 {"identifier":"HR","langIso":"NL","tmsCode":"HR","shortName":"Hr","fullName":"Hr.","searchName":"HR.","politeFullName":"Hr","politeSearchName":"HR","honorificFlag":false},
 {"identifier":"MEVR.","langIso":"NL","tmsCode":"MEVR.","shortName":"Mevr.","fullName":"Mevrouw","searchName":"MEVROUW","politeFullName":"Mevr.","politeSearchName":"MEVR.","honorificFlag":false},
 {"identifier":"MR","langIso":"NL","tmsCode":"MR","shortName":"Mr","fullName":"De Heer","searchName":"DE HEER","honorificFlag":false},
 {"identifier":"DAME","langIso":"EN","tmsCode":"DAME","shortName":"Dame","fullName":"Dame","searchName":"DAME","politeFullName":"Dame","politeSearchName":"DAME","honorificFlag":true},
 {"identifier":"DONA","langIso":"ES","tmsCode":"DONA","shortName":"Dona","fullName":"Dona","searchName":"DONA","politeFullName":"Dona","politeSearchName":"DONA","honorificFlag":false},
 {"identifier":"ESQ.","langIso":"EN","tmsCode":"ESQ.","shortName":"Esq.","fullName":"Esquire","searchName":"ESQUIRE","politeFullName":"Esq.","politeSearchName":"ESQ.","honorificFlag":true},
 {"identifier":"KA","langIso":"EL","shortName":"κα","fullName":"Κυρία","searchName":"ΚΥΡΙΑ","latinShortName":"Mrs","latinFullName":"Mrs","latinSearchName":"MRS","latinPoliteFullName":"Mrs","latinPoliteSearchName":"MRS","politeFullName":"κα","politeSearchName":"ΚΑ","honorificFlag":false},
 {"identifier":"HERR","langIso":"SV","shortName":"Hr.","fullName":"Herr","searchName":"HERR","honorificFlag":false},
 {"identifier":"FRU","langIso":"SV","shortName":"Fru","fullName":"Fru","searchName":"FRU","honorificFlag":false},
 {"identifier":"FRK.","langIso":"SV","shortName":"Frk.","fullName":"Fröken","searchName":"FROKEN","honorificFlag":false},
 {"identifier":"KO.","langIso":"EL","shortName":"κ.","fullName":"Κύριο","searchName":"ΚΥΡΙΟ","latinShortName":"Mr","latinFullName":"Mister","latinSearchName":"MISTER","latinPoliteFullName":"Mr","latinPoliteSearchName":"MR","politeFullName":"κ.","politeSearchName":"Κ.","honorificFlag":false},
 {"identifier":"HRA","langIso":"FI","shortName":" ","fullName":" ","searchName":"HERRA","honorificFlag":false},
 {"identifier":"NTI","langIso":"FI","shortName":" ","fullName":" ","searchName":"NEITI","honorificFlag":false},
 {"identifier":"RVA","langIso":"FI","shortName":" ","fullName":" ","searchName":"ROUVA","honorificFlag":false},
 {"identifier":"SR2","langIso":"PT","tmsCode":"SR.","shortName":"Sr.","fullName":"Senhor","searchName":"SENHOR","politeFullName":"Sr.","politeSearchName":"SR.","honorificFlag":false},
 {"identifier":"SRA2","langIso":"PT","tmsCode":"SRA.","shortName":"Sra.","fullName":"Senhora","searchName":"SENHORA","politeFullName":"Sra. D.","politeSearchName":"SRA. D.","honorificFlag":false},
 {"identifier":"GRAF VON","langIso":"DE","shortName":"Graf von","fullName":"Graf von","searchName":"GRAF VON","politeFullName":"Graf von","politeSearchName":"GRAF VON","honorificFlag":true},
 {"identifier":"HRN.","langIso":"DE","shortName":"Herrn","fullName":"Herrn","searchName":"HERRN","politeFullName":"Herrn","politeSearchName":"HERRN","honorificFlag":false},
 {"identifier":"DE HEER","langIso":"NL","shortName":"De Heer","fullName":"De Heer","searchName":"DE HEER","politeFullName":"De Heer","politeSearchName":"DE HEER","honorificFlag":false},
 {"identifier":"MARQ.EN","langIso":"EN","shortName":"Marquess","fullName":"Marquess","searchName":"MARQUESS","politeFullName":"Marquess","politeSearchName":"MARQUESS","honorificFlag":true},
 {"identifier":"EARL","langIso":"EN","shortName":"The Earl of","fullName":"The Earl of","searchName":"EARL","politeFullName":"The Earl of","politeSearchName":"THE EARL OF","honorificFlag":true},
 {"identifier":"SRA D.","langIso":"PT","shortName":"Sra.","fullName":"Sra. D.","searchName":"SRA. D.","politeFullName":"Sra. D.","politeSearchName":"SRA. D.","honorificFlag":false},
 {"identifier":"HR.DA","langIso":"DA","shortName":"Hr.","fullName":"Hr.","searchName":"HR.","politeFullName":"Hr.","politeSearchName":"HR.","honorificFlag":false},
 {"identifier":"PROF.SIR","langIso":"EN","shortName":"Professor Sir","fullName":"Professor Sir","searchName":"PROFESSOR SIR","politeFullName":"Professor Sir","politeSearchName":"PROFESSOR SIR","honorificFlag":true},
 {"identifier":"M/MME","langIso":"FR","tmsCode":"M/MME","shortName":"M. ou Mme","fullName":"Monsieur ou Madame","searchName":"MONSIEUR OU MADAME","honorificFlag":false},
 {"identifier":"M/MEVR","langIso":"NL","tmsCode":"M/MEVR","shortName":"Mr / Mevr","fullName":"Mr / Mevr","searchName":"MR/MEVR","honorificFlag":false},
 {"identifier":"PAN","langIso":"CS","shortName":"pan","fullName":"pan","searchName":"PAN","politeFullName":"pan","politeSearchName":"PAN","honorificFlag":false},
 {"identifier":"PANI","langIso":"CS","shortName":"paní","fullName":"paní","searchName":"PANÍ","politeFullName":"paní","politeSearchName":"PANÍ","honorificFlag":false},
 {"identifier":"HR ","langIso":"ET","shortName":"Hr","fullName":"Hr","searchName":"HR","politeFullName":"Hr","politeSearchName":"HR","honorificFlag":false},
 {"identifier":"PR","langIso":"ET","shortName":"Pr","fullName":"Pr","searchName":"PR","politeFullName":"Pr","politeSearchName":"PR","honorificFlag":false},
 {"identifier":"PONAS","langIso":"LT","shortName":"p.","fullName":"p.","searchName":"PONAS","politeFullName":"p.","politeSearchName":"P.","honorificFlag":false},
 {"identifier":"PONIA","langIso":"LT","shortName":"p.","fullName":"p.","searchName":"PONIA","politeFullName":"p.","politeSearchName":"P.","honorificFlag":false},
 {"identifier":"UR","langIso":"HU","shortName":" ","fullName":" ","searchName":"ÚR","honorificFlag":false},
 {"identifier":"URHOLGY","langIso":"HU","shortName":" ","fullName":" ","searchName":"ÚRHÖLGY","honorificFlag":false},
 {"identifier":"IS-SUR","langIso":"MT","shortName":"Is-Sur","fullName":"Is-Sur","searchName":"IS-SUR","politeFullName":"Is-Sur","politeSearchName":"IS-SUR","honorificFlag":false},
 {"identifier":"IS-SINJURA","langIso":"MT","shortName":"Is-Sinjura","fullName":"Is-Sinjura","searchName":"IS-SINJURA","politeFullName":"Is-Sinjura","politeSearchName":"IS-SINJURA","honorificFlag":false},
 {"identifier":"L-ONOR.","langIso":"MT","shortName":"L-Onor.","fullName":"L-Onor.","searchName":"L-ONOR.","politeFullName":"L-Onor.","politeSearchName":"L-ONOR.","honorificFlag":true},
 {"identifier":"PAN ","langIso":"PL","shortName":" ","fullName":" ","searchName":"PAN","honorificFlag":false},
 {"identifier":"PANI ","langIso":"PL","shortName":" ","fullName":" ","searchName":"PANI","honorificFlag":false},
 {"identifier":"PAN  ","langIso":"SK","shortName":"p.","fullName":"p.","searchName":"PÁN","politeFullName":"p.","politeSearchName":"P.","honorificFlag":false},
 {"identifier":"PANI  ","langIso":"SK","shortName":"p.","fullName":"p.","searchName":"PANI","politeFullName":"p.","politeSearchName":"P.","honorificFlag":false},
 {"identifier":"G.","langIso":"SL","shortName":"g.","fullName":"g.","searchName":"G.","politeFullName":"g.","politeSearchName":"G.","honorificFlag":false},
 {"identifier":"GA.","langIso":"SL","shortName":"ga.","fullName":"ga.","searchName":"GA.","politeFullName":"ga.","politeSearchName":"GA.","honorificFlag":false},
 {"identifier":"DR","langIso":"EN","shortName":"Dr.","fullName":"Doctor","searchName":"DR","politeFullName":"Dr.","politeSearchName":"DR.","honorificFlag":false},
 {"identifier":"DI","langIso":"RO","shortName":"Dl.","fullName":"Dl.","searchName":"DL","politeFullName":"Domnului","politeSearchName":"DL","honorificFlag":false},
 {"identifier":"D-NA","langIso":"RO","shortName":"Dna","fullName":"Doamnei","searchName":"DNA","politeFullName":"Doamnei","politeSearchName":"Dna","honorificFlag":false},
 {"identifier":"GN","langIso":"BG","shortName":"Г-н","fullName":"Г-н","searchName":"GN","latinShortName":"Mr","latinFullName":"Mister","latinSearchName":"MISTER","latinPoliteFullName":"Mr","latinPoliteSearchName":"MR","politeFullName":"Г-н","politeSearchName":"GN","honorificFlag":false},
 {"identifier":"MR1","langIso":"GA","shortName":"Mr","fullName":"Mr","searchName":"MR","politeFullName":"An tUasal","politeSearchName":"MR","honorificFlag":false},
 {"identifier":"GZHA","langIso":"BG","shortName":"Г-жа","fullName":"Г-жа","searchName":"GZHA","latinShortName":"Mrs","latinFullName":"Mrs","latinSearchName":"MRS","latinPoliteFullName":"Mrs","latinPoliteSearchName":"MRS","politeFullName":"Г-жа","politeSearchName":"GZHA","honorificFlag":false},
 {"identifier":"MRS1","langIso":"GA","shortName":"Mrs","fullName":"Mrs","searchName":"MRS","politeFullName":"Uasal","politeSearchName":"MRS","honorificFlag":false},
 {"identifier":"KUNGS","langIso":"LV","shortName":" ","fullName":" ","searchName":"KUNGS","honorificFlag":false},
 {"identifier":"KUNDZE","langIso":"LV","shortName":" ","fullName":" ","searchName":"KUNDZE","honorificFlag":false},
 {"identifier":"GOSPODIN","langIso":"HR","shortName":"g.","fullName":"Gospodin","searchName":"GOSPODIN","politeFullName":"Gospodin","politeSearchName":"GOSPODIN","honorificFlag":false},
 {"identifier":"GOSPODA","langIso":"HR","shortName":"gđa","fullName":"Gospođa","searchName":"GOSPOĐA","politeFullName":"Gospođa","politeSearchName":"GOSPOĐA","honorificFlag":false},
 {"identifier":"DR HAB.","langIso":"PL","shortName":"dr hab.","fullName":"dr hab.","searchName":"DR HAB.","honorificFlag":true},
 {"identifier":"RT.HON","langIso":"EN","shortName":"Rt. Hon.","fullName":"Right Honourable","searchName":"RIGHT HONOURABLE","honorificFlag":true},
 {"identifier":"OMRI","langIso":"IT","shortName":"Cavaliere della Rep. – Commendatore della Rep.","fullName":"Cavaliere della Rep. – Commendatore della Rep.","searchName":"CAVALIERE DELLA REP. – COMMENDATORE DELLA REP.","honorificFlag":true},
 {"identifier":"MAG.","langIso":"DE","shortName":"Mag.","fullName":"Mag.","searchName":"MAG.","honorificFlag":true}
]
