[
 {"identifier":1,"addtCode":"COU","shortName":"Courrier","mepCode":"COU","mepFlag":true,"tmsCode":"COU","groupCode":"USAGE","updateDate":"2019-10-28T06:46:14.000+00:00","updateUser":"CODICT/mbourcellier","desc":[{"langIso":"DE","fullName":"Post","searchName":"POST","order":25},{"langIso":"EN","fullName":"Correspondence","searchName":"CORRESPONDENCE","order":40},{"langIso":"ES","fullName":"Correo","searchName":"CORREO","order":10},{"langIso":"ET","fullName":"Tavapostiaadress","searchName":"TAVAPOSTIAADRESS","order":30},{"langIso":"FI","fullName":"Postiosoite","searchName":"POSTIOSOITE","order":110},{"langIso":"HU","fullName":"Posta","searchName":"POSTA","order":70},{"langIso":"IT","fullName":"Posta","searchName":"POSTA","order":55},{"langIso":"LT","fullName":"Paštas","searchName":"PAŠTAS","order":65},{"langIso":"LV","fullName":"Pasts","searchName":"PASTS","order":60},{"langIso":"MT","fullName":"Posta","searchName":"POSTA","order":75},{"langIso":"PL","fullName":"Korespondencja","searchName":"KORESPONDENCJA","order":85},{"langIso":"PT","fullName":"Correspondência","searchName":"CORRESPONDÊNCIA","order":90},{"langIso":"RO","fullName":"Corespondenta","searchName":"CORESPONDENTA","order":95},{"langIso":"SK","fullName":"Poštová adresa","searchName":"POŠTOVÁ ADRESA","order":100},{"langIso":"SL","fullName":"Pošta","searchName":"POŠTA","order":105},{"langIso":"SV","fullName":"Post","searchName":"POST","order":115},{"langIso":"NL","fullName":"Post","searchName":"POST","order":80},{"langIso":"EL","fullName":"Αλληλογραφία","searchName":"ΑΛΛΗΛΟΓΡΑΦΙΑ","order":35},{"langIso":"BG","fullName":"Поща","searchName":"ПОЩА","order":5},{"langIso":"CS","fullName":"Poštovní adresa","searchName":"POŠTOVNÍ ADRESA","order":15},{"langIso":"DA","fullName":"Post","searchName":"POST","order":20},{"langIso":"FR","fullName":"Courrier","searchName":"COURRIER","order":45}]},
 {"identifier":2,"addtCode":"DOC","shortName":"Documentation","mepCode":"DOC","mepFlag":true,"tmsCode":"DOC","groupCode":"USAGE","updateDate":"2019-10-28T06:46:14.000+00:00","updateUser":"CODICT/mbourcellier","desc":[{"langIso":"DE","fullName":"Dokumentation","searchName":"DOKUMENTATION","order":25},{"langIso":"EN","fullName":"Documentation","searchName":"DOCUMENTATION","order":40},{"langIso":"ES","fullName":"Documentación","searchName":"DOCUMENTACIÓN","order":10},{"langIso":"ET","fullName":"Aadress dokumentide saatmiseks","searchName":"AADRESS DOKUMENTIDE SAATMISEKS","order":30},{"langIso":"FI","fullName":"Osoite aineiston lähettämistä varten","searchName":"OSOITE AINEISTON LÄHETTÄMISTÄ VARTEN","order":110},{"langIso":"HU","fullName":"Dokumentáció","searchName":"DOKUMENTÁCIÓ","order":70},{"langIso":"IT","fullName":"Documentazione","searchName":"DOCUMENTAZIONE","order":55},{"langIso":"LT","fullName":"Dokumentai","searchName":"DOKUMENTAI","order":65},{"langIso":"LV","fullName":"Dokumentacija","searchName":"DOKUMENTACIJA","order":60},{"langIso":"MT","fullName":"Dokumentazzjoni","searchName":"DOKUMENTAZZJONI","order":75},{"langIso":"PL","fullName":"Dokumentacja","searchName":"DOKUMENTACJA","order":85},{"langIso":"PT","fullName":"Documentação","searchName":"DOCUMENTAÇÃO","order":90},{"langIso":"RO","fullName":"Documentatie","searchName":"DOCUMENTATIE","order":95},{"langIso":"SK","fullName":"Dokumentácia","searchName":"DOKUMENTÁCIA","order":100},{"langIso":"SL","fullName":"Dokumentacija","searchName":"DOKUMENTACIJA","order":105},{"langIso":"SV","fullName":"Dokumentation","searchName":"DOKUMENTATION","order":115},{"langIso":"NL","fullName":"Documentatie","searchName":"DOCUMENTATIE","order":80},{"langIso":"EL","fullName":"Τεκμηρίωση","searchName":"ΤΕΚΜΗΡΙΩΣΗ","order":35},{"langIso":"BG","fullName":"Документация","searchName":"ДОКУМЕНТАЦИЯ","order":5},{"langIso":"CS","fullName":"Dokumentace","searchName":"DOKUMENTACE","order":15},{"langIso":"DA","fullName":"Dokumentation","searchName":"DOKUMENTATION","order":20},{"langIso":"FR","fullName":"Documentation","searchName":"DOCUMENTATION","order":45}]},
 {"identifier":3,"addtCode":"DOM","shortName":"Domicile","mepCode":"DOM","mepFlag":true,"tmsCode":"DOM","groupCode":"USAGE","updateDate":"2019-10-28T06:46:14.000+00:00","updateUser":"CODICT/mbourcellier","desc":[{"langIso":"DE","fullName":"Wohnort","searchName":"WOHNORT","order":25},{"langIso":"EN","fullName":"Home","searchName":"HOME","order":40},{"langIso":"ES","fullName":"Domicilio","searchName":"DOMICILIO","order":10},{"langIso":"ET","fullName":"Elukoha aadress","searchName":"ELUKOHA AADRESS","order":30},{"langIso":"FI","fullName":"Kotiosoite","searchName":"KOTIOSOITE","order":110},{"langIso":"HU","fullName":"Lakóhely","searchName":"LAKÓHELY","order":70},{"langIso":"IT","fullName":"Domicilio","searchName":"DOMICILIO","order":55},{"langIso":"LT","fullName":"Gyvenamosios vietos adresas","searchName":"GYVENAMOSIOS VIETOS ADRESAS","order":65},{"langIso":"LV","fullName":"Dzivesvieta","searchName":"DZIVESVIETA","order":60},{"langIso":"MT","fullName":"Indirizz","searchName":"INDIRIZZ","order":75},{"langIso":"PL","fullName":"Domowy","searchName":"DOMOWY","order":85},{"langIso":"PT","fullName":"Domicílio","searchName":"DOMICÍLIO","order":90},{"langIso":"RO","fullName":"Domiciliu","searchName":"DOMICILIU","order":95},{"langIso":"SK","fullName":"Bydlisko","searchName":"BYDLISKO","order":100},{"langIso":"SL","fullName":"Stalni naslov","searchName":"STALNI NASLOV","order":105},{"langIso":"SV","fullName":"Bostadsadress","searchName":"BOSTADSADRESS","order":115},{"langIso":"NL","fullName":"Huisadres","searchName":"HUISADRES","order":80},{"langIso":"EL","fullName":"Κατοικία","searchName":"ΚΑΤΟΙΚΙΑ","order":35},{"langIso":"BG","fullName":"Домашен адрес","searchName":"ДОМАШЕН АДРЕС","order":5},{"langIso":"CS","fullName":"Bydliště","searchName":"BYDLIŠTĚ","order":15},{"langIso":"DA","fullName":"Privatadresse","searchName":"PRIVATADRESSE","order":20},{"langIso":"FR","fullName":"Domicile","searchName":"DOMICILE","order":45}]},
 {"identifier":4,"addtCode":"CON","shortName":"Confidentiel","mepCode":"CON","mepFlag":false,"updateDate":"1997-10-20T15:22:19.000+00:00","updateUser":"CODICT","desc":[{"langIso":"DE","fullName":"Vertraulich","searchName":"VERTRAULICH","order":25},{"langIso":"EN","fullName":"Confidential","searchName":"CONFIDENTIAL","order":40},{"langIso":"ES","fullName":"Confidencial","searchName":"CONFIDENCIAL","order":10},{"langIso":"ET","fullName":"Konfidentsiaalne aadress","searchName":"KONFIDENTSIAALNE AADRESS","order":30},{"langIso":"FI","fullName":"Luottamuksellinen","searchName":"LUOTTAMUKSELLINEN","order":110},{"langIso":"HU","fullName":"Bizalmas","searchName":"BIZALMAS","order":70},{"langIso":"IT","fullName":"Riservato","searchName":"RISERVATO","order":55},{"langIso":"LT","fullName":"Konfidencialu","searchName":"KONFIDENCIALU","order":65},{"langIso":"LV","fullName":"Konfidenciali","searchName":"KONFIDENCIALI","order":60},{"langIso":"MT","fullName":"Kunfidenzjali","searchName":"KUNFIDENZJALI","order":75},{"langIso":"PL","fullName":"Poufny","searchName":"POUFNY","order":85},{"langIso":"PT","fullName":"Confidencial","searchName":"CONFIDENCIAL","order":90},{"langIso":"RO","fullName":"Confidentiala","searchName":"CONFIDENTIALA","order":95},{"langIso":"SK","fullName":"Dôverné","searchName":"DÔVERNÉ","order":100},{"langIso":"SL","fullName":"Zaupen","searchName":"ZAUPEN","order":105},{"langIso":"SV","fullName":"Konfidentiell","searchName":"KONFIDENTIELL","order":115},{"langIso":"NL","fullName":"Vertrouwelijk","searchName":"VERTROUWELIJK","order":80},{"langIso":"EL","fullName":"Εμπιστευτικό","searchName":"ΕΜΠΙΣΤΕΥΤΙΚΟ","order":35},{"langIso":"BG","fullName":"Поверително","searchName":"ПОВЕРИТЕЛНО","order":5},{"langIso":"CS","fullName":"Důvěrná","searchName":"DŮVĚRNÁ","order":15},{"langIso":"DA","fullName":"Fortroligt","searchName":"FORTROLIGT","order":20},{"langIso":"FR","fullName":"Confidentiel","searchName":"CONFIDENTIEL","order":45}]},
 {"identifier":5,"addtCode":"BRU","shortName":"Bruxelles","mepFlag":false,"tmsCode":"BRU","groupCode":"OTHER","updateDate":"2017-05-11T06:39:08.000+00:00","updateUser":"CODICT\\opentecote","desc":[{"langIso":"DE","fullName":"Brüssel","searchName":"BRÜSSEL","order":25},{"langIso":"EN","fullName":"Brussels","searchName":"BRUSSELS","order":40},{"langIso":"ES","fullName":"Bruselas","searchName":"BRUSELAS","order":10},{"langIso":"ET","fullName":"Aadress Brüsselis","searchName":"AADRESS BRÜSSELIS","order":30},{"langIso":"FI","fullName":"Osoite Brysselissä","searchName":"OSOITE BRYSSELISSÄ","order":110},{"langIso":"HU","fullName":"Brüsszel","searchName":"BRÜSSZEL","order":70},{"langIso":"IT","fullName":"Bruxelles","searchName":"BRUXELLES","order":55},{"langIso":"LT","fullName":"Briuselis","searchName":"BRIUSELIS","order":65},{"langIso":"LV","fullName":"Brisele","searchName":"BRISELE","order":60},{"langIso":"MT","fullName":"Brussell","searchName":"BRUSSELL","order":75},{"langIso":"PL","fullName":"Bruksela","searchName":"BRUKSELA","order":85},{"langIso":"PT","fullName":"Bruxelas","searchName":"BRUXELAS","order":90},{"langIso":"RO","fullName":"Bruxelles","searchName":"BRUXELLES","order":95},{"langIso":"SK","fullName":"Brusel","searchName":"BRUSEL","order":100},{"langIso":"SL","fullName":"Bruselj","searchName":"BRUSELJ","order":105},{"langIso":"SV","fullName":"Bryssel","searchName":"BRYSSEL","order":115},{"langIso":"NL","fullName":"Brussel","searchName":"BRUSSEL","order":80},{"langIso":"EL","fullName":"Βρυξέλλες","searchName":"ΒΡΥΞΕΛΛΕΣ","order":35},{"langIso":"BG","fullName":"Брюксел","searchName":"БРЮКСЕЛ","order":5},{"langIso":"CS","fullName":"Brusel","searchName":"BRUSEL","order":15},{"langIso":"DA","fullName":"Bruxelles","searchName":"BRUXELLES","order":20},{"langIso":"FR","fullName":"Bruxelles","searchName":"BRUXELLES","order":45}]},
 {"identifier":6,"addtCode":"CDC","shortName":"Courrier et Documentation","mepFlag":false,"tmsCode":"CDC","groupCode":"OTHER","updateDate":"2017-05-11T06:39:08.000+00:00","updateUser":"CODICT\\opentecote","desc":[{"langIso":"DE","fullName":"Post und Dokumentation","searchName":"POST UND DOKUMENTATION","order":25},{"langIso":"EN","fullName":"Correspondence and documentation","searchName":"CORRESPONDENCE AND DOCUMENTATION ","order":40},{"langIso":"ES","fullName":"Correo y Documentación","searchName":"CORREO Y DOCUMENTACIÓN","order":10},{"langIso":"ET","fullName":"Aadress tavaposti ja dokumentide saatmiseks","searchName":"AADRESS TAVAPOSTI JA DOKUMENTIDE SAATMISEKS","order":30},{"langIso":"FI","fullName":"Osoite postin ja aineiston lähettämistä varten","searchName":"OSOITE POSTIN JA AINEISTON LÄHETTÄMISTÄ VARTEN","order":110},{"langIso":"HU","fullName":"Posta és dokumentáció","searchName":"POSTA ÉS DOKUMENTÁCIÓ","order":70},{"langIso":"IT","fullName":"Posta e documentazione","searchName":"POSTA E DOCUMENTAZIONE","order":55},{"langIso":"LT","fullName":"Paštas ir dokumentai","searchName":"PAŠTAS IR DOKUMENTAI","order":65},{"langIso":"LV","fullName":"Pasts un dokumentacija","searchName":"PASTS UN DOKUMENTACIJA","order":60},{"langIso":"MT","fullName":"Posta u Dokumentazzjoni","searchName":"POSTA U DOKUMENTAZZJONI","order":75},{"langIso":"PL","fullName":"Korespondencja i dokumentacja","searchName":"KORESPONDENCJA I DOKUMENTACJA","order":85},{"langIso":"PT","fullName":"Correspondência e documentação","searchName":"CORRESPONDÊNCIA E DOCUMENTAÇÃO","order":90},{"langIso":"RO","fullName":"Corespondenta si Documentatie","searchName":"CORESPONDENTA SI DOCUMENTATIE","order":95},{"langIso":"SK","fullName":"Pošta a dokumentácia","searchName":"POŠTA A DOKUMENTÁCIA","order":100},{"langIso":"SL","fullName":"Pošta in dokumentacija","searchName":"POŠTA IN DOKUMENTACIJA","order":105},{"langIso":"SV","fullName":"Post och dokumentation","searchName":"POST OCH DOKUMENTATION","order":115},{"langIso":"NL","fullName":"Post en Documentatie","searchName":"POST EN DOCUMENTATIE","order":80},{"langIso":"EL","fullName":"Αλληλογραφία και τεκμηρίωση","searchName":"ΑΛΛΗΛΟΓΡΑΦΙΑ ΚΑΙ ΤΕΚΜΗΡΙΩΣΗ","order":35},{"langIso":"BG","fullName":"Поща и документация","searchName":"ПОЩА И ДОКУМЕНТАЦИЯ","order":5},{"langIso":"CS","fullName":"Pošta a dokumentace","searchName":"POŠTA A DOKUMENTACE","order":15},{"langIso":"DA","fullName":"Post og dokumentation","searchName":"POST OG DOKUMENTATION","order":20},{"langIso":"FR","fullName":"Courrier et Documentation","searchName":"COURRIER ET DOCUMENTATION","order":45}]},
 {"identifier":7,"addtCode":"PRI","shortName":"Privé","mepFlag":false,"tmsCode":"PRI","groupCode":"OTHER","updateDate":"2017-05-11T06:39:08.000+00:00","updateUser":"CODICT\\opentecote","desc":[{"langIso":"DE","fullName":"Privat","searchName":"PRIVAT","order":25},{"langIso":"EN","fullName":"Private","searchName":"PRIVATE","order":40},{"langIso":"ES","fullName":"Privado","searchName":"PRIVADO","order":10},{"langIso":"ET","fullName":"Isiklik aadress","searchName":"ISIKLIK AADRESS","order":30},{"langIso":"FI","fullName":"Henkilökohtainen osoite","searchName":"HENKILÖKOHTAINEN OSOITE","order":110},{"langIso":"HU","fullName":"Magán-","searchName":"MAGÁN-","order":70},{"langIso":"IT","fullName":"Privato","searchName":"PRIVATO","order":55},{"langIso":"LT","fullName":"Privatu","searchName":"PRIVATU","order":65},{"langIso":"LV","fullName":"Privats","searchName":"PRIVATS","order":60},{"langIso":"MT","fullName":"Privat","searchName":"PRIVAT","order":75},{"langIso":"PL","fullName":"Prywatny","searchName":"PRYWATNY","order":85},{"langIso":"PT","fullName":"Privado","searchName":"PRIVADO","order":90},{"langIso":"RO","fullName":"Privata","searchName":"PRIVATA","order":95},{"langIso":"SK","fullName":"Súkromné","searchName":"SÚKROMNÉ","order":100},{"langIso":"SL","fullName":"Zasebni naslov","searchName":"ZASEBNI NASLOV","order":105},{"langIso":"SV","fullName":"Privat","searchName":"PRIVAT","order":115},{"langIso":"NL","fullName":"Privé","searchName":"PRIVÉ","order":80},{"langIso":"EL","fullName":"Ιδιωτική","searchName":"ΙΔΙΩΤΙΚΗ","order":35},{"langIso":"BG","fullName":"Лично","searchName":"ЛИЧНО","order":5},{"langIso":"CS","fullName":"Soukromá","searchName":"SOUKROMÁ","order":15},{"langIso":"DA","fullName":"Privat","searchName":"PRIVAT","order":20},{"langIso":"FR","fullName":"Privé","searchName":"PRIVE","order":45}]},
 {"identifier":8,"addtCode":"SEC","shortName":"Secret","mepFlag":false,"tmsCode":"SEC","groupCode":"OTHER","updateDate":"2017-05-11T06:39:08.000+00:00","updateUser":"CODICT\\opentecote","desc":[{"langIso":"DE","fullName":"Geheim","searchName":"GEHEIM","order":25},{"langIso":"EN","fullName":"Secret","searchName":"SECRET","order":40},{"langIso":"ES","fullName":"Secreto","searchName":"SECRETO","order":10},{"langIso":"ET","fullName":"Salastatud aadress","searchName":"SALASTATUD AADRESS","order":30},{"langIso":"FI","fullName":"Salainen","searchName":"SALAINEN","order":110},{"langIso":"HU","fullName":"Titkos","searchName":"TITKOS","order":70},{"langIso":"IT","fullName":"Segreto","searchName":"SEGRETO","order":55},{"langIso":"LT","fullName":"Slaptai","searchName":"SLAPTAI","order":65},{"langIso":"LV","fullName":"Slepens","searchName":"SLEPENS","order":60},{"langIso":"MT","fullName":"Sigriet","searchName":"SIGRIET","order":75},{"langIso":"PL","fullName":"Tajny","searchName":"TAJNY","order":85},{"langIso":"PT","fullName":"Confidencial","searchName":"CONFIDENCIAL","order":90},{"langIso":"RO","fullName":"Secreta","searchName":"SECRETA","order":95},{"langIso":"SK","fullName":"Tajné","searchName":"TAJNÉ","order":100},{"langIso":"SL","fullName":"Zaupen","searchName":"ZAUPEN","order":105},{"langIso":"SV","fullName":"Hemlig","searchName":"HEMLIG","order":115},{"langIso":"NL","fullName":"Geheim","searchName":"GEHEIM","order":80},{"langIso":"EL","fullName":"Απόρρητη","searchName":"ΑΠΟΡΡΗΤΗ","order":35},{"langIso":"BG","fullName":"Тайно","searchName":"ТАЙНО","order":5},{"langIso":"CS","fullName":"Tajná","searchName":"TAJNÁ","order":15},{"langIso":"DA","fullName":"Fortroligt","searchName":"FORTROLIGT","order":20},{"langIso":"FR","fullName":"Secret","searchName":"SECRET","order":45}]},
 {"identifier":9,"addtCode":"STR","shortName":"Strasbourg","mepFlag":false,"tmsCode":"STR","groupCode":"OTHER","updateDate":"2017-05-11T06:39:08.000+00:00","updateUser":"CODICT\\opentecote","desc":[{"langIso":"DE","fullName":"Straßburg","searchName":"STRASSBURG","order":25},{"langIso":"EN","fullName":"Strasbourg","searchName":"STRASBOURG","order":40},{"langIso":"ES","fullName":"Estrasburgo","searchName":"ESTRASBURGO","order":10},{"langIso":"ET","fullName":"Aadress Strasbourgis","searchName":"AADRESS STRASBOURGIS","order":30},{"langIso":"FI","fullName":"Osoite Strasbourgissa","searchName":"OSOITE STRASBOURGISSA","order":110},{"langIso":"HU","fullName":"Strasbourg","searchName":"STRASBOURG","order":70},{"langIso":"IT","fullName":"Strasburgo","searchName":"STRASBURGO","order":55},{"langIso":"LT","fullName":"Strasburas","searchName":"STRASBURAS","order":65},{"langIso":"LV","fullName":"Strasbura","searchName":"STRASBURA","order":60},{"langIso":"MT","fullName":"Strasburgu","searchName":"STRASBURGU","order":75},{"langIso":"PL","fullName":"Strasburg","searchName":"STRASBURG","order":85},{"langIso":"PT","fullName":"Estrasburgo","searchName":"ESTRASBURGO","order":90},{"langIso":"RO","fullName":"Strasbourg","searchName":"STRASBOURG","order":95},{"langIso":"SK","fullName":"Štrasburg","searchName":"ŠTRASBURG","order":100},{"langIso":"SL","fullName":"Strasbourg","searchName":"STRASBOURG","order":105},{"langIso":"SV","fullName":"Strasbourg","searchName":"STRASBOURG","order":115},{"langIso":"NL","fullName":"Straatsburg","searchName":"STRAATSBURG","order":80},{"langIso":"EL","fullName":"Στρασβούργο","searchName":"ΣΤΡΑΣΒΟΥΡΓΟ","order":35},{"langIso":"BG","fullName":"Страсбург","searchName":"СТРАСБУРГ","order":5},{"langIso":"CS","fullName":"Štrasburk","searchName":"ŠTRASBURK","order":15},{"langIso":"DA","fullName":"Strasbourg","searchName":"STRASBOURG","order":20},{"langIso":"FR","fullName":"Strasbourg","searchName":"STRASBOURG","order":45}]},
 {"identifier":10,"addtCode":"TRA","shortName":"Travail","mepFlag":false,"tmsCode":"TRA","groupCode":"OTHER","updateDate":"2017-05-11T06:39:08.000+00:00","updateUser":"CODICT\\opentecote","desc":[{"langIso":"DE","fullName":"Büro","searchName":"BÜRO","order":25},{"langIso":"EN","fullName":"Work","searchName":"WORK","order":40},{"langIso":"ES","fullName":"Oficina","searchName":"OFICINA","order":10},{"langIso":"ET","fullName":"Tööaadress","searchName":"TÖÖAADRESS","order":30},{"langIso":"FI","fullName":"Työosoite","searchName":"TYÖOSOITE","order":110},{"langIso":"HU","fullName":"Munka","searchName":"MUNKA","order":70},{"langIso":"IT","fullName":"Lavoro","searchName":"LAVORO","order":55},{"langIso":"LT","fullName":"Darbo","searchName":"DARBO","order":65},{"langIso":"LV","fullName":"Darbs","searchName":"DARBS","order":60},{"langIso":"MT","fullName":"Xoghol","searchName":"XOGHOL","order":75},{"langIso":"PL","fullName":"Praca","searchName":"PRACA","order":85},{"langIso":"PT","fullName":"Trabalho","searchName":"TRABALHO","order":90},{"langIso":"RO","fullName":"Birou ","searchName":"BIROU  ","order":95},{"langIso":"SK","fullName":"Pracovná adresa","searchName":"PRACOVNÁ ADRESA","order":100},{"langIso":"SL","fullName":"Kraj delovnega mesta","searchName":"KRAJ DELOVNEGA MESTA","order":105},{"langIso":"SV","fullName":"Kontor","searchName":"KONTOR","order":115},{"langIso":"NL","fullName":"Werk","searchName":"WERK","order":80},{"langIso":"EL","fullName":"Εργασία","searchName":"ΕΡΓΑΣΙΑ","order":35},{"langIso":"BG","fullName":"Служебен адрес","searchName":"СЛУЖЕБЕН АДРЕС","order":5},{"langIso":"CS","fullName":"Pracovní","searchName":"PRACOVNÍ","order":15},{"langIso":"DA","fullName":"Arbejde","searchName":"ARBEJDE","order":20},{"langIso":"FR","fullName":"Travail","searchName":"TRAVAIL","order":45}]},
 {"identifier":11,"addtCode":"EMA","shortName":"E-Mail","mepFlag":true,"groupCode":"VIRTUAL","updateDate":"2017-05-11T06:39:07.000+00:00","updateUser":"CODICT\\opentecote","desc":[{"langIso":"DE","fullName":"Email","searchName":"EMAIL","order":25},{"langIso":"EN","fullName":"E-mail","searchName":"E-MAIL","order":40},{"langIso":"ES","fullName":"Correo electrónico","searchName":"CORREO ELECTRÓNICO","order":10},{"langIso":"ET","fullName":"Elektronposti aadress","searchName":"ELEKTRONPOSTI AADRESS","order":30},{"langIso":"FI","fullName":"Sähköpostiosoite","searchName":"SÄHKÖPOSTIOSOITE","order":110},{"langIso":"HU","fullName":"E-mail:","searchName":"E-MAIL:","order":70},{"langIso":"IT","fullName":"E-mail","searchName":"E-MAIL","order":55},{"langIso":"LT","fullName":"E.paštas","searchName":"E.PAŠTAS","order":65},{"langIso":"LV","fullName":"E-pasts","searchName":"E-PASTS","order":60},{"langIso":"MT","fullName":"E-Mail","searchName":"E-MAIL","order":75},{"langIso":"PL","fullName":"E-Mail","searchName":"E-MAIL","order":85},{"langIso":"PT","fullName":"E-Mail","searchName":"E-MAIL","order":90},{"langIso":"RO","fullName":"E-Mail","searchName":"E-MAIL","order":95},{"langIso":"SK","fullName":"E-mailová adresa","searchName":"E-MAILOVÁ ADRESA","order":100},{"langIso":"SL","fullName":"E-pošta","searchName":"E-POŠTA","order":105},{"langIso":"SV","fullName":"E-post","searchName":"E-POST","order":115},{"langIso":"NL","fullName":"E-mail","searchName":"E-MAIL","order":80},{"langIso":"EL","fullName":"Ηλεκτρονική διεύθυνση","searchName":"ΗΛΕΚΤΡΟΝΙΚΗ ΔΙΕΥΘΥΝΣΗ","order":35},{"langIso":"BG","fullName":"Електронен адрес (e-mail)","searchName":"ЕЛЕКТРОНЕН АДРЕС (e-mail)","order":5},{"langIso":"CS","fullName":"E-Mail","searchName":"E-MAIL","order":15},{"langIso":"DA","fullName":"E-mail","searchName":"E-MAIL","order":20},{"langIso":"FR","fullName":"E-Mail","searchName":"E-MAIL","order":45}]},
 {"identifier":12,"addtCode":"TGR","shortName":"Télégramme","mepCode":"TGR","mepFlag":false,"groupCode":"OTHER","updateDate":"2017-05-11T06:39:08.000+00:00","updateUser":"CODICT\\opentecote","desc":[{"langIso":"DE","fullName":"Telegramm","searchName":"TELEGRAMM","order":25},{"langIso":"EN","fullName":"Telegram ","searchName":"TELEGRAM ","order":40},{"langIso":"ES","fullName":"Telegrama","searchName":"TELEGRAMA","order":10},{"langIso":"ET","fullName":"Aadress telegrammi saatmiseks","searchName":"AADRESS TELEGRAMMI SAATMISEKS","order":30},{"langIso":"FI","fullName":"Sähkeosoite","searchName":"SÄHKEOSOITE","order":110},{"langIso":"HU","fullName":"Távirat","searchName":"TÁVIRAT","order":70},{"langIso":"IT","fullName":"Telegramma","searchName":"TELEGRAMMA","order":55},{"langIso":"LT","fullName":"Telegrama","searchName":"TELEGRAMA","order":65},{"langIso":"LV","fullName":"Telegramma","searchName":"TELEGRAMMA","order":60},{"langIso":"MT","fullName":"Telegramma","searchName":"TELEGRAMMA","order":75},{"langIso":"PL","fullName":"Telegram","searchName":"TELEGRAM","order":85},{"langIso":"PT","fullName":"Telegrama","searchName":"TELEGRAMA","order":90},{"langIso":"RO","fullName":"Telegrama","searchName":"TELEGRAMA","order":95},{"langIso":"SK","fullName":"Telegram","searchName":"TELEGRAM","order":100},{"langIso":"SL","fullName":"Telegram","searchName":"TELEGRAM","order":105},{"langIso":"SV","fullName":"Telegram","searchName":"TELEGRAM","order":115},{"langIso":"NL","fullName":"Telegram","searchName":"TELEGRAM","order":80},{"langIso":"EL","fullName":"Τηλεγράφημα","searchName":"ΤΗΛΕΓΡΑΦΗΜΑ","order":35},{"langIso":"BG","fullName":"Телеграма","searchName":"ТЕЛЕГРАМА","order":5},{"langIso":"CS","fullName":"Telegram","searchName":"TELEGRAM","order":15},{"langIso":"DA","fullName":"Telegram","searchName":"TELEGRAM","order":20},{"langIso":"FR","fullName":"Télégramme","searchName":"TELEGRAMME","order":45}]},
 {"identifier":13,"addtCode":"URL","shortName":"URL","mepCode":"URL","mepFlag":true,"groupCode":"VIRTUAL","updateDate":"2017-05-11T06:39:08.000+00:00","updateUser":"CODICT\\opentecote","desc":[{"langIso":"DE","fullName":"Einheitlicher Resource Locator","searchName":"EINHEITLICHER RESOURCE LOCATOR","order":25},{"langIso":"EN","fullName":"Uniform Resource Locator","searchName":"UNIFORM RESOURCE LOCATOR","order":40},{"langIso":"ES","fullName":"Localizador de recursos uniforme","searchName":"LOCALIZADOR DE RECURSOS UNIFORME","order":10},{"langIso":"ET","fullName":"Internetiaadress (URL)","searchName":"INTERNETIAADRESS (URL)","order":30},{"langIso":"FI","fullName":"URL-osoite","searchName":"URL-OSOITE","order":110},{"langIso":"HU","fullName":"Egységes eroforrás-azonosító (URL)","searchName":"EGYSÉGES EROFORRÁS-AZONOSÍTÓ (URL)","order":70},{"langIso":"IT","fullName":"Uniform Resource Locator","searchName":"UNIFORM RESOURCE LOCATOR","order":55},{"langIso":"LT","fullName":"Universalusis adresas (URL)","searchName":"UNIVERSALUSIS ADRESAS (URL)","order":65},{"langIso":"LV","fullName":"Vienotais resursu vietradis","searchName":"VIENOTAIS RESURSU VIETRADIS","order":60},{"langIso":"MT","fullName":"Uniform Resource Locator","searchName":"UNIFORM RESOURCE LOCATOR","order":75},{"langIso":"PL","fullName":"Adres URL","searchName":"ADRES URL","order":85},{"langIso":"PT","fullName":"Localizador uniforme de recursos (URL)","searchName":"LOCALIZADOR UNIFORME DE RECURSOS (URL)","order":90},{"langIso":"RO","fullName":"Localizator uniform de resurse (url)","searchName":"LOCALIZATOR UNIFORM DE RESURSE (URL)","order":95},{"langIso":"SK","fullName":"URL","searchName":"URL","order":100},{"langIso":"SL","fullName":"URL naslov (Uniform Resource Locator)","searchName":"URL NASLOV (UNIFORM RESOURCE LOCATOR)","order":105},{"langIso":"SV","fullName":"Uniform Resource Locator (URL)","searchName":"UNIFORM RESOURCE LOCATOR (URL)","order":115},{"langIso":"NL","fullName":"Uniform Resource Locator","searchName":"UNIFORM RESOURCE LOCATOR","order":80},{"langIso":"EL","fullName":"Ενιαίος Εντοπιστής Πόρου","searchName":"ΕΝΙΑΙΟΣ ΕΝΤΟΠΙΣΤΗΣ ΠΟΡΟΥ","order":35},{"langIso":"BG","fullName":"Унифициран локатор на ресурс (URL)","searchName":"УНИФИЦИРАН ЛОКАТОР НА РЕСУРС (URL)","order":5},{"langIso":"CS","fullName":"Jednotný lokátor zdroje","searchName":"JEDNOTNÝ LOKÁTOR ZDROJE","order":15},{"langIso":"DA","fullName":"Uniform Resource Locator (url)","searchName":"UNIFORM RESOURCE LOCATOR (URL)","order":20},{"langIso":"FR","fullName":"Uniform Resource Locator","searchName":"UNIFORM RESOURCE LOCATOR","order":45}]},
 {"identifier":14,"addtCode":"GWS","shortName":"Groupwise","mepFlag":false,"groupCode":"VIRTUAL","updateDate":"2017-05-11T06:39:07.000+00:00","updateUser":"CODICT\\opentecote","desc":[{"langIso":"DE","fullName":"Groupwise","searchName":"GROUPWISE","order":25},{"langIso":"EN","fullName":"GroupWise","searchName":"GROUPWISE","order":40},{"langIso":"ES","fullName":"Groupwise","searchName":"GROUPWISE","order":10},{"langIso":"ET","fullName":"Groupwise-aadress","searchName":"GROUPWISE-AADRESS","order":30},{"langIso":"FI","fullName":"Groupwise-osoite","searchName":"GROUPWISE-OSOITE","order":110},{"langIso":"HU","fullName":"GroupWise","searchName":"GROUPWISE","order":70},{"langIso":"IT","fullName":"Groupwise","searchName":"GROUPWISE","order":55},{"langIso":"LT","fullName":"Groupwise","searchName":"GROUPWISE","order":65},{"langIso":"LV","fullName":"Groupwise","searchName":"GROUPWISE","order":60},{"langIso":"MT","fullName":"Groupwise","searchName":"GROUPWISE","order":75},{"langIso":"PL","fullName":"Groupwise","searchName":"GROUPWISE","order":85},{"langIso":"PT","fullName":"Groupwise","searchName":"GROUPWISE","order":90},{"langIso":"RO","fullName":"Grup","searchName":"GRUP","order":95},{"langIso":"SK","fullName":"Groupwise","searchName":"GROUPWISE","order":100},{"langIso":"SL","fullName":"Groupwise","searchName":"GROUPWISE","order":105},{"langIso":"SV","fullName":"Groupwise","searchName":"GROUPWISE","order":115},{"langIso":"NL","fullName":"Groupwise","searchName":"GROUPWISE","order":80},{"langIso":"EL","fullName":"Groupwise","searchName":"GROUPWISE","order":35},{"langIso":"BG","fullName":"Платформа \"Groupwise\"","searchName":"ПЛАТФОРМА\"GROUPWISE \"","order":5},{"langIso":"CS","fullName":"Skupinová","searchName":"SKUPINOVÁ","order":15},{"langIso":"DA","fullName":"Groupwise","searchName":"GROUPWISE","order":20},{"langIso":"FR","fullName":"Groupwise","searchName":"GROUPWISE","order":45}]},
 {"identifier":15,"addtCode":"DRI","shortName":"Droit individuel","mepFlag":true,"groupCode":"USAGE","updateDate":"2019-10-28T06:46:14.000+00:00","updateUser":"CODICT/mbourcellier","desc":[{"langIso":"DE","fullName":"Persönlicher Anspruch","searchName":"PERSÖNLICHER ANSPRUCH","order":25},{"langIso":"EN","fullName":"Individual Entitlements","searchName":"INDIVIDUAL ENTITLEMENTS","order":40},{"langIso":"ES","fullName":"Derecho individual","searchName":"DERECHO INDIVIDUAL","order":10},{"langIso":"ET","fullName":"Isiklikud õigused","searchName":"ISIKLIKUD ÕIGUSED","order":30},{"langIso":"FI","fullName":"Henkilökohtaiset oikeudet","searchName":"HENKILÖKOHTAISET OIKEUDET","order":110},{"langIso":"HU","fullName":"Egyéni jog","searchName":"EGYÉNI JOG","order":70},{"langIso":"IT","fullName":"Diritto individuale","searchName":"DIRITTO INDIVIDUALE","order":55},{"langIso":"LT","fullName":"Individuali išmoka","searchName":"INDIVIDUALI IŠMOKA","order":65},{"langIso":"LV","fullName":"Individualas tiesibas","searchName":"INDIVIDUALAS TIESIBAS","order":60},{"langIso":"MT","fullName":"Dritt individwali","searchName":"DRITT INDIVIDWALI","order":75},{"langIso":"PL","fullName":"Indywidualne prawo","searchName":"INDYWIDUALNE PRAWO","order":85},{"langIso":"PT","fullName":"Direito individual","searchName":"DIREITO INDIVIDUAL","order":90},{"langIso":"RO","fullName":"Drepturi individuale","searchName":"DREPTURI INDIVIDUALE","order":95},{"langIso":"SK","fullName":"Individuálne nároky","searchName":"INDIVIDUÁLNE NÁROKY","order":100},{"langIso":"SL","fullName":"Individualna pravica","searchName":"INDIVIDUALNA PRAVICA","order":105},{"langIso":"SV","fullName":"Individuella rättigheter","searchName":"INDIVIDUELLA RÄTTIGHETER","order":115},{"langIso":"NL","fullName":"Individueel recht","searchName":"INDIVIDUEEL RECHT","order":80},{"langIso":"EL","fullName":"Ατομικό δικαίωμα","searchName":"ΑΤΟΜΙΚΟ ΔΙΚΑΙΩΜΑ","order":35},{"langIso":"BG","fullName":"Индивидуално право","searchName":"ИНДИВИДУАЛНО ПРАВО","order":5},{"langIso":"CS","fullName":"Individuální právo","searchName":"INDIVIDUÁLNÍ PRÁVO","order":15},{"langIso":"DA","fullName":"Individuel ret","searchName":"INDIVIDUEL RET","order":20},{"langIso":"FR","fullName":"Droit individuel","searchName":"DROIT INDIVIDUEL","order":45}]},
 {"identifier":16,"addtCode":"NON","shortName":"Pas d'adresse courrier","mepFlag":false,"tmsCode":"NON","groupCode":"OTHER","updateDate":"2017-05-11T06:39:08.000+00:00","updateUser":"CODICT\\opentecote","desc":[{"langIso":"DE","fullName":"Keine Postadresse","searchName":"KEINE POSTADRESSE","order":25},{"langIso":"EN","fullName":"No address for correspondence","searchName":"NO ADDRESS FOR CORRESPONDENCE","order":40},{"langIso":"ES","fullName":"Sin dirección de correo","searchName":"SIN DIRECCIÓN DE CORREO","order":10},{"langIso":"ET","fullName":"Tavapostiaadress puudub","searchName":"TAVAPOSTIAADRESS PUUDUB","order":30},{"langIso":"FI","fullName":"Ei postiosoitetta","searchName":"EI POSTIOSOITETTA","order":110},{"langIso":"HU","fullName":"Nincs postai cím","searchName":"NINCS POSTAI CÍM","order":70},{"langIso":"IT","fullName":"Nessun recapito postale","searchName":"NESSUN RECAPITO POSTALE","order":55},{"langIso":"LT","fullName":"Pašto adresas nepateiktas","searchName":"PAŠTO ADRESAS NEPATEIKTAS","order":65},{"langIso":"LV","fullName":"Nav pasta adreses","searchName":"NAV PASTA ADRESES","order":60},{"langIso":"MT","fullName":"M'hemmx indirizz postali","searchName":"M'HEMMX INDIRIZZ POSTALI","order":75},{"langIso":"PL","fullName":"Brak adresu korespondencyjnego","searchName":"BRAK ADRESU KORESPONDENCYJNEGO","order":85},{"langIso":"PT","fullName":"Sem endereço para correspondência","searchName":"SEM ENDEREÇO PARA CORRESPONDÊNCIA","order":90},{"langIso":"RO","fullName":"Nu exista adresa de corespondenta","searchName":"NU EXISTA ADRESA DE CORESPONDENTA","order":95},{"langIso":"SK","fullName":"Žiadna poštová adresa","searchName":"ŽIADNA POŠTOVÁ ADRESA","order":100},{"langIso":"SL","fullName":"Brez naslova pošte","searchName":"BREZ NASLOVA POŠTE","order":105},{"langIso":"SV","fullName":"Ingen postadress","searchName":"INGEN POSTADRESS","order":115},{"langIso":"NL","fullName":"Geen postadres","searchName":"GEEN POSTADRES","order":80},{"langIso":"EL","fullName":"Δεν υπάρχει διεύθυνση αλληλογραφίας","searchName":"ΔΕΝ ΥΠΑΡΧΕΙ ΔΙΕΥΘΥΝΣΗ ΑΛΛΗΛΟΓΡΑΦΙΑΣ","order":35},{"langIso":"BG","fullName":"Няма пощенски адрес","searchName":"НЯМА ПОЩЕНСКИ АДРЕС","order":5},{"langIso":"CS","fullName":"Žádná poštovní adresa","searchName":"ŽÁDNÁ POŠTOVNÍ ADRESA","order":15},{"langIso":"DA","fullName":"Ingen postadresse","searchName":"INGEN POSTADRESSE","order":20},{"langIso":"FR","fullName":"Pas d'adresse courrier","searchName":"PAS D'ADRESSE COURRIER","order":45}]},
 {"identifier":17,"addtCode":"DIF","shortName":"Déclaration d'intérêt(s) financier(s)","mepFlag":false,"tmsCode":"DIF","groupCode":"OTHER","updateDate":"2017-05-11T06:39:08.000+00:00","updateUser":"CODICT\\opentecote","desc":[{"langIso":"DE","fullName":"Erklärung der finanziellen Interessen","searchName":"ERKLÄRUNG DER FINANZIELLEN INTERESSEN","order":25},{"langIso":"EN","fullName":"Declaration of financial interests","searchName":"DECLARATION OF FINANCIAL INTERESTS","order":40},{"langIso":"ES","fullName":"Declaración de intereses económicos","searchName":"DECLARACIÓN DE INTERESES ECONÓMICOS","order":10},{"langIso":"ET","fullName":"Majanduslike huvide deklaratsioon","searchName":"MAJANDUSLIKE HUVIDE DEKLARATSIOON","order":30},{"langIso":"FI","fullName":"Ilmoitus taloudellisista eduista ","searchName":"ILMOITUS TALOUDELLISISTA EDUISTA","order":110},{"langIso":"HU","fullName":"Nyilatkozat pénzügyi érdekeltség(ek)rol ","searchName":"NYILATKOZAT PÉNZÜGYI ÉRDEKELTSÉG(EK)ROL ","order":70},{"langIso":"IT","fullName":"Dichiarazione di interesse(i) finanziari(o)","searchName":"DICHIARAZIONE DI INTERESSE(I) FINANZIARI(O)","order":55},{"langIso":"LT","fullName":"Finansinio(-iu) intereso(-u) deklaracija","searchName":"FINANSINIO(-IU) INTERESO(-U) DEKLARACIJA","order":65},{"langIso":"LV","fullName":"Finanšu interešu deklaracija","searchName":"FINANŠU INTEREŠU DEKLARACIJA","order":60},{"langIso":"MT","fullName":"Dikjarazzjoni tal-interess(i) finanzjarju/i","searchName":"DIKJARAZZJONI TAL-INTERESS(I) FINANZJARJU/I","order":75},{"langIso":"PL","fullName":"Oswiadczenie majatkowe","searchName":"OSWIADCZENIE MAJATKOWE","order":85},{"langIso":"PT","fullName":"Declaração de interesse(s) financeiro(s)","searchName":"DECLARAÇÃO DE INTERESSE(S) FINANCEIRO(S)","order":90},{"langIso":"RO","fullName":"Declaratie de interes(e) financiar(e)","searchName":"DECLARATIE DE INTERES(E) FINANCIAR(E)","order":95},{"langIso":"SK","fullName":"Vyhlásenie o financných záujmoch","searchName":"VYHLÁSENIE O FINANCNÝCH ZÁuJMOCH","order":100},{"langIso":"SL","fullName":"Izjava o financnem interesu","searchName":"IZJAVA O FINANCNEM INTERESU","order":105},{"langIso":"SV","fullName":"Förklaring om ekonomiska intressen","searchName":"FÖRKLARING OM EKONOMISKA INTRESSEN","order":115},{"langIso":"NL","fullName":"Opgave van de financiële belangen ","searchName":"OPGAVE VAN DE FINANCIËLE BELANGEN","order":80},{"langIso":"EL","fullName":"Δήλωση οικονομικού(ών) συμφέροντος(ων)","searchName":"ΔΗΛΩΣΗ ΟΙΚΟΝΟΜΙΚΟΥ(ΩΝ) ΣΥΜΦΕΡΟΝΤΟΣ(ΩΝ)","order":35},{"langIso":"BG","fullName":"Декларацията за финансов(и) интерес(и)","searchName":"ДЕКЛАРАЦИЯ ЗА ФИНАНСОВ(И) ИНТЕРЕС(И)","order":5},{"langIso":"CS","fullName":"Prohlášení o finančních zájmech","searchName":"PROHLÁŠENÍ O FINANČNÍCH ZÁJMECH","order":15},{"langIso":"DA","fullName":"Erklæring om finansielle interesser","searchName":"ERKLÆRING OM FINANSIELLE INTERESSER","order":20},{"langIso":"FR","fullName":"Déclaration d'intérêt(s) financier(s)","searchName":"DÉCLARATION D'INTÉRÊT(S) FINANCIER(S)","order":45}]},
 {"identifier":18,"addtCode":"OLD","shortName":"Ancien mail","mepCode":"OLD","mepFlag":false,"groupCode":"VIRTUAL","updateDate":"2017-05-11T06:39:08.000+00:00","updateUser":"CODICT\\opentecote","desc":[{"langIso":"DE","fullName":"Frühere Mail","searchName":"FRÜHERE MAIL","order":25},{"langIso":"EN","fullName":"Previous e-mail","searchName":"PREVIOUS E-MAIL ","order":40},{"langIso":"ES","fullName":"Antiguo correo electrónico","searchName":"ANTIGUO CORREO ELECTRÓNICO","order":10},{"langIso":"ET","fullName":"Endine elektronposti aadress","searchName":"ENDINE ELEKTRONPOSTI AADRESS","order":30},{"langIso":"FI","fullName":"Entinen sähköpostiosoite","searchName":"ENTINEN SÄHKÖPOSTIOSOITE","order":110},{"langIso":"HU","fullName":"Régi e-mail cím","searchName":"RÉGI E-MAIL CÍM","order":70},{"langIso":"IT","fullName":"Vecchia mail","searchName":"VECCHIA MAIL","order":55},{"langIso":"LT","fullName":"Ankstesnis e.paštas","searchName":"ANKSTESNIS E.PAŠTAS","order":65},{"langIso":"LV","fullName":"Agrakais e-pasts","searchName":"AGRAKAIS E-PASTS","order":60},{"langIso":"MT","fullName":"Indirizz antik","searchName":"INDIRIZZ ANTIK","order":75},{"langIso":"PL","fullName":"Dawny adres e-mail","searchName":"DAWNY ADRES E-MAIL","order":85},{"langIso":"PT","fullName":"Endereço antigo","searchName":"ENDEREÇO ANTIGO","order":90},{"langIso":"RO","fullName":"Fosta adresa e-mail","searchName":"FOSTA ADRESA E-MAIL","order":95},{"langIso":"SK","fullName":"Predchádzajúca e-mailová adresa","searchName":"PREDCHÁDZAJÚCA E-MAILOVÁ ADRESA","order":100},{"langIso":"SL","fullName":"Stara sporocila","searchName":"STARA SPOROCILA","order":105},{"langIso":"SV","fullName":"Tidigare e-postadress","searchName":"TIDIGARE E-POSTADRESS","order":115},{"langIso":"NL","fullName":"Vroeger mailadres","searchName":"VROEGER MAILADRES","order":80},{"langIso":"EL","fullName":"Παλαιά ηλεκτρονική διεύθυνση","searchName":"ΠΑΛΑΙΑ ΗΛΕΚΤΡΟΝΙΚΗ ΔΙΕΥΘΥΝΣΗ","order":35},{"langIso":"BG","fullName":"Предишен електронен адрес","searchName":"ПРЕДИШЕН ЕЛЕКТРОНЕН АДРЕС","order":5},{"langIso":"CS","fullName":"Původní e-mail","searchName":"PŮVODNÍ E-MAIL","order":15},{"langIso":"DA","fullName":"Gammel post","searchName":"GAMMEL POST","order":20},{"langIso":"FR","fullName":"Ancien mail","searchName":"ANCIEN MAIL","order":45}]},
 {"identifier":19,"addtCode":"BLG","shortName":"Blog","mepFlag":true,"groupCode":"VIRTUAL","updateDate":"2017-05-11T06:39:07.000+00:00","updateUser":"CODICT\\opentecote","desc":[{"langIso":"DE","fullName":"Blog","searchName":"BLOG","order":25},{"langIso":"EN","fullName":"Blog","searchName":"BLOG","order":40},{"langIso":"ES","fullName":"Blog","searchName":"BLOG","order":10},{"langIso":"ET","fullName":"Ajaveeb","searchName":"AJAVEEB","order":30},{"langIso":"FI","fullName":"Blogiosoite","searchName":"BLOGIOSOITE","order":110},{"langIso":"HU","fullName":"Blog","searchName":"BLOG","order":70},{"langIso":"IT","fullName":"Blog","searchName":"BLOG","order":55},{"langIso":"LT","fullName":"Tinklaraštis","searchName":"TINKLARAŠTIS","order":65},{"langIso":"LV","fullName":"Blogs","searchName":"BLOGS","order":60},{"langIso":"MT","fullName":"Blog","searchName":"BLOG","order":75},{"langIso":"PL","fullName":"Blog","searchName":"BLOG","order":85},{"langIso":"PT","fullName":"Blogue","searchName":"BLOGUE","order":90},{"langIso":"RO","fullName":"Blog","searchName":"BLOG","order":95},{"langIso":"SK","fullName":"Blog","searchName":"BLOG","order":100},{"langIso":"SL","fullName":"Blog","searchName":"BLOG","order":105},{"langIso":"SV","fullName":"Blogg","searchName":"BLOGG","order":115},{"langIso":"NL","fullName":"Blog ","searchName":"BLOG","order":80},{"langIso":"EL","fullName":"Ιστολόγιο","searchName":"ΙΣΤΟΛΟΓΙΟ","order":35},{"langIso":"BG","fullName":"Блог","searchName":"БЛОГ","order":5},{"langIso":"CS","fullName":"Blog","searchName":"BLOG","order":15},{"langIso":"DA","fullName":"Blog","searchName":"BLOG","order":20},{"langIso":"FR","fullName":"Blog","searchName":"BLOG","order":45}]},
 {"identifier":20,"addtCode":"TWT","shortName":"Twitter Profile","mepFlag":true,"groupCode":"VIRTUAL","updateDate":"2017-05-11T06:39:08.000+00:00","updateUser":"CODICT\\opentecote","desc":[{"langIso":"DE","fullName":"Twitter Profil","searchName":"TWITTER PROFIL","order":25},{"langIso":"EN","fullName":"Twitter Profile","searchName":"TWITTER PROFILE","order":40},{"langIso":"ES","fullName":"Perfil de Twitter ","searchName":"PERFIL DE TWITTER ","order":10},{"langIso":"ET","fullName":"Twitteri profiil","searchName":"TWITTERI PROFIIL","order":30},{"langIso":"FI","fullName":"Twitter-profiili","searchName":"TWITTER-PROFIILI","order":110},{"langIso":"HU","fullName":"Twitter-profil","searchName":"TWITTER-PROFIL","order":70},{"langIso":"IT","fullName":"Profilo Twitter","searchName":"PROFILO TWITTER","order":55},{"langIso":"LT","fullName":"Twitter profilis","searchName":"TWITTER PROFILIS","order":65},{"langIso":"LV","fullName":"Twitter profils","searchName":"TWITTER PROFILS","order":60},{"langIso":"MT","fullName":"Profil fuq Twitter","searchName":"PROFIL FUQ TWITTER","order":75},{"langIso":"PL","fullName":"Profil na Twitterze","searchName":"PROFIL NA TWITTERZE","order":85},{"langIso":"PT","fullName":"Perfil do Twitter","searchName":"PERFIL DO TWITTER ","order":90},{"langIso":"RO","fullName":"Profil Twitter","searchName":"PROFIL TWITTER","order":95},{"langIso":"SK","fullName":"Profil na Twitteri","searchName":"PROFIL NA TWITTERI","order":100},{"langIso":"SL","fullName":"Twitter profil","searchName":"TWITTER PROFIL","order":105},{"langIso":"SV","fullName":"Twitterprofil","searchName":"TWITTERPROFIL","order":115},{"langIso":"NL","fullName":"Twitterprofiel","searchName":"TWITTERPROFIEL","order":80},{"langIso":"EL","fullName":"Προφίλ στο Twitter","searchName":"ΠΡΟΦΙΛ ΣΤΟ TWITTER","order":35},{"langIso":"BG","fullName":"Профил в Twitter ","searchName":"ПРОФИЛ В TWITTER ","order":5},{"langIso":"CS","fullName":"Twitterový profil","searchName":"TWITTEROVÝ PROFIL","order":15},{"langIso":"DA","fullName":"Twitter-profil","searchName":"TWITTER-PROFIL","order":20},{"langIso":"FR","fullName":"Twitter Profile","searchName":"TWITTER PROFILE","order":45}]},
 {"identifier":21,"addtCode":"FBW","shortName":"Facebook Page","mepFlag":true,"groupCode":"VIRTUAL","updateDate":"2017-05-11T06:39:07.000+00:00","updateUser":"CODICT\\opentecote","desc":[{"langIso":"DE","fullName":"Facebook-Seite","searchName":"FACEBOOK-SEITE","order":25},{"langIso":"EN","fullName":"Facebook Page","searchName":"FACEBOOK PAGE","order":40},{"langIso":"ES","fullName":"Página en Facebook ","searchName":"PÁGINA EN FACEBOOK ","order":10},{"langIso":"ET","fullName":"Facebooki lehekülg","searchName":"FACEBOOKI LEHEKÜLG","order":30},{"langIso":"FI","fullName":"Facebook-sivu","searchName":"FACEBOOK-SIVU","order":110},{"langIso":"HU","fullName":"Facebook-oldal","searchName":"FACEBOOK-OLDAL","order":70},{"langIso":"IT","fullName":"Pagina Facebook","searchName":"PAGINA FACEBOOK","order":55},{"langIso":"LT","fullName":"Facebook puslapis","searchName":"FACEBOOK PUSLAPIS","order":65},{"langIso":"LV","fullName":"Facebook lapa","searchName":"FACEBOOK LAPA","order":60},{"langIso":"MT","fullName":"Pagna fuq Facebook","searchName":"PAGNA FUQ FACEBOOK","order":75},{"langIso":"PL","fullName":"Strona na Facebooku","searchName":"STRONA NA FACEBOOKU","order":85},{"langIso":"PT","fullName":"Página do Facebook ","searchName":"PÁGINA DO FACEBOOK ","order":90},{"langIso":"RO","fullName":"Pagina Facebook","searchName":"PAGINA FACEBOOK","order":95},{"langIso":"SK","fullName":"Stránka na Facebooku","searchName":"STRÁNKA NA FACEBOOKU","order":100},{"langIso":"SL","fullName":"Facebook stran","searchName":"FACEBOOK STRAN","order":105},{"langIso":"SV","fullName":"Facebooksida","searchName":"FACEBOOKSIDA","order":115},{"langIso":"NL","fullName":"Facebookpagina","searchName":"FACEBOOKPAGINA","order":80},{"langIso":"EL","fullName":"Σελίδα στο Facebook","searchName":"ΣΕΛΙΔΑ ΣΤΟ FACEBOOK","order":35},{"langIso":"BG","fullName":"Страница във Facebook ","searchName":"СТРАНИЦА ВЪВ FACEBOOK ","order":5},{"langIso":"CS","fullName":"Facebooková stránka","searchName":"FACEBOOKOVÁ STRÁNKA","order":15},{"langIso":"DA","fullName":"Facebook-side","searchName":"FACEBOOK-SIDE","order":20},{"langIso":"FR","fullName":"Facebook Page","searchName":"FACEBOOK PAGE","order":45}]},
 {"identifier":22,"addtCode":"FBP","shortName":"Facebook Profile","mepFlag":true,"groupCode":"VIRTUAL","updateDate":"2017-05-11T06:39:07.000+00:00","updateUser":"CODICT\\opentecote","desc":[{"langIso":"DE","fullName":"Facebook-Profil","searchName":"FACEBOOK-PROFIL","order":25},{"langIso":"EN","fullName":"Facebook Profile","searchName":"FACEBOOK PROFILE","order":40},{"langIso":"ES","fullName":"Perfil de Facebook ","searchName":"PERFIL DE FACEBOOK ","order":10},{"langIso":"ET","fullName":"Facebooki profiil","searchName":"FACEBOOKI PROFIIL","order":30},{"langIso":"FI","fullName":"Facebook-profiili","searchName":"FACEBOOK-PROFIILI","order":110},{"langIso":"HU","fullName":"Facebook-profil","searchName":"FACEBOOK-PROFIL","order":70},{"langIso":"IT","fullName":"Profilo Facebook","searchName":"PROFILO FACEBOOK","order":55},{"langIso":"LT","fullName":" Facebook profilis","searchName":"FACEBOOK PROFILIS","order":65},{"langIso":"LV","fullName":"Facebook profils","searchName":"FACEBOOK PROFILS","order":60},{"langIso":"MT","fullName":"Profil fuq Facebook","searchName":"PROFIL FUQ FACEBOOK","order":75},{"langIso":"PL","fullName":"Profil na Facebooku","searchName":"PROFIL NA FACEBOOKU","order":85},{"langIso":"PT","fullName":"Perfil do Facebook ","searchName":"PERFIL DO FACEBOOK ","order":90},{"langIso":"RO","fullName":"Profil Facebook ","searchName":"PROFIL FACEBOOK","order":95},{"langIso":"SK","fullName":"Profil na Facebooku","searchName":"PROFIL NA FACEBOOKU","order":100},{"langIso":"SL","fullName":"Facebook profil","searchName":"FACEBOOK PROFIL","order":105},{"langIso":"SV","fullName":"Facebookprofil","searchName":"FACEBOOKPROFIL","order":115},{"langIso":"NL","fullName":"Facebookprofiel","searchName":"FACEBOOKPROFIEL","order":80},{"langIso":"EL","fullName":"Προφίλ στο Facebook","searchName":"ΠΡΟΦΙΛ ΣΤΟ FACEBOOK","order":35},{"langIso":"BG","fullName":"Провил във Facebook ","searchName":"ПРОФИЛ ВЪВ FACEBOOK ","order":5},{"langIso":"CS","fullName":"Facebookový profil","searchName":"FACEBOOKOVÝ PROFIL","order":15},{"langIso":"DA","fullName":"Facebook-profil","searchName":"FACEBOOK-PROFIL","order":20},{"langIso":"FR","fullName":"Facebook Profile","searchName":"FACEBOOK PROFILE","order":45}]},
 {"identifier":23,"addtCode":"CIS","shortName":"Cartes d'identités spéciales belges","mepFlag":true,"groupCode":"OTHER","updateDate":"2019-10-28T06:46:14.000+00:00","updateUser":"CODICT/mbourcellier","desc":[]},
 {"identifier":24,"addtCode":"SND","shortName":"SoundCloud","mepCode":"SND","mepFlag":true,"groupCode":"VIRTUAL","updateDate":"2017-05-11T06:39:08.000+00:00","updateUser":"CODICT\\opentecote","desc":[{"langIso":"BG","fullName":"SoundCloud","searchName":"SOUNDCLOUD","order":5},{"langIso":"ES","fullName":"SoundCloud","searchName":"SOUNDCLOUD","order":10},{"langIso":"CS","fullName":"SoundCloud","searchName":"SOUNDCLOUD","order":15},{"langIso":"DA","fullName":"SoundCloud","searchName":"SOUNDCLOUD","order":20},{"langIso":"DE","fullName":"SoundCloud","searchName":"SOUNDCLOUD","order":25},{"langIso":"ET","fullName":"SoundCloud","searchName":"SOUNDCLOUD","order":30},{"langIso":"EL","fullName":"SoundCloud","searchName":"SOUNDCLOUD","order":35},{"langIso":"EN","fullName":"SoundCloud","searchName":"SOUNDCLOUD","order":40},{"langIso":"FR","fullName":"SoundCloud","searchName":"SOUNDCLOUD","order":45},{"langIso":"HR","fullName":"SoundCloud","searchName":"SOUNDCLOUD","order":52},{"langIso":"GA","fullName":"SoundCloud","searchName":"SOUNDCLOUD","order":50},{"langIso":"IT","fullName":"SoundCloud","searchName":"SOUNDCLOUD","order":55},{"langIso":"LV","fullName":"SoundCloud","searchName":"SOUNDCLOUD","order":60},{"langIso":"LT","fullName":"SoundCloud","searchName":"SOUNDCLOUD","order":65},{"langIso":"HU","fullName":"SoundCloud","searchName":"SOUNDCLOUD","order":70},{"langIso":"MT","fullName":"SoundCloud","searchName":"SOUNDCLOUD","order":75},{"langIso":"NL","fullName":"SoundCloud","searchName":"SOUNDCLOUD","order":80},{"langIso":"PL","fullName":"SoundCloud","searchName":"SOUNDCLOUD","order":85},{"langIso":"PT","fullName":"SoundCloud","searchName":"SOUNDCLOUD","order":90},{"langIso":"RO","fullName":"SoundCloud","searchName":"SOUNDCLOUD","order":95},{"langIso":"SK","fullName":"SoundCloud","searchName":"SOUNDCLOUD","order":100},{"langIso":"SL","fullName":"SoundCloud","searchName":"SOUNDCLOUD","order":105},{"langIso":"FI","fullName":"SoundCloud","searchName":"SOUNDCLOUD","order":110},{"langIso":"SV","fullName":"SoundCloud","searchName":"SOUNDCLOUD","order":115}]},
 {"identifier":28,"addtCode":"FLK","shortName":"Flickr","mepCode":"FLK","mepFlag":true,"groupCode":"VIRTUAL","updateDate":"2017-05-11T06:39:08.000+00:00","updateUser":"CODICT\\opentecote","desc":[{"langIso":"FR","fullName":"Flickr","searchName":"FLICKR","order":45},{"langIso":"EN","fullName":"Flickr","searchName":"FLICKR","order":40}]},
 {"identifier":25,"addtCode":"YTB","shortName":"YouTube","mepCode":"YTB","mepFlag":true,"groupCode":"VIRTUAL","updateDate":"2017-05-11T06:39:08.000+00:00","updateUser":"CODICT\\opentecote","desc":[{"langIso":"FR","fullName":"Chaîne YouTube","searchName":"YOUTUBE","order":45},{"langIso":"EN","fullName":"YouTube Chanel","searchName":"YOUTUBE","order":40}]},
 {"identifier":29,"addtCode":"IST","shortName":"Instagram","mepCode":"IST","mepFlag":true,"groupCode":"VIRTUAL","updateDate":"2017-05-11T06:39:08.000+00:00","updateUser":"CODICT\\opentecote","desc":[{"langIso":"FR","fullName":"Instagram","searchName":"INSTAGRAM","order":45},{"langIso":"EN","fullName":"Instagram","searchName":"INSTAGRAM","order":40}]},
 {"identifier":30,"addtCode":"LNK","shortName":"LinkedIn","mepCode":"LNK","mepFlag":true,"groupCode":"VIRTUAL","updateDate":"2017-05-11T06:39:08.000+00:00","updateUser":"CODICT\\opentecote","desc":[{"langIso":"FR","fullName":"LinkedIn","searchName":"LINKEDIN","order":45},{"langIso":"EN","fullName":"LinkedIn","searchName":"LINKEDIN","order":40}]},
 {"identifier":26,"addtCode":"GGL","shortName":"Google+","mepCode":"GGL","mepFlag":true,"groupCode":"VIRTUAL","updateDate":"2017-05-11T06:39:07.000+00:00","updateUser":"CODICT\\opentecote","desc":[{"langIso":"BG","fullName":"Google +","searchName":"GOOGLE +","order":5},{"langIso":"ES","fullName":"Google +","searchName":"GOOGLE +","order":10},{"langIso":"CS","fullName":"Google+","searchName":"GOOGLE+","order":15},{"langIso":"DA","fullName":"Google +","searchName":"GOOGLE +","order":20},{"langIso":"DE","fullName":"Google +","searchName":"GOOGLE +","order":25},{"langIso":"ET","fullName":"Google +","searchName":"GOOGLE +","order":30},{"langIso":"EL","fullName":"Google +","searchName":"GOOGLE +","order":35},{"langIso":"EN","fullName":"Google +","searchName":"GOOGLE +","order":40},{"langIso":"FR","fullName":"Google +","searchName":"GOOGLE +","order":45},{"langIso":"HR","fullName":"Google +","searchName":"GOOGLE +","order":52},{"langIso":"GA","fullName":"Google +","searchName":"GOOGLE +","order":50},{"langIso":"IT","fullName":"Google +","searchName":"GOOGLE +","order":55},{"langIso":"LV","fullName":"Google +","searchName":"GOOGLE +","order":60},{"langIso":"LT","fullName":"Google +","searchName":"GOOGLE +","order":65},{"langIso":"HU","fullName":"Google +","searchName":"GOOGLE +","order":70},{"langIso":"MT","fullName":"Google+","searchName":"GOOGLE+","order":75},{"langIso":"NL","fullName":"Google +","searchName":"GOOGLE +","order":80},{"langIso":"PL","fullName":"Google +","searchName":"GOOGLE +","order":85},{"langIso":"PT","fullName":"Google +","searchName":"GOOGLE +","order":90},{"langIso":"RO","fullName":"Google +","searchName":"GOOGLE +","order":95},{"langIso":"SK","fullName":"Google +","searchName":"GOOGLE +","order":100},{"langIso":"SL","fullName":"Google +","searchName":"GOOGLE +","order":105},{"langIso":"FI","fullName":"Google +","searchName":"GOOGLE +","order":110},{"langIso":"SV","fullName":"Google +","searchName":"GOOGLE +","order":115}]},
 {"identifier":27,"addtCode":"BGE","shortName":"Blog européen","mepCode":"BGE","mepFlag":true,"groupCode":"VIRTUAL","updateDate":"2017-05-11T06:39:07.000+00:00","updateUser":"CODICT\\opentecote","desc":[{"langIso":"BG","fullName":"Европейски блог","searchName":"ЕВРОПЕЙСКИ БЛОГ","order":5},{"langIso":"ES","fullName":"Blog Europeo","searchName":"BLOG EUROPEO","order":10},{"langIso":"CS","fullName":"Evropský blog","searchName":"EVROPSKÝ BLOG","order":15},{"langIso":"DA","fullName":"Europæisk blog","searchName":"EUROPÆISK BLOG","order":20},{"langIso":"DE","fullName":"Europäisches Blog","searchName":"EUROPÄISCHES BLOG","order":25},{"langIso":"ET","fullName":"Euroopa blogi","searchName":"EUROOPA BLOGI","order":30},{"langIso":"EL","fullName":"Ευρωπαϊκό ιστολόγιο","searchName":"ΕΥΡΩΠΑΪΚΟ ΙΣΤΟΛΟΓΙΟ","order":35},{"langIso":"EN","fullName":"European blog","searchName":"EUROPEAN BLOG","order":40},{"langIso":"FR","fullName":"Blog européen","searchName":"BLOG EUROPÉEN","order":45},{"langIso":"HR","fullName":"Europski blog","searchName":"EUROPSKI BLOG","order":52},{"langIso":"GA","fullName":"Blog Eorpach","searchName":"BLOG EORPACH","order":50},{"langIso":"IT","fullName":"Blog europeo","searchName":"BLOG EUROPEO","order":55},{"langIso":"LV","fullName":"Eiropas blogs","searchName":"EIROPAS BLOGS","order":60},{"langIso":"LT","fullName":"Europos tinklaraštis","searchName":"EUROPOS TINKLARAŠTIS","order":65},{"langIso":"HU","fullName":"Európai blog","searchName":"EURÓPAI BLOG","order":70},{"langIso":"MT","fullName":"Blogg Ewropew","searchName":"BLOGG EWROPEW","order":75},{"langIso":"NL","fullName":"Europese blog","searchName":"EUROPESE BLOG","order":80},{"langIso":"PL","fullName":"Blog europejski","searchName":"BLOG EUROPEJSKI","order":85},{"langIso":"PT","fullName":"Blog europeu","searchName":"BLOG EUROPEU","order":90},{"langIso":"RO","fullName":"Blog european","searchName":"BLOG EUROPEAN","order":95},{"langIso":"SK","fullName":"Európsky blog","searchName":"EURÓPSKY BLOG","order":100},{"langIso":"SL","fullName":"Evropski blog","searchName":"EVROPSKI BLOG","order":105},{"langIso":"FI","fullName":"Eurooppa-blogi","searchName":"EUROOPPA-BLOGI","order":110},{"langIso":"SV","fullName":"Europabloggen","searchName":"EUROPABLOGGEN","order":115}]},
 {"identifier":34,"addtCode":"ADM","shortName":"Administratif","mepCode":"ADM","mepFlag":true,"groupCode":"USAGE","updateDate":"2019-10-28T06:46:14.000+00:00","updateUser":"CODICT/mbourcellier","desc":[{"langIso":"FR","fullName":"Administratif","searchName":"ADMINISTRATIF","order":45}]},
 {"identifier":35,"addtCode":"EPL","shortName":"Europarl","mepCode":"EPL","mepFlag":true,"tmsCode":"EPL","groupCode":"USAGE","updateDate":"2019-12-11T06:56:46.000+00:00","updateUser":"TMADIS-1600/mbourcellier","desc":[{"langIso":"EN","fullName":"Europarl - MEP Page","searchName":"EUROPARL","order":40},{"langIso":"FR","fullName":"Europarl - Page MEP","searchName":"EUROPARL","order":45}]},
 {"identifier":31,"addtCode":"CAL","shortName":"Calendar","mepCode":"CAL","mepFlag":true,"groupCode":"VIRTUAL","updateDate":"2018-08-10T09:15:02.000+00:00","updateUser":"codict/mbourcellier","desc":[{"langIso":"EN","fullName":"Calendar","searchName":"CALENDAR","order":40}]}
]
