[
 {"isoCode":"0","referenceCode":"X","updatedDate":"2013-11-28T17:10:33.000+00:00","desc":[{"langIso":"BG","fullName":"неизвестен","searchName":"НЕИЗВЕСТЕН","order":5},{"langIso":"CS","fullName":"neznámé","searchName":"NEZNÁMÉ","order":15},{"langIso":"DA","fullName":"ikke kendt","searchName":"IKKE KENDT","order":20},{"langIso":"DE","fullName":"unbekannt","searchName":"UNBEKANNT","order":25},{"langIso":"EL","fullName":"άγνωστο","searchName":"ΑΓΝΩΣΤΟ","order":35},{"langIso":"EN","fullName":"unknown","searchName":"UNKNOWN","order":40},{"langIso":"ES","fullName":"desconocido","searchName":"DESCONOCIDO","order":10},{"langIso":"ET","fullName":"pole teada","searchName":"POLE TEADA","order":30},{"langIso":"FI","fullName":"tuntematonen","searchName":"TUNTEMATONEN","order":110},{"langIso":"FR","fullName":"pas connu","searchName":"PAS CONNU","order":45},{"langIso":"GA","fullName":"ní fios","searchName":"NÍ FIOS","order":50},{"langIso":"HR","fullName":"nepoznat","searchName":"NEPOZNAT","order":52},{"langIso":"HU","fullName":"ismeretlen","searchName":"ISMERETLEN","order":70},{"langIso":"IT","fullName":"Sconosciuto","searchName":"SCONOSCIUTO","order":55},{"langIso":"LT","fullName":"nežinoma","searchName":"NEŽINOMA","order":65},{"langIso":"LV","fullName":"nezināms","searchName":"NEZINĀMS","order":60},{"langIso":"MT","fullName":"mhux magħruf","searchName":"MHUX MAGĦRUF","order":75},{"langIso":"NL","fullName":"onbekend","searchName":"ONBEKEND","order":80},{"langIso":"PL","fullName":"nieznany","searchName":"NIEZNANY","order":85},{"langIso":"PT","fullName":"desconhecido","searchName":"DESCONHECIDO","order":90},{"langIso":"RO","fullName":"necunoscut","searchName":"NECUNOSCUT","order":95},{"langIso":"SK","fullName":"Neznáme","searchName":"NEZNÁME","order":100},{"langIso":"SL","fullName":"neznan","searchName":"NEZNAN","order":105},{"langIso":"SV","fullName":"okänd","searchName":"OKÄND","order":115}]},
 {"isoCode":"1","referenceCode":"M","updatedDate":"2013-11-28T17:10:53.000+00:00","desc":[{"langIso":"BG","fullName":"мъжки","searchName":"МЪЖКИ","order":5},{"langIso":"CS","fullName":"mužské","searchName":"MUŽSKÉ","order":15},{"langIso":"DA","fullName":"hankøn","searchName":"HANKØN","order":20},{"langIso":"DE","fullName":"männlich","searchName":"MANNLICH","order":25},{"langIso":"EL","fullName":"αρσενικ","searchName":"ΑΡΣΕΝΙΚΟ","order":35},{"langIso":"EN","fullName":"male","searchName":"MALE","order":40},{"langIso":"ES","fullName":"masculino","searchName":"MASCULINO","order":10},{"langIso":"ET","fullName":"mees","searchName":"MEES","order":30},{"langIso":"FI","fullName":"mies","searchName":"MIES","order":110},{"langIso":"FR","fullName":"masculin","searchName":"MASCULIN","order":45},{"langIso":"GA","fullName":"fear","searchName":"FEAR","order":50},{"langIso":"HR","fullName":"muški","searchName":"MUŠKI","order":52},{"langIso":"HU","fullName":"hímnemű","searchName":"HÍMNEMŰ","order":70},{"langIso":"IT","fullName":"maschile","searchName":"MASCHILE","order":55},{"langIso":"LT","fullName":"vyriška","searchName":"VYRIŠKA","order":65},{"langIso":"LV","fullName":"vīriešu dz.","searchName":"VĪRIEŠU DZ.","order":60},{"langIso":"MT","fullName":"maskil","searchName":"MASKIL","order":75},{"langIso":"NL","fullName":"manlijk","searchName":"MANLIJK","order":80},{"langIso":"PL","fullName":"męski","searchName":"MĘSKI","order":85},{"langIso":"PT","fullName":"masculino","searchName":"MASCULINO","order":90},{"langIso":"RO","fullName":"masculin","searchName":"MASCULIN","order":95},{"langIso":"SK","fullName":"Mužské","searchName":"MUŽSKÉ","order":100},{"langIso":"SL","fullName":"moški spol","searchName":"MOŠKI SPOL","order":105},{"langIso":"SV","fullName":"maskulin","searchName":"MASKULIN","order":115}]},
 {"isoCode":"2","referenceCode":"F","updatedDate":"2013-11-28T17:11:08.000+00:00","desc":[{"langIso":"BG","fullName":"женски","searchName":"ЖЕНСКИ","order":5},{"langIso":"CS","fullName":"ženské","searchName":"ŽENSKÉ","order":15},{"langIso":"DA","fullName":"hunkøn","searchName":"HUNKØN","order":20},{"langIso":"DE","fullName":"weiblich","searchName":"WEIBLICH","order":25},{"langIso":"EL","fullName":"θηλυκό","searchName":"ΘΗΛΥΚΟ","order":35},{"langIso":"EN","fullName":"female","searchName":"FEMALE","order":40},{"langIso":"ES","fullName":"feminino","searchName":"FEMININO","order":10},{"langIso":"ET","fullName":"naine","searchName":"NAINE","order":30},{"langIso":"FI","fullName":"nainen","searchName":"NAINEN","order":110},{"langIso":"FR","fullName":"féminin","searchName":"FEMININ","order":45},{"langIso":"GA","fullName":"bean","searchName":"BEAN","order":50},{"langIso":"HR","fullName":"ženski","searchName":"ŽENSKI","order":52},{"langIso":"HU","fullName":"nőnemű","searchName":"NŐNEMŰ","order":70},{"langIso":"IT","fullName":"feminine","searchName":"FEMININE","order":55},{"langIso":"LT","fullName":"moteriška","searchName":"MOTERIŠKA","order":65},{"langIso":"LV","fullName":"sieviešu dz.","searchName":"SIEVIEŠU DZ.","order":60},{"langIso":"MT","fullName":"femminil","searchName":"FEMMINIL","order":75},{"langIso":"NL","fullName":"vrouwelijk","searchName":"VROUWELIJK","order":80},{"langIso":"PL","fullName":"żeński","searchName":"ŻEŃSKI","order":85},{"langIso":"PT","fullName":"feminino","searchName":"FEMININO","order":90},{"langIso":"RO","fullName":"feminin","searchName":"FEMININ","order":95},{"langIso":"SK","fullName":"Ženské","searchName":"ŽENSKÉ","order":100},{"langIso":"SL","fullName":"ženski spol","searchName":"ŽENSKI SPOL","order":105},{"langIso":"SV","fullName":"feminin","searchName":"FEMININ","order":115}]},
 {"isoCode":"9","referenceCode":"U","updatedDate":"2013-11-28T17:11:24.000+00:00","desc":[{"langIso":"BG","fullName":"неопределен","searchName":"НЕОПРЕДЕЛЕН","order":5},{"langIso":"CS","fullName":"neuvedeno","searchName":"NEUVEDENO","order":15},{"langIso":"DA","fullName":"ikke specificeret","searchName":"IKKE SPECIFICERET","order":20},{"langIso":"DE","fullName":"nicht spezifiert","searchName":"NICHT SPEZIFIERT","order":25},{"langIso":"EL","fullName":"απροσδιόριστο","searchName":"ΑΠΡΟΣΔΙΟΡΙΣΤΟ","order":35},{"langIso":"EN","fullName":"unspecified","searchName":"UNSPECIFIED","order":40},{"langIso":"ES","fullName":"no espicificado","searchName":"NO ESPECIFICADO","order":10},{"langIso":"ET","fullName":"määramata","searchName":"MÄÄRAMATA","order":30},{"langIso":"FI","fullName":"määrittelemätön","searchName":"MÄÄRITTELEMÄTÖN","order":110},{"langIso":"FR","fullName":"pas spécifié","searchName":"PAS SPECIFIE","order":45},{"langIso":"GA","fullName":"ní shonraítear","searchName":"NÍ SHONRAÍTEAR","order":50},{"langIso":"HR","fullName":"nespecificirane","searchName":"NESPECIFICIRANE","order":52},{"langIso":"HU","fullName":"meg nem határozott","searchName":"MEG NEM HATÁROZOTT","order":70},{"langIso":"IT","fullName":"non specificato","searchName":"NON SPECIFICATO","order":55},{"langIso":"LT","fullName":"nenurodyta","searchName":"NENURODYTA","order":65},{"langIso":"LV","fullName":"nav noteikts","searchName":"NAV NOTEIKTS","order":60},{"langIso":"MT","fullName":"mhux speċifikat","searchName":"MHUX SPEĊIFIKAT","order":75},{"langIso":"NL","fullName":"niet aangegeven","searchName":"NIET AANGEGEVEN","order":80},{"langIso":"PL","fullName":"nieokreślony","searchName":"NIEOKREŚLONY","order":85},{"langIso":"PT","fullName":"não especificado","searchName":"NÃO ESPECIFICADO","order":90},{"langIso":"RO","fullName":"nespecificat","searchName":"NESPECIFICAT","order":95},{"langIso":"SK","fullName":"Nešpecifikované","searchName":"NEŠPECIFIKOVANÉ","order":100},{"langIso":"SL","fullName":"nedoločen","searchName":"NEDOLOČEN","order":105},{"langIso":"SV","fullName":"oväntad","searchName":"OVÄNTAD","order":115}]}
]
