[
 {"identifier":24,"langIso":"EN","periodType":"LEG","startDate":"1979-07-16T22:00:00.000+00:00","endDate":"1984-07-22T22:00:00.000+00:00","updateDate":"2016-01-11T13:03:52.000+00:00","order":1,"fullName":"First parliamentary term","upperName":"FIRST PARLIAMENTARY TERM","dayPart":"NA"},
 {"identifier":25,"langIso":"EN","periodType":"LEG","startDate":"1984-07-23T22:00:00.000+00:00","endDate":"1989-07-23T22:00:00.000+00:00","updateDate":"2016-01-11T13:03:52.000+00:00","order":2,"fullName":"Second parliamentary term","upperName":"SECOND PARLIAMENTARY TERM","dayPart":"NA"},
 {"identifier":26,"langIso":"EN","periodType":"LEG","startDate":"1989-07-24T22:00:00.000+00:00","endDate":"1994-07-17T22:00:00.000+00:00","updateDate":"2016-01-11T13:03:52.000+00:00","order":3,"fullName":"Third parliamentary term","upperName":"THIRD PARLIAMENTARY TERM","dayPart":"NA"},
 {"identifier":27,"langIso":"EN","periodType":"LEG","startDate":"1994-07-18T22:00:00.000+00:00","endDate":"1999-07-18T22:00:00.000+00:00","updateDate":"2016-01-11T13:03:52.000+00:00","order":4,"fullName":"Fourth parliamentary term","upperName":"FOURTH PARLIAMENTARY TERM","dayPart":"NA"},
 {"identifier":28,"langIso":"EN","periodType":"LEG","startDate":"1999-07-19T22:00:00.000+00:00","endDate":"2004-07-18T22:00:00.000+00:00","updateDate":"2016-01-11T13:03:52.000+00:00","order":5,"fullName":"Fifth parliamentary term","upperName":"FIFTH PARLIAMENTARY TERM","dayPart":"NA"},
 {"identifier":5423,"langIso":"EN","periodType":"LEG","startDate":"2004-07-19T22:00:00.000+00:00","endDate":"2009-07-12T22:00:00.000+00:00","updateDate":"2016-01-11T13:03:52.000+00:00","order":6,"fullName":"Sixth parliamentary term","upperName":"SIXTH PARLIAMENTARY TERM","dayPart":"NA"},
 {"identifier":12465,"langIso":"EN","periodType":"LEG","startDate":"2009-07-13T22:00:00.000+00:00","endDate":"2014-06-29T22:00:00.000+00:00","updateDate":"2016-01-11T13:03:52.000+00:00","order":7,"fullName":"Seventh parliamentary term","upperName":"SEVENTH PARLIAMENTARY TERM","dayPart":"NA"},
 {"identifier":16123,"langIso":"EN","periodType":"LEG","startDate":"2014-06-30T22:00:00.000+00:00","endDate":"2019-06-30T22:00:00.000+00:00","updateDate":"2019-01-08T10:24:27.000+00:00","order":8,"fullName":"Eighth parliamentary term","upperName":"EIGHTH PARLIAMENTARY TERM","dayPart":"NA"},
 {"identifier":19951,"langIso":"EN","periodType":"LEG","startDate":"2019-07-01T22:00:00.000+00:00","endDate":"2099-12-30T23:00:00.000+00:00","updateDate":"2019-01-08T10:31:56.000+00:00","order":9,"fullName":"Ninth parliamentary term","upperName":"NINTH PARLIAMENTARY TERM","dayPart":"NA"}
]
