<?xml version="1.0" encoding="utf-8"?>
<!DOCTYPE PV.AttendanceRegister SYSTEM "http://www2.europarl.ep.ec/pv/LP.dtd">
<PV.AttendanceRegister Document.Language="EN" EP.Number="PE 635.506" EP.Reference="P8_PV(2019)02-11" Sitting.Date="2019-02-11" Sitting.Identifier="2645649" xmlns:chart="http://openoffice.org/2000/chart" xmlns:dr3d="http://openoffice.org/2000/dr3d" xmlns:draw="http://openoffice.org/2000/drawing" xmlns:fo="http://www.w3.org/1999/XSL/Format" xmlns:form="http://openoffice.org/2000/form" xmlns:ino="http://namespaces.softwareag.com/tamino/response2" xmlns:math="http://www.w3.org/1998/Math/MathML" xmlns:number="http://openoffice.org/2000/datastyle" xmlns:office="http://openoffice.org/2000/office" xmlns:script="http://openoffice.org/2000/script" xmlns:style="http://openoffice.org/2000/style" xmlns:svg="http://www.w3.org/2000/svg" xmlns:table="http://openoffice.org/2000/table" xmlns:text="http://openoffice.org/2000/text" xmlns:xlink="http://www.w3.org/1999/xlink" xmlns:xql="http://metalab.unc.edu/xql/"><AttendanceRegister.Title.Text>ATTENDANCE REGISTER</AttendanceRegister.Title.Text><AttendanceRegister.Introduction.Text>Present:</AttendanceRegister.Introduction.Text><Attendance.Participant.Name MEP.Identifier="124797">Affronte</Attendance.Participant.Name><Attendance.Participant.Name MEP.Identifier="124811">Agea</Attendance.Participant.Name><Attendance.Participant.Name MEP.Identifier="96897">Agnew</Attendance.Participant.Name><Attendance.Participant.Name MEP.Identifier="125045">Aguilera García</Attendance.Participant.Name><Attendance.Participant.Name MEP.Identifier="124842">Aiuto</Attendance.Participant.Name><Attendance.Participant.Name MEP.Identifier="99650">Aker</Attendance.Participant.Name><Attendance.Participant.Name MEP.Identifier="34250">Ali</Attendance.Participant.Name><Attendance.Participant.Name MEP.Identifier="1179">Alliot-Marie</Attendance.Participant.Name><Attendance.Participant.Name MEP.Identifier="124949">Lucy Anderson</Attendance.Participant.Name><Attendance.Participant.Name MEP.Identifier="113959">Martina Anderson</Attendance.Participant.Name><Attendance.Participant.Name MEP.Identifier="124994">Andersson</Attendance.Participant.Name><Attendance.Participant.Name MEP.Identifier="113892">Andrieu</Attendance.Participant.Name><Attendance.Participant.Name MEP.Identifier="28276">Andrikienė</Attendance.Participant.Name><Attendance.Participant.Name MEP.Identifier="125110">Androulakis</Attendance.Participant.Name><Attendance.Participant.Name MEP.Identifier="124973">Annemans</Attendance.Participant.Name><Attendance.Participant.Name MEP.Identifier="24922">Arimont</Attendance.Participant.Name><Attendance.Participant.Name MEP.Identifier="124748">Arnautu</Attendance.Participant.Name><Attendance.Participant.Name MEP.Identifier="124958">Arnott</Attendance.Participant.Name><Attendance.Participant.Name MEP.Identifier="28132">Ashworth</Attendance.Participant.Name><Attendance.Participant.Name MEP.Identifier="28307">Assis</Attendance.Participant.Name><Attendance.Participant.Name MEP.Identifier="124938">Atkinson</Attendance.Participant.Name><Attendance.Participant.Name MEP.Identifier="28161">Auken</Attendance.Participant.Name><Attendance.Participant.Name MEP.Identifier="124766">Auštrevičius</Attendance.Participant.Name><Attendance.Participant.Name MEP.Identifier="28292">Ayala Sender</Attendance.Participant.Name><Attendance.Participant.Name MEP.Identifier="4319">Ayuso</Attendance.Participant.Name><Attendance.Participant.Name MEP.Identifier="96937">van Baalen</Attendance.Participant.Name><Attendance.Participant.Name MEP.Identifier="97293">Bach</Attendance.Participant.Name><Attendance.Participant.Name MEP.Identifier="124744">Balas</Attendance.Participant.Name><Attendance.Participant.Name MEP.Identifier="96680">Balčytis</Attendance.Participant.Name><Attendance.Participant.Name MEP.Identifier="96877">Balczó</Attendance.Participant.Name><Attendance.Participant.Name MEP.Identifier="28497">Batten</Attendance.Participant.Name><Attendance.Participant.Name MEP.Identifier="124760">Bay</Attendance.Participant.Name><Attendance.Participant.Name MEP.Identifier="125002">Bayet</Attendance.Participant.Name><Attendance.Participant.Name MEP.Identifier="96955">Bearder</Attendance.Participant.Name><Attendance.Participant.Name MEP.Identifier="125040">Becerra Basterrechea</Attendance.Participant.Name><Attendance.Participant.Name MEP.Identifier="107041">Becker</Attendance.Participant.Name><Attendance.Participant.Name MEP.Identifier="124777">Beghin</Attendance.Participant.Name><Attendance.Participant.Name MEP.Identifier="4507">Belder</Attendance.Participant.Name><Attendance.Participant.Name MEP.Identifier="28257">Belet</Attendance.Participant.Name><Attendance.Participant.Name MEP.Identifier="96705">Bendtsen</Attendance.Participant.Name><Attendance.Participant.Name MEP.Identifier="135490">Benito Ziluaga</Attendance.Participant.Name><Attendance.Participant.Name MEP.Identifier="23868">Beňová</Attendance.Participant.Name><Attendance.Participant.Name MEP.Identifier="1985">Berès</Attendance.Participant.Name><Attendance.Participant.Name MEP.Identifier="124740">Bergeron</Attendance.Participant.Name><Attendance.Participant.Name MEP.Identifier="124819">Bettini</Attendance.Participant.Name><Attendance.Participant.Name MEP.Identifier="96922">Bilbao Barandica</Attendance.Participant.Name><Attendance.Participant.Name MEP.Identifier="124771">Bilde</Attendance.Participant.Name><Attendance.Participant.Name MEP.Identifier="97198">Bizzotto</Attendance.Participant.Name><Attendance.Participant.Name MEP.Identifier="124992">Björk</Attendance.Participant.Name><Attendance.Participant.Name MEP.Identifier="96681">Blinkevičiūtė</Attendance.Participant.Name><Attendance.Participant.Name MEP.Identifier="124712">Bocskor</Attendance.Participant.Name><Attendance.Participant.Name MEP.Identifier="1037">Böge</Attendance.Participant.Name><Attendance.Participant.Name MEP.Identifier="125004">Bogovič</Attendance.Participant.Name><Attendance.Participant.Name MEP.Identifier="124814">Bonafè</Attendance.Participant.Name><Attendance.Participant.Name MEP.Identifier="124896">Boni</Attendance.Participant.Name><Attendance.Participant.Name MEP.Identifier="21817">Borghezio</Attendance.Participant.Name><Attendance.Participant.Name MEP.Identifier="124796">Borrelli</Attendance.Participant.Name><Attendance.Participant.Name MEP.Identifier="112748">Borzan</Attendance.Participant.Name><Attendance.Participant.Name MEP.Identifier="39711">Boştinaru</Attendance.Participant.Name><Attendance.Participant.Name MEP.Identifier="124964">Bours</Attendance.Participant.Name><Attendance.Participant.Name MEP.Identifier="124753">Boutonnet</Attendance.Participant.Name><Attendance.Participant.Name MEP.Identifier="96744">Bové</Attendance.Participant.Name><Attendance.Participant.Name MEP.Identifier="124954">Brannen</Attendance.Participant.Name><Attendance.Participant.Name MEP.Identifier="28346">Bresso</Attendance.Participant.Name><Attendance.Participant.Name MEP.Identifier="124787">Briano</Attendance.Participant.Name><Attendance.Participant.Name MEP.Identifier="124757">Briois</Attendance.Participant.Name><Attendance.Participant.Name MEP.Identifier="1263">Brok</Attendance.Participant.Name><Attendance.Participant.Name MEP.Identifier="188733">Bullock</Attendance.Participant.Name><Attendance.Participant.Name MEP.Identifier="28269">Buzek</Attendance.Participant.Name><Attendance.Participant.Name MEP.Identifier="96849">Cadec</Attendance.Participant.Name><Attendance.Participant.Name MEP.Identifier="129407">Calvet Chambon</Attendance.Participant.Name><Attendance.Participant.Name MEP.Identifier="96754">van de Camp</Attendance.Participant.Name><Attendance.Participant.Name MEP.Identifier="96912">Campbell Bannerman</Attendance.Participant.Name><Attendance.Participant.Name MEP.Identifier="124851">Caputo</Attendance.Participant.Name><Attendance.Participant.Name MEP.Identifier="124986">Carthy</Attendance.Participant.Name><Attendance.Participant.Name MEP.Identifier="124971">Carver</Attendance.Participant.Name><Attendance.Participant.Name MEP.Identifier="28122">Casa</Attendance.Participant.Name><Attendance.Participant.Name MEP.Identifier="28219">Caspary</Attendance.Participant.Name><Attendance.Participant.Name MEP.Identifier="124812">Castaldo</Attendance.Participant.Name><Attendance.Participant.Name MEP.Identifier="28390">del Castillo Vera</Attendance.Participant.Name><Attendance.Participant.Name MEP.Identifier="28206">Cavada</Attendance.Participant.Name><Attendance.Participant.Name MEP.Identifier="28451">Cesa</Attendance.Participant.Name><Attendance.Participant.Name MEP.Identifier="124708">Charanzová</Attendance.Participant.Name><Attendance.Participant.Name MEP.Identifier="124752">Chauprade</Attendance.Participant.Name><Attendance.Participant.Name MEP.Identifier="96603">Childers</Attendance.Participant.Name><Attendance.Participant.Name MEP.Identifier="124861">Chinnici</Attendance.Participant.Name><Attendance.Participant.Name MEP.Identifier="26851">Chountis</Attendance.Participant.Name><Attendance.Participant.Name MEP.Identifier="28154">Christensen</Attendance.Participant.Name><Attendance.Participant.Name MEP.Identifier="125061">Chrysogonos</Attendance.Participant.Name><Attendance.Participant.Name MEP.Identifier="124854">Cicu</Attendance.Participant.Name><Attendance.Participant.Name MEP.Identifier="124772">Cirio</Attendance.Participant.Name><Attendance.Participant.Name MEP.Identifier="124967">Coburn</Attendance.Participant.Name><Attendance.Participant.Name MEP.Identifier="1892">Coelho</Attendance.Participant.Name><Attendance.Participant.Name MEP.Identifier="96915">Cofferati</Attendance.Participant.Name><Attendance.Participant.Name MEP.Identifier="112788">Collin-Langen</Attendance.Participant.Name><Attendance.Participant.Name MEP.Identifier="124955">Collins</Attendance.Participant.Name><Attendance.Participant.Name MEP.Identifier="96775">Comi</Attendance.Participant.Name><Attendance.Participant.Name MEP.Identifier="96674">Corazza Bildt</Attendance.Participant.Name><Attendance.Participant.Name MEP.Identifier="2309">Corbett</Attendance.Participant.Name><Attendance.Participant.Name MEP.Identifier="4338">Cornillet</Attendance.Participant.Name><Attendance.Participant.Name MEP.Identifier="124856">Corrao</Attendance.Participant.Name><Attendance.Participant.Name MEP.Identifier="96917">Silvia Costa</Attendance.Participant.Name><Attendance.Participant.Name MEP.Identifier="96880">Cozzolino</Attendance.Participant.Name><Attendance.Participant.Name MEP.Identifier="28238">Cramer</Attendance.Participant.Name><Attendance.Participant.Name MEP.Identifier="40224">Cristea</Attendance.Participant.Name><Attendance.Participant.Name MEP.Identifier="124930">Csáky</Attendance.Participant.Name><Attendance.Participant.Name MEP.Identifier="28372">Czarnecki</Attendance.Participant.Name><Attendance.Participant.Name MEP.Identifier="132925">Czesak</Attendance.Participant.Name><Attendance.Participant.Name MEP.Identifier="96809">van Dalen</Attendance.Participant.Name><Attendance.Participant.Name MEP.Identifier="124970">Miriam Dalli</Attendance.Participant.Name><Attendance.Participant.Name MEP.Identifier="35135">Dalton</Attendance.Participant.Name><Attendance.Participant.Name MEP.Identifier="183338">Dalunde</Attendance.Participant.Name><Attendance.Participant.Name MEP.Identifier="124835">D'Amato</Attendance.Participant.Name><Attendance.Participant.Name MEP.Identifier="124952">Dance</Attendance.Participant.Name><Attendance.Participant.Name MEP.Identifier="96747">Danjean</Attendance.Participant.Name><Attendance.Participant.Name MEP.Identifier="124821">Danti</Attendance.Participant.Name><Attendance.Participant.Name MEP.Identifier="96958">(The Earl of) Dartmouth</Attendance.Participant.Name><Attendance.Participant.Name MEP.Identifier="96891">De Castro</Attendance.Participant.Name><Attendance.Participant.Name MEP.Identifier="124732">Delahaye</Attendance.Participant.Name><Attendance.Participant.Name MEP.Identifier="124714">Deli</Attendance.Participant.Name><Attendance.Participant.Name MEP.Identifier="96868">Delli</Attendance.Participant.Name><Attendance.Participant.Name MEP.Identifier="124776">Delvaux</Attendance.Participant.Name><Attendance.Participant.Name MEP.Identifier="124803">De Monte</Attendance.Participant.Name><Attendance.Participant.Name MEP.Identifier="1473">Deprez</Attendance.Participant.Name><Attendance.Participant.Name MEP.Identifier="28228">Deß</Attendance.Participant.Name><Attendance.Participant.Name MEP.Identifier="190799">Detjen</Attendance.Participant.Name><Attendance.Participant.Name MEP.Identifier="96826">Deutsch</Attendance.Participant.Name><Attendance.Participant.Name MEP.Identifier="124805">Diaconu</Attendance.Participant.Name><Attendance.Participant.Name MEP.Identifier="28397">Díaz de Mera García Consuegra</Attendance.Participant.Name><Attendance.Participant.Name MEP.Identifier="190774">Didier</Attendance.Participant.Name><Attendance.Participant.Name MEP.Identifier="124709">Dlabajová</Attendance.Participant.Name><Attendance.Participant.Name MEP.Identifier="96951">Dodds</Attendance.Participant.Name><Attendance.Participant.Name MEP.Identifier="124878">Dohrmann</Attendance.Participant.Name><Attendance.Participant.Name MEP.Identifier="96787">Dorfmann</Attendance.Participant.Name><Attendance.Participant.Name MEP.Identifier="124750">D'Ornano</Attendance.Participant.Name><Attendance.Participant.Name MEP.Identifier="124693">Durand</Attendance.Participant.Name><Attendance.Participant.Name MEP.Identifier="124873">Dzhambazki</Attendance.Participant.Name><Attendance.Participant.Name MEP.Identifier="124863">Eck</Attendance.Participant.Name><Attendance.Participant.Name MEP.Identifier="96725">Eickhout</Attendance.Participant.Name><Attendance.Participant.Name MEP.Identifier="188445">Elissen</Attendance.Participant.Name><Attendance.Participant.Name MEP.Identifier="96876">Engel</Attendance.Participant.Name><Attendance.Participant.Name MEP.Identifier="128588">Engström</Attendance.Participant.Name><Attendance.Participant.Name MEP.Identifier="125071">Epitideios</Attendance.Participant.Name><Attendance.Participant.Name MEP.Identifier="124711">Erdős</Attendance.Participant.Name><Attendance.Participant.Name MEP.Identifier="96852">Ernst</Attendance.Participant.Name><Attendance.Participant.Name MEP.Identifier="96842">Ertug</Attendance.Participant.Name><Attendance.Participant.Name MEP.Identifier="96811">Estaràs Ferragut</Attendance.Participant.Name><Attendance.Participant.Name MEP.Identifier="124951">Etheridge</Attendance.Participant.Name><Attendance.Participant.Name MEP.Identifier="124779">Evi</Attendance.Participant.Name><Attendance.Participant.Name MEP.Identifier="4525">Farage</Attendance.Participant.Name><Attendance.Participant.Name MEP.Identifier="125101">Faria</Attendance.Participant.Name><Attendance.Participant.Name MEP.Identifier="124989">Federley</Attendance.Participant.Name><Attendance.Participant.Name MEP.Identifier="1917">Ferber</Attendance.Participant.Name><Attendance.Participant.Name MEP.Identifier="96899">Fernandes</Attendance.Participant.Name><Attendance.Participant.Name MEP.Identifier="125046">Fernández</Attendance.Participant.Name><Attendance.Participant.Name MEP.Identifier="192634">Ferrandino</Attendance.Participant.Name><Attendance.Participant.Name MEP.Identifier="96706">Ferreira</Attendance.Participant.Name><Attendance.Participant.Name MEP.Identifier="124941">Finch</Attendance.Participant.Name><Attendance.Participant.Name MEP.Identifier="96729">Fisas Ayxelà</Attendance.Participant.Name><Attendance.Participant.Name MEP.Identifier="28126">Fjellner</Attendance.Participant.Name><Attendance.Participant.Name MEP.Identifier="188623">Flack</Attendance.Participant.Name><Attendance.Participant.Name MEP.Identifier="124985">Flanagan</Attendance.Participant.Name><Attendance.Participant.Name MEP.Identifier="96840">Fleckenstein</Attendance.Participant.Name><Attendance.Participant.Name MEP.Identifier="1038">Florenz</Attendance.Participant.Name><Attendance.Participant.Name MEP.Identifier="125193">Forenza</Attendance.Participant.Name><Attendance.Participant.Name MEP.Identifier="4553">Foster</Attendance.Participant.Name><Attendance.Participant.Name MEP.Identifier="125070">Fountoulis</Attendance.Participant.Name><Attendance.Participant.Name MEP.Identifier="96957">Fox</Attendance.Participant.Name><Attendance.Participant.Name MEP.Identifier="193273">Franz</Attendance.Participant.Name><Attendance.Participant.Name MEP.Identifier="125018">Freund</Attendance.Participant.Name><Attendance.Participant.Name MEP.Identifier="124790">Frunzulică</Attendance.Participant.Name><Attendance.Participant.Name MEP.Identifier="192465">Gabelic</Attendance.Participant.Name><Attendance.Participant.Name MEP.Identifier="2341">Gahler</Attendance.Participant.Name><Attendance.Participant.Name MEP.Identifier="28150">Gál</Attendance.Participant.Name><Attendance.Participant.Name MEP.Identifier="125006">Gambús</Attendance.Participant.Name><Attendance.Participant.Name MEP.Identifier="28298">García Pérez</Attendance.Participant.Name><Attendance.Participant.Name MEP.Identifier="96991">Gardiazabal Rubial</Attendance.Participant.Name><Attendance.Participant.Name MEP.Identifier="58758">Gardini</Attendance.Participant.Name><Attendance.Participant.Name MEP.Identifier="1913">Gebhardt</Attendance.Participant.Name><Attendance.Participant.Name MEP.Identifier="194391">Gehrold</Attendance.Participant.Name><Attendance.Participant.Name MEP.Identifier="124847">Gentile</Attendance.Participant.Name><Attendance.Participant.Name MEP.Identifier="96940">Gerbrandy</Attendance.Participant.Name><Attendance.Participant.Name MEP.Identifier="124815">Gericke</Attendance.Participant.Name><Attendance.Participant.Name MEP.Identifier="28377">Geringer de Oedenberg</Attendance.Participant.Name><Attendance.Participant.Name MEP.Identifier="28379">Gierek</Attendance.Participant.Name><Attendance.Participant.Name MEP.Identifier="124807">Gieseke</Attendance.Participant.Name><Attendance.Participant.Name MEP.Identifier="4533">Neena Gill</Attendance.Participant.Name><Attendance.Participant.Name MEP.Identifier="124965">Nathan Gill</Attendance.Participant.Name><Attendance.Participant.Name MEP.Identifier="193080">Gloanec Maurin</Attendance.Participant.Name><Attendance.Participant.Name MEP.Identifier="21331">Goddyn</Attendance.Participant.Name><Attendance.Participant.Name MEP.Identifier="1164">Gollnisch</Attendance.Participant.Name><Attendance.Participant.Name MEP.Identifier="28306">Gomes</Attendance.Participant.Name><Attendance.Participant.Name MEP.Identifier="127330">González Peñas</Attendance.Participant.Name><Attendance.Participant.Name MEP.Identifier="125027">González Pons</Attendance.Participant.Name><Attendance.Participant.Name MEP.Identifier="124900">Gosiewska</Attendance.Participant.Name><Attendance.Participant.Name MEP.Identifier="125112">Grammatikakis</Attendance.Participant.Name><Attendance.Participant.Name MEP.Identifier="28393">de Grandes Pascual</Attendance.Participant.Name><Attendance.Participant.Name MEP.Identifier="124785">Grapini</Attendance.Participant.Name><Attendance.Participant.Name MEP.Identifier="28220">Gräßle</Attendance.Participant.Name><Attendance.Participant.Name MEP.Identifier="133316">Graswander-Hainz</Attendance.Participant.Name><Attendance.Participant.Name MEP.Identifier="28208">Griesbeck</Attendance.Participant.Name><Attendance.Participant.Name MEP.Identifier="124745">Grigule-Pēterse</Attendance.Participant.Name><Attendance.Participant.Name MEP.Identifier="2025">Grossetête</Attendance.Participant.Name><Attendance.Participant.Name MEP.Identifier="23785">Grzyb</Attendance.Participant.Name><Attendance.Participant.Name MEP.Identifier="96768">Guerrero Salom</Attendance.Participant.Name><Attendance.Participant.Name MEP.Identifier="96952">Guillaume</Attendance.Participant.Name><Attendance.Participant.Name MEP.Identifier="103488">Gutiérrez Prieto</Attendance.Participant.Name><Attendance.Participant.Name MEP.Identifier="23816">Gyürk</Attendance.Participant.Name><Attendance.Participant.Name MEP.Identifier="96907">Hadjigeorgiou</Attendance.Participant.Name><Attendance.Participant.Name MEP.Identifier="124727">Halla-aho</Attendance.Participant.Name><Attendance.Participant.Name MEP.Identifier="4555">Hannan</Attendance.Participant.Name><Attendance.Participant.Name MEP.Identifier="193419">Christophe Hansen</Attendance.Participant.Name><Attendance.Participant.Name MEP.Identifier="28116">Harkin</Attendance.Participant.Name><Attendance.Participant.Name MEP.Identifier="28233">Harms</Attendance.Participant.Name><Attendance.Participant.Name MEP.Identifier="96752">Häusling</Attendance.Participant.Name><Attendance.Participant.Name MEP.Identifier="2054">Hautala</Attendance.Participant.Name><Attendance.Participant.Name MEP.Identifier="118658">Hayes</Attendance.Participant.Name><Attendance.Participant.Name MEP.Identifier="125023">Hazekamp</Attendance.Participant.Name><Attendance.Participant.Name MEP.Identifier="28131">Hedh</Attendance.Participant.Name><Attendance.Participant.Name MEP.Identifier="22418">Herranz García</Attendance.Participant.Name><Attendance.Participant.Name MEP.Identifier="124895">Hetman</Attendance.Participant.Name><Attendance.Participant.Name MEP.Identifier="124848">Heubuch</Attendance.Participant.Name><Attendance.Participant.Name MEP.Identifier="96872">Hirsch</Attendance.Participant.Name><Attendance.Participant.Name MEP.Identifier="135540">Hoc</Attendance.Participant.Name><Attendance.Participant.Name MEP.Identifier="124841">Hoffmann</Attendance.Participant.Name><Attendance.Participant.Name MEP.Identifier="96780">Hohlmeier</Attendance.Participant.Name><Attendance.Participant.Name MEP.Identifier="28124">Hökmark</Attendance.Participant.Name><Attendance.Participant.Name MEP.Identifier="124715">Hölvényi</Attendance.Participant.Name><Attendance.Participant.Name MEP.Identifier="5846">Honeyball</Attendance.Participant.Name><Attendance.Participant.Name MEP.Identifier="124957">Hookem</Attendance.Participant.Name><Attendance.Participant.Name MEP.Identifier="5565">Hortefeux</Attendance.Participant.Name><Attendance.Participant.Name MEP.Identifier="188636">Howarth</Attendance.Participant.Name><Attendance.Participant.Name MEP.Identifier="96779">Hübner</Attendance.Participant.Name><Attendance.Participant.Name MEP.Identifier="2338">Hudghton</Attendance.Participant.Name><Attendance.Participant.Name MEP.Identifier="58789">Huitema</Attendance.Participant.Name><Attendance.Participant.Name MEP.Identifier="34249">Hyusmenova</Attendance.Participant.Name><Attendance.Participant.Name MEP.Identifier="28266">in 't Veld</Attendance.Participant.Name><Attendance.Participant.Name MEP.Identifier="28398">Iturgaiz</Attendance.Participant.Name><Attendance.Participant.Name MEP.Identifier="124886">Iwaszkiewicz</Attendance.Participant.Name><Attendance.Participant.Name MEP.Identifier="96684">Jaakonsaari</Attendance.Participant.Name><Attendance.Participant.Name MEP.Identifier="28314">Jäätteenmäki</Attendance.Participant.Name><Attendance.Participant.Name MEP.Identifier="96740">Jadot</Attendance.Participant.Name><Attendance.Participant.Name MEP.Identifier="96772">Jahr</Attendance.Participant.Name><Attendance.Participant.Name MEP.Identifier="124754">Jakovčić</Attendance.Participant.Name><Attendance.Participant.Name MEP.Identifier="189065">Jamet</Attendance.Participant.Name><Attendance.Participant.Name MEP.Identifier="97078">Jáuregui Atondo</Attendance.Participant.Name><Attendance.Participant.Name MEP.Identifier="124707">Ježek</Attendance.Participant.Name><Attendance.Participant.Name MEP.Identifier="96806">Jiménez-Becerril Barrio</Attendance.Participant.Name><Attendance.Participant.Name MEP.Identifier="96883">Joly</Attendance.Participant.Name><Attendance.Participant.Name MEP.Identifier="96748">de Jong</Attendance.Participant.Name><Attendance.Participant.Name MEP.Identifier="125021">Jongerius</Attendance.Participant.Name><Attendance.Participant.Name MEP.Identifier="124728">Joulaud</Attendance.Participant.Name><Attendance.Participant.Name MEP.Identifier="124892">Jurek</Attendance.Participant.Name><Attendance.Participant.Name MEP.Identifier="96884">Juvin</Attendance.Participant.Name><Attendance.Participant.Name MEP.Identifier="97014">Kadenbach</Attendance.Participant.Name><Attendance.Participant.Name MEP.Identifier="96771">Kalinowski</Attendance.Participant.Name><Attendance.Participant.Name MEP.Identifier="96934">Kalniete</Attendance.Participant.Name><Attendance.Participant.Name MEP.Identifier="96837">Kammerevert</Attendance.Participant.Name><Attendance.Participant.Name MEP.Identifier="125024">Kappel</Attendance.Participant.Name><Attendance.Participant.Name MEP.Identifier="4246">Karas</Attendance.Participant.Name><Attendance.Participant.Name MEP.Identifier="28481">Karim</Attendance.Participant.Name><Attendance.Participant.Name MEP.Identifier="124876">Karlsson</Attendance.Participant.Name><Attendance.Participant.Name MEP.Identifier="124887">Karski</Attendance.Participant.Name><Attendance.Participant.Name MEP.Identifier="191693">Elsi Katainen</Attendance.Participant.Name><Attendance.Participant.Name MEP.Identifier="1849">Kaufmann</Attendance.Participant.Name><Attendance.Participant.Name MEP.Identifier="28424">Kelam</Attendance.Participant.Name><Attendance.Participant.Name MEP.Identifier="124695">Jan Keller</Attendance.Participant.Name><Attendance.Participant.Name MEP.Identifier="96734">Ska Keller</Attendance.Participant.Name><Attendance.Participant.Name MEP.Identifier="96668">Kelly</Attendance.Participant.Name><Attendance.Participant.Name MEP.Identifier="188624">Khan</Attendance.Participant.Name><Attendance.Participant.Name MEP.Identifier="124953">Kirton-Darling</Attendance.Participant.Name><Attendance.Participant.Name MEP.Identifier="28244">Klinz</Attendance.Participant.Name><Attendance.Participant.Name MEP.Identifier="135541">Kłosowski</Attendance.Participant.Name><Attendance.Participant.Name MEP.Identifier="1852">Koch</Attendance.Participant.Name><Attendance.Participant.Name MEP.Identifier="124870">Kofod</Attendance.Participant.Name><Attendance.Participant.Name MEP.Identifier="28331">Kohlíček</Attendance.Participant.Name><Attendance.Participant.Name MEP.Identifier="124824">Kölmel</Attendance.Participant.Name><Attendance.Participant.Name MEP.Identifier="96829">Kósa</Attendance.Participant.Name><Attendance.Participant.Name MEP.Identifier="124822">Köster</Attendance.Participant.Name><Attendance.Participant.Name MEP.Identifier="130833">Kouloglou</Attendance.Participant.Name><Attendance.Participant.Name MEP.Identifier="124857">Kouroumbashev</Attendance.Participant.Name><Attendance.Participant.Name MEP.Identifier="97968">Kovatchev</Attendance.Participant.Name><Attendance.Participant.Name MEP.Identifier="124889">Kozłowska-Rajewicz</Attendance.Participant.Name><Attendance.Participant.Name MEP.Identifier="1854">Krehl</Attendance.Participant.Name><Attendance.Participant.Name MEP.Identifier="28334">Krupa</Attendance.Participant.Name><Attendance.Participant.Name MEP.Identifier="28284">Kudrycka</Attendance.Participant.Name><Attendance.Participant.Name MEP.Identifier="96767">Kuhn</Attendance.Participant.Name><Attendance.Participant.Name MEP.Identifier="96651">Kukan</Attendance.Participant.Name><Attendance.Participant.Name MEP.Identifier="125092">Kuneva</Attendance.Participant.Name><Attendance.Participant.Name MEP.Identifier="28389">Kuźmiuk</Attendance.Participant.Name><Attendance.Participant.Name MEP.Identifier="124801">Kyenge</Attendance.Participant.Name><Attendance.Participant.Name MEP.Identifier="124736">Kyllönen</Attendance.Participant.Name><Attendance.Participant.Name MEP.Identifier="125113">Kyrkos</Attendance.Participant.Name><Attendance.Participant.Name MEP.Identifier="124866">Kyuchyuk</Attendance.Participant.Name><Attendance.Participant.Name MEP.Identifier="188254">Lalonde</Attendance.Participant.Name><Attendance.Participant.Name MEP.Identifier="1204">Lamassoure</Attendance.Participant.Name><Attendance.Participant.Name MEP.Identifier="4531">Lambert</Attendance.Participant.Name><Attendance.Participant.Name MEP.Identifier="1909">Lange</Attendance.Participant.Name><Attendance.Participant.Name MEP.Identifier="1928">Langen</Attendance.Participant.Name><Attendance.Participant.Name MEP.Identifier="96816">La Via</Attendance.Participant.Name><Attendance.Participant.Name MEP.Identifier="124731">Lavrilleux</Attendance.Participant.Name><Attendance.Participant.Name MEP.Identifier="124738">Lebreton</Attendance.Participant.Name><Attendance.Participant.Name MEP.Identifier="188718">Lechevalier</Attendance.Participant.Name><Attendance.Participant.Name MEP.Identifier="96735">Le Hyaric</Attendance.Participant.Name><Attendance.Participant.Name MEP.Identifier="4262">Leinen</Attendance.Participant.Name><Attendance.Participant.Name MEP.Identifier="95074">Lenaers</Attendance.Participant.Name><Attendance.Participant.Name MEP.Identifier="72754">Leontini</Attendance.Participant.Name><Attendance.Participant.Name MEP.Identifier="23781">Lewandowski</Attendance.Participant.Name><Attendance.Participant.Name MEP.Identifier="23768">Liberadzki</Attendance.Participant.Name><Attendance.Participant.Name MEP.Identifier="1927">Liese</Attendance.Participant.Name><Attendance.Participant.Name MEP.Identifier="124839">Lietz</Attendance.Participant.Name><Attendance.Participant.Name MEP.Identifier="96728">Lochbihler</Attendance.Participant.Name><Attendance.Participant.Name MEP.Identifier="125684">Loiseau</Attendance.Participant.Name><Attendance.Participant.Name MEP.Identifier="96709">Løkkegaard</Attendance.Participant.Name><Attendance.Participant.Name MEP.Identifier="96765">Lope Fontagné</Attendance.Participant.Name><Attendance.Participant.Name MEP.Identifier="125042">López</Attendance.Participant.Name><Attendance.Participant.Name MEP.Identifier="96812">López Aguilar</Attendance.Participant.Name><Attendance.Participant.Name MEP.Identifier="125047">López Bermejo</Attendance.Participant.Name><Attendance.Participant.Name MEP.Identifier="28399">López-Istúriz White</Attendance.Participant.Name><Attendance.Participant.Name MEP.Identifier="96854">Lösing</Attendance.Participant.Name><Attendance.Participant.Name MEP.Identifier="196042">Loskutovs</Attendance.Participant.Name><Attendance.Participant.Name MEP.Identifier="124820">Lucke</Attendance.Participant.Name><Attendance.Participant.Name MEP.Identifier="96673">Ludvigsson</Attendance.Participant.Name><Attendance.Participant.Name MEP.Identifier="96791">Łukacijewska</Attendance.Participant.Name><Attendance.Participant.Name MEP.Identifier="124883">Łybacka</Attendance.Participant.Name><Attendance.Participant.Name MEP.Identifier="124806">McAllister</Attendance.Participant.Name><Attendance.Participant.Name MEP.Identifier="2327">McAvan</Attendance.Participant.Name><Attendance.Participant.Name MEP.Identifier="96919">McClarkin</Attendance.Participant.Name><Attendance.Participant.Name MEP.Identifier="111011">McIntyre</Attendance.Participant.Name><Attendance.Participant.Name MEP.Identifier="96824">Macovei</Attendance.Participant.Name><Attendance.Participant.Name MEP.Identifier="111027">Malinov</Attendance.Participant.Name><Attendance.Participant.Name MEP.Identifier="124746">Mamikins</Attendance.Participant.Name><Attendance.Participant.Name MEP.Identifier="190713">Mandl</Attendance.Participant.Name><Attendance.Participant.Name MEP.Identifier="39717">Mănescu</Attendance.Participant.Name><Attendance.Participant.Name MEP.Identifier="28192">Maňka</Attendance.Participant.Name><Attendance.Participant.Name MEP.Identifier="1922">Mann</Attendance.Participant.Name><Attendance.Participant.Name MEP.Identifier="124725">Manscour</Attendance.Participant.Name><Attendance.Participant.Name MEP.Identifier="26146">Marcellesi</Attendance.Participant.Name><Attendance.Participant.Name MEP.Identifier="125069">Marias</Attendance.Participant.Name><Attendance.Participant.Name MEP.Identifier="124742">Marinho e Pinto</Attendance.Participant.Name><Attendance.Participant.Name MEP.Identifier="1403">David Martin</Attendance.Participant.Name><Attendance.Participant.Name MEP.Identifier="124751">Dominique Martin</Attendance.Participant.Name><Attendance.Participant.Name MEP.Identifier="124947">Edouard Martin</Attendance.Participant.Name><Attendance.Participant.Name MEP.Identifier="124828">Martusciello</Attendance.Participant.Name><Attendance.Participant.Name MEP.Identifier="124894">Marusik</Attendance.Participant.Name><Attendance.Participant.Name MEP.Identifier="23704">Maštálka</Attendance.Participant.Name><Attendance.Participant.Name MEP.Identifier="96813">Matera</Attendance.Participant.Name><Attendance.Participant.Name MEP.Identifier="96820">Matias</Attendance.Participant.Name><Attendance.Participant.Name MEP.Identifier="96936">Mato</Attendance.Participant.Name><Attendance.Participant.Name MEP.Identifier="188622">Matthews</Attendance.Participant.Name><Attendance.Participant.Name MEP.Identifier="133326">Maullu</Attendance.Participant.Name><Attendance.Participant.Name MEP.Identifier="24505">Maurel</Attendance.Participant.Name><Attendance.Participant.Name MEP.Identifier="38511">Georg Mayer</Attendance.Participant.Name><Attendance.Participant.Name MEP.Identifier="185637">Alex Mayer</Attendance.Participant.Name><Attendance.Participant.Name MEP.Identifier="124768">Mazuronis</Attendance.Participant.Name><Attendance.Participant.Name MEP.Identifier="96870">Meissner</Attendance.Participant.Name><Attendance.Participant.Name MEP.Identifier="124765">Mélin</Attendance.Participant.Name><Attendance.Participant.Name MEP.Identifier="124838">Melior</Attendance.Participant.Name><Attendance.Participant.Name MEP.Identifier="96978">Melo</Attendance.Participant.Name><Attendance.Participant.Name MEP.Identifier="118859">Metsola</Attendance.Participant.Name><Attendance.Participant.Name MEP.Identifier="190518">Meuthen</Attendance.Participant.Name><Attendance.Participant.Name MEP.Identifier="96670">Michel</Attendance.Participant.Name><Attendance.Participant.Name MEP.Identifier="120478">Michels</Attendance.Participant.Name><Attendance.Participant.Name MEP.Identifier="125128">Mihaylova</Attendance.Participant.Name><Attendance.Participant.Name MEP.Identifier="28178">Mikolášik</Attendance.Participant.Name><Attendance.Participant.Name MEP.Identifier="28400">Millán Mon</Attendance.Participant.Name><Attendance.Participant.Name MEP.Identifier="125022">van Miltenburg</Attendance.Participant.Name><Attendance.Participant.Name MEP.Identifier="125037">Mineur</Attendance.Participant.Name><Attendance.Participant.Name MEP.Identifier="191695">Mitrofanovs</Attendance.Participant.Name><Attendance.Participant.Name MEP.Identifier="118858">Mizzi</Attendance.Participant.Name><Attendance.Participant.Name MEP.Identifier="125026">Mlinar</Attendance.Participant.Name><Attendance.Participant.Name MEP.Identifier="189391">Mobarik</Attendance.Participant.Name><Attendance.Participant.Name MEP.Identifier="124859">Moi</Attendance.Participant.Name><Attendance.Participant.Name MEP.Identifier="124789">Moisă</Attendance.Participant.Name><Attendance.Participant.Name MEP.Identifier="124722">Molnár</Attendance.Participant.Name><Attendance.Participant.Name MEP.Identifier="124761">Monot</Attendance.Participant.Name><Attendance.Participant.Name MEP.Identifier="124769">Montel</Attendance.Participant.Name><Attendance.Participant.Name MEP.Identifier="124944">Moody</Attendance.Participant.Name><Attendance.Participant.Name MEP.Identifier="4519">Moraes</Attendance.Participant.Name><Attendance.Participant.Name MEP.Identifier="72779">Morano</Attendance.Participant.Name><Attendance.Participant.Name MEP.Identifier="124788">Morgano</Attendance.Participant.Name><Attendance.Participant.Name MEP.Identifier="38596">Morin-Chartier</Attendance.Participant.Name><Attendance.Participant.Name MEP.Identifier="124862">Müller</Attendance.Participant.Name><Attendance.Participant.Name MEP.Identifier="124802">Mureşan</Attendance.Participant.Name><Attendance.Participant.Name MEP.Identifier="124729">Muselier</Attendance.Participant.Name><Attendance.Participant.Name MEP.Identifier="190519">Nagtegaal</Attendance.Participant.Name><Attendance.Participant.Name MEP.Identifier="124926">Nagy</Attendance.Participant.Name><Attendance.Participant.Name MEP.Identifier="125013">Nekov</Attendance.Participant.Name><Attendance.Participant.Name MEP.Identifier="96844">Neuser</Attendance.Participant.Name><Attendance.Participant.Name MEP.Identifier="124784">Dan Nica</Attendance.Participant.Name><Attendance.Participant.Name MEP.Identifier="1318">Nicholson</Attendance.Participant.Name><Attendance.Participant.Name MEP.Identifier="4289">Niebler</Attendance.Participant.Name><Attendance.Participant.Name MEP.Identifier="124701">Niedermayer</Attendance.Participant.Name><Attendance.Participant.Name MEP.Identifier="124987">Ní Riada</Attendance.Participant.Name><Attendance.Participant.Name MEP.Identifier="28165">van Nistelrooij</Attendance.Participant.Name><Attendance.Participant.Name MEP.Identifier="124836">Noichl</Attendance.Participant.Name><Attendance.Participant.Name MEP.Identifier="107212">Novakov</Attendance.Participant.Name><Attendance.Participant.Name MEP.Identifier="96805">Nuttall</Attendance.Participant.Name><Attendance.Participant.Name MEP.Identifier="96981">Obermayr</Attendance.Participant.Name><Attendance.Participant.Name MEP.Identifier="124940">O'Flynn</Attendance.Participant.Name><Attendance.Participant.Name MEP.Identifier="28288">Olbrycht</Attendance.Participant.Name><Attendance.Participant.Name MEP.Identifier="30482">Omarjee</Attendance.Participant.Name><Attendance.Participant.Name MEP.Identifier="124897">Ożóg</Attendance.Participant.Name><Attendance.Participant.Name MEP.Identifier="195454">Packet</Attendance.Participant.Name><Attendance.Participant.Name MEP.Identifier="129073">Paet</Attendance.Participant.Name><Attendance.Participant.Name MEP.Identifier="125038">Pagazaurtundúa Ruiz</Attendance.Participant.Name><Attendance.Participant.Name MEP.Identifier="96694">Paksas</Attendance.Participant.Name><Attendance.Participant.Name MEP.Identifier="190099">Palmer</Attendance.Participant.Name><Attendance.Participant.Name MEP.Identifier="28365">Panzeri</Attendance.Participant.Name><Attendance.Participant.Name MEP.Identifier="28586">Papadimoulis</Attendance.Participant.Name><Attendance.Participant.Name MEP.Identifier="96948">Pargneaux</Attendance.Participant.Name><Attendance.Participant.Name MEP.Identifier="33984">Paşcu</Attendance.Participant.Name><Attendance.Participant.Name MEP.Identifier="129256">Pavel</Attendance.Participant.Name><Attendance.Participant.Name MEP.Identifier="189507">Payne</Attendance.Participant.Name><Attendance.Participant.Name MEP.Identifier="124844">Pedicini</Attendance.Participant.Name><Attendance.Participant.Name MEP.Identifier="23693">Peterle</Attendance.Participant.Name><Attendance.Participant.Name MEP.Identifier="124872">Petersen</Attendance.Participant.Name><Attendance.Participant.Name MEP.Identifier="124749">Petir</Attendance.Participant.Name><Attendance.Participant.Name MEP.Identifier="110977">Philippot</Attendance.Participant.Name><Attendance.Participant.Name MEP.Identifier="112744">Picula</Attendance.Participant.Name><Attendance.Participant.Name MEP.Identifier="124874">Piecha</Attendance.Participant.Name><Attendance.Participant.Name MEP.Identifier="28224">Pieper</Attendance.Participant.Name><Attendance.Participant.Name MEP.Identifier="40599">Pietikäinen</Attendance.Participant.Name><Attendance.Participant.Name MEP.Identifier="136236">Pimenta Lopes</Attendance.Participant.Name><Attendance.Participant.Name MEP.Identifier="28341">Piotrowski</Attendance.Participant.Name><Attendance.Participant.Name MEP.Identifier="37229">Piri</Attendance.Participant.Name><Attendance.Participant.Name MEP.Identifier="124855">Pirinski</Attendance.Participant.Name><Attendance.Participant.Name MEP.Identifier="124898">Pitera</Attendance.Participant.Name><Attendance.Participant.Name MEP.Identifier="124881">Plura</Attendance.Participant.Name><Attendance.Participant.Name MEP.Identifier="96715">Poc</Attendance.Participant.Name><Attendance.Participant.Name MEP.Identifier="124699">Poche</Attendance.Participant.Name><Attendance.Participant.Name MEP.Identifier="124704">Polčák</Attendance.Participant.Name><Attendance.Participant.Name MEP.Identifier="189490">Popa</Attendance.Participant.Name><Attendance.Participant.Name MEP.Identifier="96801">Poręba</Attendance.Participant.Name><Attendance.Participant.Name MEP.Identifier="124997">Post</Attendance.Participant.Name><Attendance.Participant.Name MEP.Identifier="96838">Preda</Attendance.Participant.Name><Attendance.Participant.Name MEP.Identifier="124830">Pretzell</Attendance.Participant.Name><Attendance.Participant.Name MEP.Identifier="124888">Preuß</Attendance.Participant.Name><Attendance.Participant.Name MEP.Identifier="185628">Procter</Attendance.Participant.Name><Attendance.Participant.Name MEP.Identifier="108080">Proust</Attendance.Participant.Name><Attendance.Participant.Name MEP.Identifier="90110">Punset</Attendance.Participant.Name><Attendance.Participant.Name MEP.Identifier="1055">Quisthoudt-Rowohl</Attendance.Participant.Name><Attendance.Participant.Name MEP.Identifier="124850">Emil Radev</Attendance.Participant.Name><Attendance.Participant.Name MEP.Identifier="188945">Radtke</Attendance.Participant.Name><Attendance.Participant.Name MEP.Identifier="96903">Rangel</Attendance.Participant.Name><Attendance.Participant.Name MEP.Identifier="124792">Rebega</Attendance.Participant.Name><Attendance.Participant.Name MEP.Identifier="124816">Reda</Attendance.Participant.Name><Attendance.Participant.Name MEP.Identifier="96998">Regner</Attendance.Participant.Name><Attendance.Participant.Name MEP.Identifier="106202">Reid</Attendance.Participant.Name><Attendance.Participant.Name MEP.Identifier="124935">Reimon</Attendance.Participant.Name><Attendance.Participant.Name MEP.Identifier="103381">Reintke</Attendance.Participant.Name><Attendance.Participant.Name MEP.Identifier="124287">Revault d'Allonnes Bonnefoy</Attendance.Participant.Name><Attendance.Participant.Name MEP.Identifier="124733">Ribeiro</Attendance.Participant.Name><Attendance.Participant.Name MEP.Identifier="4253">Ries</Attendance.Participant.Name><Attendance.Participant.Name MEP.Identifier="96885">Riquet</Attendance.Participant.Name><Attendance.Participant.Name MEP.Identifier="96743">Rivasi</Attendance.Participant.Name><Attendance.Participant.Name MEP.Identifier="97022">Rochefort</Attendance.Participant.Name><Attendance.Participant.Name MEP.Identifier="125099">Liliana Rodrigues</Attendance.Participant.Name><Attendance.Participant.Name MEP.Identifier="124737">Maria João Rodrigues</Attendance.Participant.Name><Attendance.Participant.Name MEP.Identifier="125043">Rodríguez-Piñero Fernández</Attendance.Participant.Name><Attendance.Participant.Name MEP.Identifier="93624">Rodust</Attendance.Participant.Name><Attendance.Participant.Name MEP.Identifier="96710">Rohde</Attendance.Participant.Name><Attendance.Participant.Name MEP.Identifier="125107">Rolin</Attendance.Participant.Name><Attendance.Participant.Name MEP.Identifier="125214">Ropė</Attendance.Participant.Name><Attendance.Participant.Name MEP.Identifier="28394">Rosati</Attendance.Participant.Name><Attendance.Participant.Name MEP.Identifier="103845">Rozière</Attendance.Participant.Name><Attendance.Participant.Name MEP.Identifier="124730">Ruas</Attendance.Participant.Name><Attendance.Participant.Name MEP.Identifier="2278">Rübig</Attendance.Participant.Name><Attendance.Participant.Name MEP.Identifier="132366">Ruohonen-Lerner</Attendance.Participant.Name><Attendance.Participant.Name MEP.Identifier="111033">Šadurskis</Attendance.Participant.Name><Attendance.Participant.Name MEP.Identifier="4345">Saïfi</Attendance.Participant.Name><Attendance.Participant.Name MEP.Identifier="125091">Sakorafa</Attendance.Participant.Name><Attendance.Participant.Name MEP.Identifier="2002">Salafranca Sánchez-Neyra</Attendance.Participant.Name><Attendance.Participant.Name MEP.Identifier="125670">Salini</Attendance.Participant.Name><Attendance.Participant.Name MEP.Identifier="125035">Sánchez Caldentey</Attendance.Participant.Name><Attendance.Participant.Name MEP.Identifier="24594">Sander</Attendance.Participant.Name><Attendance.Participant.Name MEP.Identifier="124781">Sant</Attendance.Participant.Name><Attendance.Participant.Name MEP.Identifier="21918">dos Santos</Attendance.Participant.Name><Attendance.Participant.Name MEP.Identifier="33989">Sârbu</Attendance.Participant.Name><Attendance.Participant.Name MEP.Identifier="96815">Sargentini</Attendance.Participant.Name><Attendance.Participant.Name MEP.Identifier="112611">Sarvamaa</Attendance.Participant.Name><Attendance.Participant.Name MEP.Identifier="28297">Saryusz-Wolski</Attendance.Participant.Name><Attendance.Participant.Name MEP.Identifier="96696">Saudargas</Attendance.Participant.Name><Attendance.Participant.Name MEP.Identifier="96945">Schaake</Attendance.Participant.Name><Attendance.Participant.Name MEP.Identifier="124755">Schaffhauser</Attendance.Participant.Name><Attendance.Participant.Name MEP.Identifier="37312">Schaldemose</Attendance.Participant.Name><Attendance.Participant.Name MEP.Identifier="124804">Schlein</Attendance.Participant.Name><Attendance.Participant.Name MEP.Identifier="125016">Schmidt</Attendance.Participant.Name><Attendance.Participant.Name MEP.Identifier="96646">Scholz</Attendance.Participant.Name><Attendance.Participant.Name MEP.Identifier="28135">Schöpflin</Attendance.Participant.Name><Attendance.Participant.Name MEP.Identifier="125030">Schreijer-Pierik</Attendance.Participant.Name><Attendance.Participant.Name MEP.Identifier="124837">Schuster</Attendance.Participant.Name><Attendance.Participant.Name MEP.Identifier="28223">Schwab</Attendance.Participant.Name><Attendance.Participant.Name MEP.Identifier="124942">Scott Cato</Attendance.Participant.Name><Attendance.Participant.Name MEP.Identifier="96996">Scottà</Attendance.Participant.Name><Attendance.Participant.Name MEP.Identifier="134243">Selimovic</Attendance.Participant.Name><Attendance.Participant.Name MEP.Identifier="194658">Sellström</Attendance.Participant.Name><Attendance.Participant.Name MEP.Identifier="125049">Senra Rodríguez</Attendance.Participant.Name><Attendance.Participant.Name MEP.Identifier="124741">Serrão Santos</Attendance.Participant.Name><Attendance.Participant.Name MEP.Identifier="124950">Seymour</Attendance.Participant.Name><Attendance.Participant.Name MEP.Identifier="23787">Siekierski</Attendance.Participant.Name><Attendance.Participant.Name MEP.Identifier="124747">Silva Pereira</Attendance.Participant.Name><Attendance.Participant.Name MEP.Identifier="96836">Peter Simon</Attendance.Participant.Name><Attendance.Participant.Name MEP.Identifier="124948">Siôn Simon</Attendance.Participant.Name><Attendance.Participant.Name MEP.Identifier="96932">Sippel</Attendance.Participant.Name><Attendance.Participant.Name MEP.Identifier="124927">Škripek</Attendance.Participant.Name><Attendance.Participant.Name MEP.Identifier="124756">Škrlec</Attendance.Participant.Name><Attendance.Participant.Name MEP.Identifier="96655">Smolková</Attendance.Participant.Name><Attendance.Participant.Name MEP.Identifier="39724">Sógor</Attendance.Participant.Name><Attendance.Participant.Name MEP.Identifier="124710">Šojdrová</Attendance.Participant.Name><Attendance.Participant.Name MEP.Identifier="185974">Solé</Attendance.Participant.Name><Attendance.Participant.Name MEP.Identifier="4282">Sommer</Attendance.Participant.Name><Attendance.Participant.Name MEP.Identifier="28299">Sonik</Attendance.Participant.Name><Attendance.Participant.Name MEP.Identifier="124834">Sonneborn</Attendance.Participant.Name><Attendance.Participant.Name MEP.Identifier="192298">Sośnierz</Attendance.Participant.Name><Attendance.Participant.Name MEP.Identifier="124810">Spinelli</Attendance.Participant.Name><Attendance.Participant.Name MEP.Identifier="4751">Staes</Attendance.Participant.Name><Attendance.Participant.Name MEP.Identifier="124929">Štefanec</Attendance.Participant.Name><Attendance.Participant.Name MEP.Identifier="124702">Štětina</Attendance.Participant.Name><Attendance.Participant.Name MEP.Identifier="125105">Stevens</Attendance.Participant.Name><Attendance.Participant.Name MEP.Identifier="39721">Stolojan</Attendance.Participant.Name><Attendance.Participant.Name MEP.Identifier="125028">Stuger</Attendance.Participant.Name><Attendance.Participant.Name MEP.Identifier="124928">Sulík</Attendance.Participant.Name><Attendance.Participant.Name MEP.Identifier="125103">Šulin</Attendance.Participant.Name><Attendance.Participant.Name MEP.Identifier="96272">Svoboda</Attendance.Participant.Name><Attendance.Participant.Name MEP.Identifier="96920">Swinburne</Attendance.Participant.Name><Attendance.Participant.Name MEP.Identifier="125072">Synadinos</Attendance.Participant.Name><Attendance.Participant.Name MEP.Identifier="23821">Szájer</Attendance.Participant.Name><Attendance.Participant.Name MEP.Identifier="124703">Szanyi</Attendance.Participant.Name><Attendance.Participant.Name MEP.Identifier="124890">Szejnfeld</Attendance.Participant.Name><Attendance.Participant.Name MEP.Identifier="2187">Tajani</Attendance.Participant.Name><Attendance.Participant.Name MEP.Identifier="124813">Tamburrano</Attendance.Participant.Name><Attendance.Participant.Name MEP.Identifier="96847">Tănăsescu</Attendance.Participant.Name><Attendance.Participant.Name MEP.Identifier="125020">Tang</Attendance.Participant.Name><Attendance.Participant.Name MEP.Identifier="4521">Tannock</Attendance.Participant.Name><Attendance.Participant.Name MEP.Identifier="124793">Țapardel</Attendance.Participant.Name><Attendance.Participant.Name MEP.Identifier="29579">Tarabella</Attendance.Participant.Name><Attendance.Participant.Name MEP.Identifier="102931">Taylor</Attendance.Participant.Name><Attendance.Participant.Name MEP.Identifier="124706">Telička</Attendance.Participant.Name><Attendance.Participant.Name MEP.Identifier="124932">Terricabras</Attendance.Participant.Name><Attendance.Participant.Name MEP.Identifier="114279">Thomas</Attendance.Participant.Name><Attendance.Participant.Name MEP.Identifier="96776">Thun und Hohenstein</Attendance.Participant.Name><Attendance.Participant.Name MEP.Identifier="28340">Toia</Attendance.Participant.Name><Attendance.Participant.Name MEP.Identifier="39726">Tőkés</Attendance.Participant.Name><Attendance.Participant.Name MEP.Identifier="185340">Tolić</Attendance.Participant.Name><Attendance.Participant.Name MEP.Identifier="96697">Tomaševski</Attendance.Participant.Name><Attendance.Participant.Name MEP.Identifier="119431">Tomašić</Attendance.Participant.Name><Attendance.Participant.Name MEP.Identifier="125104">Tomc</Attendance.Participant.Name><Attendance.Participant.Name MEP.Identifier="124700">Toom</Attendance.Participant.Name><Attendance.Participant.Name MEP.Identifier="114268">Torvalds</Attendance.Participant.Name><Attendance.Participant.Name MEP.Identifier="96713">Tošenovský</Attendance.Participant.Name><Attendance.Participant.Name MEP.Identifier="97203">Tremosa i Balcells</Attendance.Participant.Name><Attendance.Participant.Name MEP.Identifier="124758">Troszczynski</Attendance.Participant.Name><Attendance.Participant.Name MEP.Identifier="28240">Trüpel</Attendance.Participant.Name><Attendance.Participant.Name MEP.Identifier="23791">Ujazdowski</Attendance.Participant.Name><Attendance.Participant.Name MEP.Identifier="131507">Urbán Crespo</Attendance.Participant.Name><Attendance.Participant.Name MEP.Identifier="124972">Urtasun</Attendance.Participant.Name><Attendance.Participant.Name MEP.Identifier="38601">Urutchev</Attendance.Participant.Name><Attendance.Participant.Name MEP.Identifier="28617">Vaidere</Attendance.Participant.Name><Attendance.Participant.Name MEP.Identifier="97019">Vajgl</Attendance.Participant.Name><Attendance.Participant.Name MEP.Identifier="125032">Valcárcel Siso</Attendance.Participant.Name><Attendance.Participant.Name MEP.Identifier="37324">Vălean</Attendance.Participant.Name><Attendance.Participant.Name MEP.Identifier="4334">Valenciano</Attendance.Participant.Name><Attendance.Participant.Name MEP.Identifier="124993">Valero</Attendance.Participant.Name><Attendance.Participant.Name MEP.Identifier="124778">Valli</Attendance.Participant.Name><Attendance.Participant.Name MEP.Identifier="125050">Vallina</Attendance.Participant.Name><Attendance.Participant.Name MEP.Identifier="124934">Vana</Attendance.Participant.Name><Attendance.Participant.Name MEP.Identifier="5729">Van Brempt</Attendance.Participant.Name><Attendance.Participant.Name MEP.Identifier="129164">Vandenkendelaere</Attendance.Participant.Name><Attendance.Participant.Name MEP.Identifier="96918">Vaughan</Attendance.Participant.Name><Attendance.Participant.Name MEP.Identifier="130100">Vautmans</Attendance.Participant.Name><Attendance.Participant.Name MEP.Identifier="193269">Vehkaperä</Attendance.Participant.Name><Attendance.Participant.Name MEP.Identifier="96858">Vergiat</Attendance.Participant.Name><Attendance.Participant.Name MEP.Identifier="96756">Verheyen</Attendance.Participant.Name><Attendance.Participant.Name MEP.Identifier="125100">Viegas</Attendance.Participant.Name><Attendance.Participant.Name MEP.Identifier="188721">Vieu</Attendance.Participant.Name><Attendance.Participant.Name MEP.Identifier="125001">Vilimsky</Attendance.Participant.Name><Attendance.Participant.Name MEP.Identifier="124791">Viotti</Attendance.Participant.Name><Attendance.Participant.Name MEP.Identifier="124726">Virkkunen</Attendance.Participant.Name><Attendance.Participant.Name MEP.Identifier="124875">Vistisen</Attendance.Participant.Name><Attendance.Participant.Name MEP.Identifier="124832">Voigt</Attendance.Participant.Name><Attendance.Participant.Name MEP.Identifier="96761">Voss</Attendance.Participant.Name><Attendance.Participant.Name MEP.Identifier="190464">Waitz</Attendance.Participant.Name><Attendance.Participant.Name MEP.Identifier="96774">Wałęsa</Attendance.Participant.Name><Attendance.Participant.Name MEP.Identifier="124963">Ward</Attendance.Participant.Name><Attendance.Participant.Name MEP.Identifier="39713">Renate Weber</Attendance.Participant.Name><Attendance.Participant.Name MEP.Identifier="111014">Weidenholzer</Attendance.Participant.Name><Attendance.Participant.Name MEP.Identifier="2323">Wieland</Attendance.Participant.Name><Attendance.Participant.Name MEP.Identifier="183022">Wierinck</Attendance.Participant.Name><Attendance.Participant.Name MEP.Identifier="96677">Wikström</Attendance.Participant.Name><Attendance.Participant.Name MEP.Identifier="96764">Hermann Winkler</Attendance.Participant.Name><Attendance.Participant.Name MEP.Identifier="39725">Iuliu Winkler</Attendance.Participant.Name><Attendance.Participant.Name MEP.Identifier="195912">Winter</Attendance.Participant.Name><Attendance.Participant.Name MEP.Identifier="124877">Wiśniewska</Attendance.Participant.Name><Attendance.Participant.Name MEP.Identifier="185619">Wölken</Attendance.Participant.Name><Attendance.Participant.Name MEP.Identifier="124966">Woolfe</Attendance.Participant.Name><Attendance.Participant.Name MEP.Identifier="125067">Zagorakis</Attendance.Participant.Name><Attendance.Participant.Name MEP.Identifier="23712">Zahradil</Attendance.Participant.Name><Attendance.Participant.Name MEP.Identifier="188906">Zammit Dimech</Attendance.Participant.Name><Attendance.Participant.Name MEP.Identifier="124780">Zanni</Attendance.Participant.Name><Attendance.Participant.Name MEP.Identifier="124800">Zanonato</Attendance.Participant.Name><Attendance.Participant.Name MEP.Identifier="125090">Zarianopoulos</Attendance.Participant.Name><Attendance.Participant.Name MEP.Identifier="124713">Zdechovský</Attendance.Participant.Name><Attendance.Participant.Name MEP.Identifier="124893">Zdrojewski</Attendance.Participant.Name><Attendance.Participant.Name MEP.Identifier="96762">Zeller</Attendance.Participant.Name><Attendance.Participant.Name MEP.Identifier="96784">Zemke</Attendance.Participant.Name><Attendance.Participant.Name MEP.Identifier="103246">Zijlstra</Attendance.Participant.Name><Attendance.Participant.Name MEP.Identifier="28248">Zimmer</Attendance.Participant.Name><Attendance.Participant.Name MEP.Identifier="124901">Žitňanská</Attendance.Participant.Name><Attendance.Participant.Name MEP.Identifier="124884">Złotowski</Attendance.Participant.Name><Attendance.Participant.Name MEP.Identifier="191377">Zoană</Attendance.Participant.Name><Attendance.Participant.Name MEP.Identifier="124902">Żółtek</Attendance.Participant.Name><Attendance.Participant.Name MEP.Identifier="124739">Zorrinho</Attendance.Participant.Name><Attendance.Participant.Name MEP.Identifier="185341">Zovko</Attendance.Participant.Name><Attendance.Participant.Name MEP.Identifier="125237">Zullo</Attendance.Participant.Name><Attendance.Participant.Name MEP.Identifier="96933">Zver</Attendance.Participant.Name><Attendance.Participant.Name MEP.Identifier="28301">Zwiefka</Attendance.Participant.Name><AttendanceRegister.Excused.Introduction.Text>Excused:</AttendanceRegister.Excused.Introduction.Text><Attendance.Excused.Name MEP.Identifier="124831">Adinolfi</Attendance.Excused.Name><Attendance.Excused.Name MEP.Identifier="124936">Arena</Attendance.Excused.Name><Attendance.Excused.Name MEP.Identifier="2109">Crowley</Attendance.Excused.Name><Attendance.Excused.Name MEP.Identifier="96851">Händel</Attendance.Excused.Name><Attendance.Excused.Name MEP.Identifier="124939">James</Attendance.Excused.Name><Attendance.Excused.Name MEP.Identifier="1023">Le Pen</Attendance.Excused.Name><Attendance.Excused.Name MEP.Identifier="96661">Morvai</Attendance.Excused.Name><Attendance.Excused.Name MEP.Identifier="96825">Nicolai</Attendance.Excused.Name><Attendance.Excused.Name MEP.Identifier="124945">Margot Parker</Attendance.Excused.Name><Attendance.Excused.Name MEP.Identifier="125064">Spyraki</Attendance.Excused.Name><Attendance.Excused.Name MEP.Identifier="131749">Torres Martínez</Attendance.Excused.Name><Attendance.Excused.Name MEP.Identifier="96672">Ulvskog</Attendance.Excused.Name></PV.AttendanceRegister>