<?xml version="1.0" encoding="utf-8"?>
<!DOCTYPE PV.AttendanceRegister SYSTEM "http://www2.europarl.ep.ec/pv/LP.dtd">
<PV.AttendanceRegister Document.Language="EN" EP.Number="PE 640.601" EP.Reference="P9_PV(2019)09-16" Sitting.Date="2019-09-16" Sitting.Identifier="2645899" xmlns:chart="http://openoffice.org/2000/chart" xmlns:dr3d="http://openoffice.org/2000/dr3d" xmlns:draw="http://openoffice.org/2000/drawing" xmlns:fo="http://www.w3.org/1999/XSL/Format" xmlns:form="http://openoffice.org/2000/form" xmlns:ino="http://namespaces.softwareag.com/tamino/response2" xmlns:math="http://www.w3.org/1998/Math/MathML" xmlns:number="http://openoffice.org/2000/datastyle" xmlns:office="http://openoffice.org/2000/office" xmlns:script="http://openoffice.org/2000/script" xmlns:style="http://openoffice.org/2000/style" xmlns:svg="http://www.w3.org/2000/svg" xmlns:table="http://openoffice.org/2000/table" xmlns:text="http://openoffice.org/2000/text" xmlns:xlink="http://www.w3.org/1999/xlink" xmlns:xql="http://metalab.unc.edu/xql/"><AttendanceRegister.Title.Text>ATTENDANCE REGISTER</AttendanceRegister.Title.Text><AttendanceRegister.Introduction.Text>Present:</AttendanceRegister.Introduction.Text><Attendance.Participant.Name MEP.Identifier="189525">Ademov</Attendance.Participant.Name><Attendance.Participant.Name MEP.Identifier="124831">Isabella Adinolfi</Attendance.Participant.Name><Attendance.Participant.Name MEP.Identifier="197826">Matteo Adinolfi</Attendance.Participant.Name><Attendance.Participant.Name MEP.Identifier="197403">Agius Saliba</Attendance.Participant.Name><Attendance.Participant.Name MEP.Identifier="198096">Aguilar</Attendance.Participant.Name><Attendance.Participant.Name MEP.Identifier="125045">Aguilera</Attendance.Participant.Name><Attendance.Participant.Name MEP.Identifier="197696">Ainslie</Attendance.Participant.Name><Attendance.Participant.Name MEP.Identifier="197400">Al-Sahlani</Attendance.Participant.Name><Attendance.Participant.Name MEP.Identifier="197836">Alexandrov Yordanov</Attendance.Participant.Name><Attendance.Participant.Name MEP.Identifier="96750">Alfonsi</Attendance.Participant.Name><Attendance.Participant.Name MEP.Identifier="197848">Alieva-Veli</Attendance.Participant.Name><Attendance.Participant.Name MEP.Identifier="197746">Amaro</Attendance.Participant.Name><Attendance.Participant.Name MEP.Identifier="197783">Ameriks</Attendance.Participant.Name><Attendance.Participant.Name MEP.Identifier="197475">Christine Anderson</Attendance.Participant.Name><Attendance.Participant.Name MEP.Identifier="197448">Andresen</Attendance.Participant.Name><Attendance.Participant.Name MEP.Identifier="113892">Andrieu</Attendance.Participant.Name><Attendance.Participant.Name MEP.Identifier="197691">Androuët</Attendance.Participant.Name><Attendance.Participant.Name MEP.Identifier="125110">Androulakis</Attendance.Participant.Name><Attendance.Participant.Name MEP.Identifier="124973">Annemans</Attendance.Participant.Name><Attendance.Participant.Name MEP.Identifier="124696">Ansip</Attendance.Participant.Name><Attendance.Participant.Name MEP.Identifier="197587">Ara-Kovács</Attendance.Participant.Name><Attendance.Participant.Name MEP.Identifier="124936">Arena</Attendance.Participant.Name><Attendance.Participant.Name MEP.Identifier="96808">Arias Echeverría</Attendance.Participant.Name><Attendance.Participant.Name MEP.Identifier="197492">Arłukowicz</Attendance.Participant.Name><Attendance.Participant.Name MEP.Identifier="197664">Armand</Attendance.Participant.Name><Attendance.Participant.Name MEP.Identifier="197701">Arvanitis</Attendance.Participant.Name><Attendance.Participant.Name MEP.Identifier="197695">Asimakopoulou</Attendance.Participant.Name><Attendance.Participant.Name MEP.Identifier="197533">Aubry</Attendance.Participant.Name><Attendance.Participant.Name MEP.Identifier="28161">Auken</Attendance.Participant.Name><Attendance.Participant.Name MEP.Identifier="124766">Auštrevičius</Attendance.Participant.Name><Attendance.Participant.Name MEP.Identifier="197651">Avram</Attendance.Participant.Name><Attendance.Participant.Name MEP.Identifier="197781">Azmani</Attendance.Participant.Name><Attendance.Participant.Name MEP.Identifier="197789">Baldassarre</Attendance.Participant.Name><Attendance.Participant.Name MEP.Identifier="197495">Balt</Attendance.Participant.Name><Attendance.Participant.Name MEP.Identifier="131580">Bardella</Attendance.Participant.Name><Attendance.Participant.Name MEP.Identifier="197433">Barley</Attendance.Participant.Name><Attendance.Participant.Name MEP.Identifier="197684">Barrena Arza</Attendance.Participant.Name><Attendance.Participant.Name MEP.Identifier="197808">Pietro Bartolo</Attendance.Participant.Name><Attendance.Participant.Name MEP.Identifier="197671">Băsescu</Attendance.Participant.Name><Attendance.Participant.Name MEP.Identifier="197610">Basso</Attendance.Participant.Name><Attendance.Participant.Name MEP.Identifier="197779">Bauzá Díaz</Attendance.Participant.Name><Attendance.Participant.Name MEP.Identifier="124760">Bay</Attendance.Participant.Name><Attendance.Participant.Name MEP.Identifier="132191">Beck</Attendance.Participant.Name><Attendance.Participant.Name MEP.Identifier="197437">Beer</Attendance.Participant.Name><Attendance.Participant.Name MEP.Identifier="124777">Beghin</Attendance.Participant.Name><Attendance.Participant.Name MEP.Identifier="197680">Beigneux</Attendance.Participant.Name><Attendance.Participant.Name MEP.Identifier="197496">Belka</Attendance.Participant.Name><Attendance.Participant.Name MEP.Identifier="197534">Bellamy</Attendance.Participant.Name><Attendance.Participant.Name MEP.Identifier="197658">Benea</Attendance.Participant.Name><Attendance.Participant.Name MEP.Identifier="124867">Benifei</Attendance.Participant.Name><Attendance.Participant.Name MEP.Identifier="197679">Benjumea Benjumea</Attendance.Participant.Name><Attendance.Participant.Name MEP.Identifier="112014">Bennion</Attendance.Participant.Name><Attendance.Participant.Name MEP.Identifier="23868">Beňová</Attendance.Participant.Name><Attendance.Participant.Name MEP.Identifier="197408">Bentele</Attendance.Participant.Name><Attendance.Participant.Name MEP.Identifier="197778">Berendsen</Attendance.Participant.Name><Attendance.Participant.Name MEP.Identifier="197478">Berg</Attendance.Participant.Name><Attendance.Participant.Name MEP.Identifier="197410">Berger</Attendance.Participant.Name><Attendance.Participant.Name MEP.Identifier="197396">Bergkvist</Attendance.Participant.Name><Attendance.Participant.Name MEP.Identifier="197648">Bernhuber</Attendance.Participant.Name><Attendance.Participant.Name MEP.Identifier="197498">Biedroń</Attendance.Participant.Name><Attendance.Participant.Name MEP.Identifier="197551">Bijoux</Attendance.Participant.Name><Attendance.Participant.Name MEP.Identifier="96922">Bilbao Barandica</Attendance.Participant.Name><Attendance.Participant.Name MEP.Identifier="197771">Bilčík</Attendance.Participant.Name><Attendance.Participant.Name MEP.Identifier="124771">Bilde</Attendance.Participant.Name><Attendance.Participant.Name MEP.Identifier="197435">Bischoff</Attendance.Participant.Name><Attendance.Participant.Name MEP.Identifier="197512">Biteau</Attendance.Participant.Name><Attendance.Participant.Name MEP.Identifier="97198">Bizzotto</Attendance.Participant.Name><Attendance.Participant.Name MEP.Identifier="197637">Blaga</Attendance.Participant.Name><Attendance.Participant.Name MEP.Identifier="197564">Blaško</Attendance.Participant.Name><Attendance.Participant.Name MEP.Identifier="96681">Blinkevičiūtė</Attendance.Participant.Name><Attendance.Participant.Name MEP.Identifier="197449">Bloss</Attendance.Participant.Name><Attendance.Participant.Name MEP.Identifier="124712">Bocskor</Attendance.Participant.Name><Attendance.Participant.Name MEP.Identifier="125004">Bogovič</Attendance.Participant.Name><Attendance.Participant.Name MEP.Identifier="197521">Bompard</Attendance.Participant.Name><Attendance.Participant.Name MEP.Identifier="124814">Bonafè</Attendance.Participant.Name><Attendance.Participant.Name MEP.Identifier="197788">Bonfrisco</Attendance.Participant.Name><Attendance.Participant.Name MEP.Identifier="101039">Borchia</Attendance.Participant.Name><Attendance.Participant.Name MEP.Identifier="187917">Botenga</Attendance.Participant.Name><Attendance.Participant.Name MEP.Identifier="197668">Botoş</Attendance.Participant.Name><Attendance.Participant.Name MEP.Identifier="197467">Bourgeois</Attendance.Participant.Name><Attendance.Participant.Name MEP.Identifier="197577">Boyer</Attendance.Participant.Name><Attendance.Participant.Name MEP.Identifier="197431">Breyer</Attendance.Participant.Name><Attendance.Participant.Name MEP.Identifier="197446">Brglez</Attendance.Participant.Name><Attendance.Participant.Name MEP.Identifier="197470">Bricmont</Attendance.Participant.Name><Attendance.Participant.Name MEP.Identifier="182995">Bruna</Attendance.Participant.Name><Attendance.Participant.Name MEP.Identifier="197576">Brunet</Attendance.Participant.Name><Attendance.Participant.Name MEP.Identifier="128483">Buchheit</Attendance.Participant.Name><Attendance.Participant.Name MEP.Identifier="124818">Buchner</Attendance.Participant.Name><Attendance.Participant.Name MEP.Identifier="125012">Buda</Attendance.Participant.Name><Attendance.Participant.Name MEP.Identifier="197715">Bull</Attendance.Participant.Name><Attendance.Participant.Name MEP.Identifier="4267">Bullmann</Attendance.Participant.Name><Attendance.Participant.Name MEP.Identifier="188733">Bullock</Attendance.Participant.Name><Attendance.Participant.Name MEP.Identifier="197440">Burkhardt</Attendance.Participant.Name><Attendance.Participant.Name MEP.Identifier="38420">Buşoi</Attendance.Participant.Name><Attendance.Participant.Name MEP.Identifier="96739">Bütikofer</Attendance.Participant.Name><Attendance.Participant.Name MEP.Identifier="28269">Buzek</Attendance.Participant.Name><Attendance.Participant.Name MEP.Identifier="35016">Campomenosi</Attendance.Participant.Name><Attendance.Participant.Name MEP.Identifier="126644">Cañas</Attendance.Participant.Name><Attendance.Participant.Name MEP.Identifier="96711">Canfin</Attendance.Participant.Name><Attendance.Participant.Name MEP.Identifier="197797">Caroppo</Attendance.Participant.Name><Attendance.Participant.Name MEP.Identifier="124986">Carthy</Attendance.Participant.Name><Attendance.Participant.Name MEP.Identifier="199996">Carvalhais</Attendance.Participant.Name><Attendance.Participant.Name MEP.Identifier="96867">Carvalho</Attendance.Participant.Name><Attendance.Participant.Name MEP.Identifier="28122">Casa</Attendance.Participant.Name><Attendance.Participant.Name MEP.Identifier="197796">Casanova</Attendance.Participant.Name><Attendance.Participant.Name MEP.Identifier="28219">Caspary</Attendance.Participant.Name><Attendance.Participant.Name MEP.Identifier="28390">del Castillo Vera</Attendance.Participant.Name><Attendance.Participant.Name MEP.Identifier="86793">Cavazzini</Attendance.Participant.Name><Attendance.Participant.Name MEP.Identifier="197641">Cerdas</Attendance.Participant.Name><Attendance.Participant.Name MEP.Identifier="197529">Chaibi</Attendance.Participant.Name><Attendance.Participant.Name MEP.Identifier="124708">Charanzová</Attendance.Participant.Name><Attendance.Participant.Name MEP.Identifier="197463">Chastel</Attendance.Participant.Name><Attendance.Participant.Name MEP.Identifier="124861">Chinnici</Attendance.Participant.Name><Attendance.Participant.Name MEP.Identifier="197714">Chowns</Attendance.Participant.Name><Attendance.Participant.Name MEP.Identifier="197558">Christensen</Attendance.Participant.Name><Attendance.Participant.Name MEP.Identifier="26837">Christoforou</Attendance.Participant.Name><Attendance.Participant.Name MEP.Identifier="197507">Cimoszewicz</Attendance.Participant.Name><Attendance.Participant.Name MEP.Identifier="197657">Ciuhodaru</Attendance.Participant.Name><Attendance.Participant.Name MEP.Identifier="197761">Číž</Attendance.Participant.Name><Attendance.Participant.Name MEP.Identifier="197536">Colin-Oesterlé</Attendance.Participant.Name><Attendance.Participant.Name MEP.Identifier="197683">Collard</Attendance.Participant.Name><Attendance.Participant.Name MEP.Identifier="197616">Rosanna Conte</Attendance.Participant.Name><Attendance.Participant.Name MEP.Identifier="2309">Corbett</Attendance.Participant.Name><Attendance.Participant.Name MEP.Identifier="197503">Cormand</Attendance.Participant.Name><Attendance.Participant.Name MEP.Identifier="124856">Corrao</Attendance.Participant.Name><Attendance.Participant.Name MEP.Identifier="96880">Cozzolino</Attendance.Participant.Name><Attendance.Participant.Name MEP.Identifier="33997">Crețu</Attendance.Participant.Name><Attendance.Participant.Name MEP.Identifier="197588">Cseh</Attendance.Participant.Name><Attendance.Participant.Name MEP.Identifier="197654">Cuffe</Attendance.Participant.Name><Attendance.Participant.Name MEP.Identifier="197394">Cutajar</Attendance.Participant.Name><Attendance.Participant.Name MEP.Identifier="28372">Czarnecki</Attendance.Participant.Name><Attendance.Participant.Name MEP.Identifier="96809">van Dalen</Attendance.Participant.Name><Attendance.Participant.Name MEP.Identifier="124970">Miriam Dalli</Attendance.Participant.Name><Attendance.Participant.Name MEP.Identifier="197731">Daly</Attendance.Participant.Name><Attendance.Participant.Name MEP.Identifier="124835">D'Amato</Attendance.Participant.Name><Attendance.Participant.Name MEP.Identifier="124952">Dance</Attendance.Participant.Name><Attendance.Participant.Name MEP.Identifier="38542">Danielsson</Attendance.Participant.Name><Attendance.Participant.Name MEP.Identifier="96747">Danjean</Attendance.Participant.Name><Attendance.Participant.Name MEP.Identifier="197608">Da Re</Attendance.Participant.Name><Attendance.Participant.Name MEP.Identifier="197760">Daubney</Attendance.Participant.Name><Attendance.Participant.Name MEP.Identifier="197556">David</Attendance.Participant.Name><Attendance.Participant.Name MEP.Identifier="4554">Davies</Attendance.Participant.Name><Attendance.Participant.Name MEP.Identifier="96891">De Castro</Attendance.Participant.Name><Attendance.Participant.Name MEP.Identifier="197504">Decerle</Attendance.Participant.Name><Attendance.Participant.Name MEP.Identifier="197531">Delbos-Corfield</Attendance.Participant.Name><Attendance.Participant.Name MEP.Identifier="124714">Deli</Attendance.Participant.Name><Attendance.Participant.Name MEP.Identifier="96868">Delli</Attendance.Participant.Name><Attendance.Participant.Name MEP.Identifier="197736">De Lucy</Attendance.Participant.Name><Attendance.Participant.Name MEP.Identifier="197472">De Man</Attendance.Participant.Name><Attendance.Participant.Name MEP.Identifier="197468">Demirel</Attendance.Participant.Name><Attendance.Participant.Name MEP.Identifier="197453">Deparnay-Grunenberg</Attendance.Participant.Name><Attendance.Participant.Name MEP.Identifier="197471">De Sutter</Attendance.Participant.Name><Attendance.Participant.Name MEP.Identifier="96826">Deutsch</Attendance.Participant.Name><Attendance.Participant.Name MEP.Identifier="124709">Dlabajová</Attendance.Participant.Name><Attendance.Participant.Name MEP.Identifier="197579">Dobrev</Attendance.Participant.Name><Attendance.Participant.Name MEP.Identifier="96951">Dodds</Attendance.Participant.Name><Attendance.Participant.Name MEP.Identifier="197595">Donáth</Attendance.Participant.Name><Attendance.Participant.Name MEP.Identifier="197822">Donato</Attendance.Participant.Name><Attendance.Participant.Name MEP.Identifier="96787">Dorfmann</Attendance.Participant.Name><Attendance.Participant.Name MEP.Identifier="197613">Dowding</Attendance.Participant.Name><Attendance.Participant.Name MEP.Identifier="197614">Dreosto</Attendance.Participant.Name><Attendance.Participant.Name MEP.Identifier="197510">Duda</Attendance.Participant.Name><Attendance.Participant.Name MEP.Identifier="99945">Düpont</Attendance.Participant.Name><Attendance.Participant.Name MEP.Identifier="124693">Durand</Attendance.Participant.Name><Attendance.Participant.Name MEP.Identifier="124873">Dzhambazki</Attendance.Participant.Name><Attendance.Participant.Name MEP.Identifier="197643">Edtstadler</Attendance.Participant.Name><Attendance.Participant.Name MEP.Identifier="96725">Eickhout</Attendance.Participant.Name><Attendance.Participant.Name MEP.Identifier="197803">England Kerr</Attendance.Participant.Name><Attendance.Participant.Name MEP.Identifier="97133">Eppink</Attendance.Participant.Name><Attendance.Participant.Name MEP.Identifier="96852">Ernst</Attendance.Participant.Name><Attendance.Participant.Name MEP.Identifier="197430">Eroglu</Attendance.Participant.Name><Attendance.Participant.Name MEP.Identifier="96842">Ertug</Attendance.Participant.Name><Attendance.Participant.Name MEP.Identifier="96811">Estaràs Ferragut</Attendance.Participant.Name><Attendance.Participant.Name MEP.Identifier="4550">Jill Evans</Attendance.Participant.Name><Attendance.Participant.Name MEP.Identifier="124779">Evi</Attendance.Participant.Name><Attendance.Participant.Name MEP.Identifier="197535">Evren</Attendance.Participant.Name><Attendance.Participant.Name MEP.Identifier="197649">Falcă</Attendance.Participant.Name><Attendance.Participant.Name MEP.Identifier="197589">Farreng</Attendance.Participant.Name><Attendance.Participant.Name MEP.Identifier="124989">Federley</Attendance.Participant.Name><Attendance.Participant.Name MEP.Identifier="1917">Ferber</Attendance.Participant.Name><Attendance.Participant.Name MEP.Identifier="96899">Fernandes</Attendance.Participant.Name><Attendance.Participant.Name MEP.Identifier="125046">Fernández</Attendance.Participant.Name><Attendance.Participant.Name MEP.Identifier="192634">Ferrandino</Attendance.Participant.Name><Attendance.Participant.Name MEP.Identifier="124833">Ferrara</Attendance.Participant.Name><Attendance.Participant.Name MEP.Identifier="96706">João Ferreira</Attendance.Participant.Name><Attendance.Participant.Name MEP.Identifier="197480">Fest</Attendance.Participant.Name><Attendance.Participant.Name MEP.Identifier="197607">Fiocchi</Attendance.Participant.Name><Attendance.Participant.Name MEP.Identifier="4465">Fitto</Attendance.Participant.Name><Attendance.Participant.Name MEP.Identifier="197720">Fitzgerald</Attendance.Participant.Name><Attendance.Participant.Name MEP.Identifier="124985">Flanagan</Attendance.Participant.Name><Attendance.Participant.Name MEP.Identifier="197419">Flego</Attendance.Participant.Name><Attendance.Participant.Name MEP.Identifier="197703">Forman</Attendance.Participant.Name><Attendance.Participant.Name MEP.Identifier="28353">Fotyga</Attendance.Participant.Name><Attendance.Participant.Name MEP.Identifier="197414">Fourlas</Attendance.Participant.Name><Attendance.Participant.Name MEP.Identifier="197708">Fox</Attendance.Participant.Name><Attendance.Participant.Name MEP.Identifier="197513">Frankowski</Attendance.Participant.Name><Attendance.Participant.Name MEP.Identifier="197455">Franssen</Attendance.Participant.Name><Attendance.Participant.Name MEP.Identifier="193273">Franz</Attendance.Participant.Name><Attendance.Participant.Name MEP.Identifier="197391">Fritzon</Attendance.Participant.Name><Attendance.Participant.Name MEP.Identifier="101585">Fuglsang</Attendance.Participant.Name><Attendance.Participant.Name MEP.Identifier="197795">Furore</Attendance.Participant.Name><Attendance.Participant.Name MEP.Identifier="197555">Gade</Attendance.Participant.Name><Attendance.Participant.Name MEP.Identifier="2341">Gahler</Attendance.Participant.Name><Attendance.Participant.Name MEP.Identifier="28150">Gál</Attendance.Participant.Name><Attendance.Participant.Name MEP.Identifier="197702">Gálvez Muñoz</Attendance.Participant.Name><Attendance.Participant.Name MEP.Identifier="197717">García Del Blanco</Attendance.Participant.Name><Attendance.Participant.Name MEP.Identifier="1992">García-Margallo y Marfil</Attendance.Participant.Name><Attendance.Participant.Name MEP.Identifier="197742">García Muñoz</Attendance.Participant.Name><Attendance.Participant.Name MEP.Identifier="28298">García Pérez</Attendance.Participant.Name><Attendance.Participant.Name MEP.Identifier="96991">Gardiazabal Rubial</Attendance.Participant.Name><Attendance.Participant.Name MEP.Identifier="197554">Garicano</Attendance.Participant.Name><Attendance.Participant.Name MEP.Identifier="1913">Gebhardt</Attendance.Participant.Name><Attendance.Participant.Name MEP.Identifier="183916">Geese</Attendance.Participant.Name><Attendance.Participant.Name MEP.Identifier="197416">Georgiou</Attendance.Participant.Name><Attendance.Participant.Name MEP.Identifier="197819">Georgoulis</Attendance.Participant.Name><Attendance.Participant.Name MEP.Identifier="197436">Geuking</Attendance.Participant.Name><Attendance.Participant.Name MEP.Identifier="197661">Ghinea</Attendance.Participant.Name><Attendance.Participant.Name MEP.Identifier="197804">Giarrusso</Attendance.Participant.Name><Attendance.Participant.Name MEP.Identifier="96730">Giegold</Attendance.Participant.Name><Attendance.Participant.Name MEP.Identifier="124807">Gieseke</Attendance.Participant.Name><Attendance.Participant.Name MEP.Identifier="4533">Neena Gill</Attendance.Participant.Name><Attendance.Participant.Name MEP.Identifier="124965">Nathan Gill</Attendance.Participant.Name><Attendance.Participant.Name MEP.Identifier="197751">Glancy</Attendance.Participant.Name><Attendance.Participant.Name MEP.Identifier="197694">Glucksmann</Attendance.Participant.Name><Attendance.Participant.Name MEP.Identifier="197728">González</Attendance.Participant.Name><Attendance.Participant.Name MEP.Identifier="197718">González Casares</Attendance.Participant.Name><Attendance.Participant.Name MEP.Identifier="125027">González Pons</Attendance.Participant.Name><Attendance.Participant.Name MEP.Identifier="197799">Grant</Attendance.Participant.Name><Attendance.Participant.Name MEP.Identifier="124785">Grapini</Attendance.Participant.Name><Attendance.Participant.Name MEP.Identifier="197549">Gregorová</Attendance.Participant.Name><Attendance.Participant.Name MEP.Identifier="124961">Griffin</Attendance.Participant.Name><Attendance.Participant.Name MEP.Identifier="94649">Griset</Attendance.Participant.Name><Attendance.Participant.Name MEP.Identifier="197452">Grošelj</Attendance.Participant.Name><Attendance.Participant.Name MEP.Identifier="197557">Grudler</Attendance.Participant.Name><Attendance.Participant.Name MEP.Identifier="197618">Gualmini</Attendance.Participant.Name><Attendance.Participant.Name MEP.Identifier="197645">Guerreiro</Attendance.Participant.Name><Attendance.Participant.Name MEP.Identifier="197543">Guetta</Attendance.Participant.Name><Attendance.Participant.Name MEP.Identifier="96952">Guillaume</Attendance.Participant.Name><Attendance.Participant.Name MEP.Identifier="88715">Gusmão</Attendance.Participant.Name><Attendance.Participant.Name MEP.Identifier="124991">Guteland</Attendance.Participant.Name><Attendance.Participant.Name MEP.Identifier="198063">Gyöngyösi</Attendance.Participant.Name><Attendance.Participant.Name MEP.Identifier="96830">Győri</Attendance.Participant.Name><Attendance.Participant.Name MEP.Identifier="197642">Habib</Attendance.Participant.Name><Attendance.Participant.Name MEP.Identifier="197444">Svenja Hahn</Attendance.Participant.Name><Attendance.Participant.Name MEP.Identifier="197457">Henrike Hahn</Attendance.Participant.Name><Attendance.Participant.Name MEP.Identifier="198176">Haider</Attendance.Participant.Name><Attendance.Participant.Name MEP.Identifier="34578">Hajšel</Attendance.Participant.Name><Attendance.Participant.Name MEP.Identifier="197596">Hakkarainen</Attendance.Participant.Name><Attendance.Participant.Name MEP.Identifier="197514">Halicki</Attendance.Participant.Name><Attendance.Participant.Name MEP.Identifier="4555">Hannan</Attendance.Participant.Name><Attendance.Participant.Name MEP.Identifier="193419">Christophe Hansen</Attendance.Participant.Name><Attendance.Participant.Name MEP.Identifier="197809">Harris</Attendance.Participant.Name><Attendance.Participant.Name MEP.Identifier="96752">Häusling</Attendance.Participant.Name><Attendance.Participant.Name MEP.Identifier="2054">Hautala</Attendance.Participant.Name><Attendance.Participant.Name MEP.Identifier="197646">Hava</Attendance.Participant.Name><Attendance.Participant.Name MEP.Identifier="135511">Hayer</Attendance.Participant.Name><Attendance.Participant.Name MEP.Identifier="125023">Hazekamp</Attendance.Participant.Name><Attendance.Participant.Name MEP.Identifier="197601">Heaver</Attendance.Participant.Name><Attendance.Participant.Name MEP.Identifier="197800">Heinäluoma</Attendance.Participant.Name><Attendance.Participant.Name MEP.Identifier="197459">Herzberger-Fofana</Attendance.Participant.Name><Attendance.Participant.Name MEP.Identifier="124895">Hetman</Attendance.Participant.Name><Attendance.Participant.Name MEP.Identifier="124586">Hidvéghi</Attendance.Participant.Name><Attendance.Participant.Name MEP.Identifier="197526">Hlaváček</Attendance.Participant.Name><Attendance.Participant.Name MEP.Identifier="96780">Hohlmeier</Attendance.Participant.Name><Attendance.Participant.Name MEP.Identifier="197770">Hojsík</Attendance.Participant.Name><Attendance.Participant.Name MEP.Identifier="197398">Holmgren</Attendance.Participant.Name><Attendance.Participant.Name MEP.Identifier="124715">Hölvényi</Attendance.Participant.Name><Attendance.Participant.Name MEP.Identifier="122978">Homs Ginel</Attendance.Participant.Name><Attendance.Participant.Name MEP.Identifier="197730">Hook</Attendance.Participant.Name><Attendance.Participant.Name MEP.Identifier="5565">Hortefeux</Attendance.Participant.Name><Attendance.Participant.Name MEP.Identifier="188636">Howarth</Attendance.Participant.Name><Attendance.Participant.Name MEP.Identifier="197846">Hristov</Attendance.Participant.Name><Attendance.Participant.Name MEP.Identifier="96779">Hübner</Attendance.Participant.Name><Attendance.Participant.Name MEP.Identifier="197594">Huhtasaari</Attendance.Participant.Name><Attendance.Participant.Name MEP.Identifier="58789">Huitema</Attendance.Participant.Name><Attendance.Participant.Name MEP.Identifier="28266">in 't Veld</Attendance.Participant.Name><Attendance.Participant.Name MEP.Identifier="96740">Jadot</Attendance.Participant.Name><Attendance.Participant.Name MEP.Identifier="96772">Jahr</Attendance.Participant.Name><Attendance.Participant.Name MEP.Identifier="197516">Jaki</Attendance.Participant.Name><Attendance.Participant.Name MEP.Identifier="189065">Jamet</Attendance.Participant.Name><Attendance.Participant.Name MEP.Identifier="28141">Járóka</Attendance.Participant.Name><Attendance.Participant.Name MEP.Identifier="197517">Jarubas</Attendance.Participant.Name><Attendance.Participant.Name MEP.Identifier="197758">Jones</Attendance.Participant.Name><Attendance.Participant.Name MEP.Identifier="125021">Jongerius</Attendance.Participant.Name><Attendance.Participant.Name MEP.Identifier="197752">Jordan</Attendance.Participant.Name><Attendance.Participant.Name MEP.Identifier="197447">Joveva</Attendance.Participant.Name><Attendance.Participant.Name MEP.Identifier="197840">Juknevičienė</Attendance.Participant.Name><Attendance.Participant.Name MEP.Identifier="197518">Jurgiel</Attendance.Participant.Name><Attendance.Participant.Name MEP.Identifier="197767">Jurzyca</Attendance.Participant.Name><Attendance.Participant.Name MEP.Identifier="197626">Juvin</Attendance.Participant.Name><Attendance.Participant.Name MEP.Identifier="96771">Kalinowski</Attendance.Participant.Name><Attendance.Participant.Name MEP.Identifier="197491">Kaljurand</Attendance.Participant.Name><Attendance.Participant.Name MEP.Identifier="96934">Kalniete</Attendance.Participant.Name><Attendance.Participant.Name MEP.Identifier="96837">Kammerevert</Attendance.Participant.Name><Attendance.Participant.Name MEP.Identifier="197839">Kanev</Attendance.Participant.Name><Attendance.Participant.Name MEP.Identifier="197469">Kanko</Attendance.Participant.Name><Attendance.Participant.Name MEP.Identifier="4246">Karas</Attendance.Participant.Name><Attendance.Participant.Name MEP.Identifier="197585">Karleskind</Attendance.Participant.Name><Attendance.Participant.Name MEP.Identifier="197401">Karlsbro</Attendance.Participant.Name><Attendance.Participant.Name MEP.Identifier="124887">Karski</Attendance.Participant.Name><Attendance.Participant.Name MEP.Identifier="191693">Elsi Katainen</Attendance.Participant.Name><Attendance.Participant.Name MEP.Identifier="125068">Kefalogiannis</Attendance.Participant.Name><Attendance.Participant.Name MEP.Identifier="197818">Kelleher</Attendance.Participant.Name><Attendance.Participant.Name MEP.Identifier="22858">Fabienne Keller</Attendance.Participant.Name><Attendance.Participant.Name MEP.Identifier="96668">Kelly</Attendance.Participant.Name><Attendance.Participant.Name MEP.Identifier="197519">Kempa</Attendance.Participant.Name><Attendance.Participant.Name MEP.Identifier="124953">Kirton-Darling</Attendance.Participant.Name><Attendance.Participant.Name MEP.Identifier="197415">Kizilyürek</Attendance.Participant.Name><Attendance.Participant.Name MEP.Identifier="197520">Kloc</Attendance.Participant.Name><Attendance.Participant.Name MEP.Identifier="197528">Knotek</Attendance.Participant.Name><Attendance.Participant.Name MEP.Identifier="197570">Kofod</Attendance.Participant.Name><Attendance.Participant.Name MEP.Identifier="197523">Kohut</Attendance.Participant.Name><Attendance.Participant.Name MEP.Identifier="197406">Kokalari</Attendance.Participant.Name><Attendance.Participant.Name MEP.Identifier="197743">Kokkalis</Attendance.Participant.Name><Attendance.Participant.Name MEP.Identifier="197546">Kolaja</Attendance.Participant.Name><Attendance.Participant.Name MEP.Identifier="197438">Kolakušić</Attendance.Participant.Name><Attendance.Participant.Name MEP.Identifier="197740">Konstantinou</Attendance.Participant.Name><Attendance.Participant.Name MEP.Identifier="197525">Kopacz</Attendance.Participant.Name><Attendance.Participant.Name MEP.Identifier="197530">Kopcińska</Attendance.Participant.Name><Attendance.Participant.Name MEP.Identifier="197445">Körner</Attendance.Participant.Name><Attendance.Participant.Name MEP.Identifier="96829">Kósa</Attendance.Participant.Name><Attendance.Participant.Name MEP.Identifier="124822">Köster</Attendance.Participant.Name><Attendance.Participant.Name MEP.Identifier="130833">Kouloglou</Attendance.Participant.Name><Attendance.Participant.Name MEP.Identifier="197699">Kountoura</Attendance.Participant.Name><Attendance.Participant.Name MEP.Identifier="118949">Kovařík</Attendance.Participant.Name><Attendance.Participant.Name MEP.Identifier="97968">Kovatchev</Attendance.Participant.Name><Attendance.Participant.Name MEP.Identifier="124891">Krasnodębski</Attendance.Participant.Name><Attendance.Participant.Name MEP.Identifier="1854">Krehl</Attendance.Participant.Name><Attendance.Participant.Name MEP.Identifier="197532">Kruk</Attendance.Participant.Name><Attendance.Participant.Name MEP.Identifier="197843">Kubilius</Attendance.Participant.Name><Attendance.Participant.Name MEP.Identifier="197395">Kuhnke</Attendance.Participant.Name><Attendance.Participant.Name MEP.Identifier="197482">Kuhs</Attendance.Participant.Name><Attendance.Participant.Name MEP.Identifier="28389">Kuźmiuk</Attendance.Participant.Name><Attendance.Participant.Name MEP.Identifier="197692">Kympouropoulos</Attendance.Participant.Name><Attendance.Participant.Name MEP.Identifier="125063">Kyrtsos</Attendance.Participant.Name><Attendance.Participant.Name MEP.Identifier="124866">Kyuchyuk</Attendance.Participant.Name><Attendance.Participant.Name MEP.Identifier="197737">Lagos</Attendance.Participant.Name><Attendance.Participant.Name MEP.Identifier="192635">Lancini</Attendance.Participant.Name><Attendance.Participant.Name MEP.Identifier="1909">Bernd Lange</Attendance.Participant.Name><Attendance.Participant.Name MEP.Identifier="38398">de Lange</Attendance.Participant.Name><Attendance.Participant.Name MEP.Identifier="197461">Langensiepen</Attendance.Participant.Name><Attendance.Participant.Name MEP.Identifier="197597">Laporte</Attendance.Participant.Name><Attendance.Participant.Name MEP.Identifier="124738">Lebreton</Attendance.Participant.Name><Attendance.Participant.Name MEP.Identifier="197686">Lechanteux</Attendance.Participant.Name><Attendance.Participant.Name MEP.Identifier="197393">Lega</Attendance.Participant.Name><Attendance.Participant.Name MEP.Identifier="197635">Maria Manuel Leitão Marques</Attendance.Participant.Name><Attendance.Participant.Name MEP.Identifier="95074">Lenaers</Attendance.Participant.Name><Attendance.Participant.Name MEP.Identifier="23781">Lewandowski</Attendance.Participant.Name><Attendance.Participant.Name MEP.Identifier="23768">Liberadzki</Attendance.Participant.Name><Attendance.Participant.Name MEP.Identifier="1927">Liese</Attendance.Participant.Name><Attendance.Participant.Name MEP.Identifier="197483">Limmer</Attendance.Participant.Name><Attendance.Participant.Name MEP.Identifier="124808">Lins</Attendance.Participant.Name><Attendance.Participant.Name MEP.Identifier="197611">Lizzi</Attendance.Participant.Name><Attendance.Participant.Name MEP.Identifier="197494">Loiseau</Attendance.Participant.Name><Attendance.Participant.Name MEP.Identifier="96709">Løkkegaard</Attendance.Participant.Name><Attendance.Participant.Name MEP.Identifier="197807">Longworth</Attendance.Participant.Name><Attendance.Participant.Name MEP.Identifier="125042">López</Attendance.Participant.Name><Attendance.Participant.Name MEP.Identifier="96812">López Aguilar</Attendance.Participant.Name><Attendance.Participant.Name MEP.Identifier="197777">López Gil</Attendance.Participant.Name><Attendance.Participant.Name MEP.Identifier="28399">López-Istúriz White</Attendance.Participant.Name><Attendance.Participant.Name MEP.Identifier="197759">Lowe</Attendance.Participant.Name><Attendance.Participant.Name MEP.Identifier="197721">Luena</Attendance.Participant.Name><Attendance.Participant.Name MEP.Identifier="96791">Łukacijewska</Attendance.Participant.Name><Attendance.Participant.Name MEP.Identifier="124996">Lundgren</Attendance.Participant.Name><Attendance.Participant.Name MEP.Identifier="124806">McAllister</Attendance.Participant.Name><Attendance.Participant.Name MEP.Identifier="28115">McGuinness</Attendance.Participant.Name><Attendance.Participant.Name MEP.Identifier="111011">McIntyre</Attendance.Participant.Name><Attendance.Participant.Name MEP.Identifier="30490">McLeod</Attendance.Participant.Name><Attendance.Participant.Name MEP.Identifier="197493">Madison</Attendance.Participant.Name><Attendance.Participant.Name MEP.Identifier="197719">Maestre Martín De Almagro</Attendance.Participant.Name><Attendance.Participant.Name MEP.Identifier="197812">Magid</Attendance.Participant.Name><Attendance.Participant.Name MEP.Identifier="197592">Majorino</Attendance.Participant.Name><Attendance.Participant.Name MEP.Identifier="197835">Maldeikienė</Attendance.Participant.Name><Attendance.Participant.Name MEP.Identifier="197735">Maldonado López</Attendance.Participant.Name><Attendance.Participant.Name MEP.Identifier="197653">Manda</Attendance.Participant.Name><Attendance.Participant.Name MEP.Identifier="4560">Manders</Attendance.Participant.Name><Attendance.Participant.Name MEP.Identifier="190713">Mandl</Attendance.Participant.Name><Attendance.Participant.Name MEP.Identifier="197623">Mariani</Attendance.Participant.Name><Attendance.Participant.Name MEP.Identifier="33982">Marinescu</Attendance.Participant.Name><Attendance.Participant.Name MEP.Identifier="197638">Margarida Marques</Attendance.Participant.Name><Attendance.Participant.Name MEP.Identifier="197634">Pedro Marques</Attendance.Participant.Name><Attendance.Participant.Name MEP.Identifier="124828">Martusciello</Attendance.Participant.Name><Attendance.Participant.Name MEP.Identifier="96820">Matias</Attendance.Participant.Name><Attendance.Participant.Name MEP.Identifier="197441">Matić</Attendance.Participant.Name><Attendance.Participant.Name MEP.Identifier="24505">Maurel</Attendance.Participant.Name><Attendance.Participant.Name MEP.Identifier="124691">Mavrides</Attendance.Participant.Name><Attendance.Participant.Name MEP.Identifier="197522">Maxová</Attendance.Participant.Name><Attendance.Participant.Name MEP.Identifier="38511">Mayer</Attendance.Participant.Name><Attendance.Participant.Name MEP.Identifier="197538">Mazurek</Attendance.Participant.Name><Attendance.Participant.Name MEP.Identifier="197841">Mažylis</Attendance.Participant.Name><Attendance.Participant.Name MEP.Identifier="197662">Meimarakis</Attendance.Participant.Name><Attendance.Participant.Name MEP.Identifier="130256">Melbārde</Attendance.Participant.Name><Attendance.Participant.Name MEP.Identifier="197567">Melchior</Attendance.Participant.Name><Attendance.Participant.Name MEP.Identifier="124765">Mélin</Attendance.Participant.Name><Attendance.Participant.Name MEP.Identifier="96978">Melo</Attendance.Participant.Name><Attendance.Participant.Name MEP.Identifier="118859">Metsola</Attendance.Participant.Name><Attendance.Participant.Name MEP.Identifier="190518">Meuthen</Attendance.Participant.Name><Attendance.Participant.Name MEP.Identifier="120478">Michels</Attendance.Participant.Name><Attendance.Participant.Name MEP.Identifier="125128">Mihaylova</Attendance.Participant.Name><Attendance.Participant.Name MEP.Identifier="197497">Sven Mikser</Attendance.Participant.Name><Attendance.Participant.Name MEP.Identifier="28400">Millán Mon</Attendance.Participant.Name><Attendance.Participant.Name MEP.Identifier="197540">Miller</Attendance.Participant.Name><Attendance.Participant.Name MEP.Identifier="197805">Modig</Attendance.Participant.Name><Attendance.Participant.Name MEP.Identifier="124722">Molnár</Attendance.Participant.Name><Attendance.Participant.Name MEP.Identifier="197704">Monteith</Attendance.Participant.Name><Attendance.Participant.Name MEP.Identifier="197711">Montserrat</Attendance.Participant.Name><Attendance.Participant.Name MEP.Identifier="4519">Moraes</Attendance.Participant.Name><Attendance.Participant.Name MEP.Identifier="72779">Morano</Attendance.Participant.Name><Attendance.Participant.Name MEP.Identifier="28347">Moreno Sánchez</Attendance.Participant.Name><Attendance.Participant.Name MEP.Identifier="124799">Moretti</Attendance.Participant.Name><Attendance.Participant.Name MEP.Identifier="197427">Mortler</Attendance.Participant.Name><Attendance.Participant.Name MEP.Identifier="197541">Możdżanowska</Attendance.Participant.Name><Attendance.Participant.Name MEP.Identifier="124862">Müller</Attendance.Participant.Name><Attendance.Participant.Name MEP.Identifier="197603">Mummery</Attendance.Participant.Name><Attendance.Participant.Name MEP.Identifier="190519">Nagtegaal</Attendance.Participant.Name><Attendance.Participant.Name MEP.Identifier="197604">Lucy Nethsingha</Attendance.Participant.Name><Attendance.Participant.Name MEP.Identifier="197464">Neumann</Attendance.Participant.Name><Attendance.Participant.Name MEP.Identifier="96844">Neuser</Attendance.Participant.Name><Attendance.Participant.Name MEP.Identifier="1394">Newton Dunn</Attendance.Participant.Name><Attendance.Participant.Name MEP.Identifier="124784">Dan Nica</Attendance.Participant.Name><Attendance.Participant.Name MEP.Identifier="4289">Niebler</Attendance.Participant.Name><Attendance.Participant.Name MEP.Identifier="124701">Niedermayer</Attendance.Participant.Name><Attendance.Participant.Name MEP.Identifier="197465">Nienaß</Attendance.Participant.Name><Attendance.Participant.Name MEP.Identifier="197802">Niinistö</Attendance.Participant.Name><Attendance.Participant.Name MEP.Identifier="197734">Nikolaou-Alavanos</Attendance.Participant.Name><Attendance.Participant.Name MEP.Identifier="124836">Noichl</Attendance.Participant.Name><Attendance.Participant.Name MEP.Identifier="28294">Novak</Attendance.Participant.Name><Attendance.Participant.Name MEP.Identifier="107212">Novakov</Attendance.Participant.Name><Attendance.Participant.Name MEP.Identifier="197889">O'Sullivan</Attendance.Participant.Name><Attendance.Participant.Name MEP.Identifier="197432">Oetjen</Attendance.Participant.Name><Attendance.Participant.Name MEP.Identifier="28288">Olbrycht</Attendance.Participant.Name><Attendance.Participant.Name MEP.Identifier="197687">Olivier</Attendance.Participant.Name><Attendance.Participant.Name MEP.Identifier="30482">Omarjee</Attendance.Participant.Name><Attendance.Participant.Name MEP.Identifier="197712">Overgaard Nielsen</Attendance.Participant.Name><Attendance.Participant.Name MEP.Identifier="129073">Paet</Attendance.Participant.Name><Attendance.Participant.Name MEP.Identifier="125038">Pagazaurtundúa</Attendance.Participant.Name><Attendance.Participant.Name MEP.Identifier="190099">Palmer</Attendance.Participant.Name><Attendance.Participant.Name MEP.Identifier="99283">Panza</Attendance.Participant.Name><Attendance.Participant.Name MEP.Identifier="124692">Demetris Papadakis</Attendance.Participant.Name><Attendance.Participant.Name MEP.Identifier="125093">Kostas Papadakis</Attendance.Participant.Name><Attendance.Participant.Name MEP.Identifier="28586">Papadimoulis</Attendance.Participant.Name><Attendance.Participant.Name MEP.Identifier="197620">Patten</Attendance.Participant.Name><Attendance.Participant.Name MEP.Identifier="124844">Pedicini</Attendance.Participant.Name><Attendance.Participant.Name MEP.Identifier="197420">Peeters</Attendance.Participant.Name><Attendance.Participant.Name MEP.Identifier="197563">Pekkarinen</Attendance.Participant.Name><Attendance.Participant.Name MEP.Identifier="197539">Peksa</Attendance.Participant.Name><Attendance.Participant.Name MEP.Identifier="197527">Pelletier</Attendance.Participant.Name><Attendance.Participant.Name MEP.Identifier="197845">Penkova</Attendance.Participant.Name><Attendance.Participant.Name MEP.Identifier="197754">Sandra Pereira</Attendance.Participant.Name><Attendance.Participant.Name MEP.Identifier="197573">Peter-Hansen</Attendance.Participant.Name><Attendance.Participant.Name MEP.Identifier="124872">Petersen</Attendance.Participant.Name><Attendance.Participant.Name MEP.Identifier="197710">Alexandra Louise Rosenfield Phillips</Attendance.Participant.Name><Attendance.Participant.Name MEP.Identifier="99461">Alexandra Lesley Phillips</Attendance.Participant.Name><Attendance.Participant.Name MEP.Identifier="124846">Picierno</Attendance.Participant.Name><Attendance.Participant.Name MEP.Identifier="112744">Picula</Attendance.Participant.Name><Attendance.Participant.Name MEP.Identifier="28224">Pieper</Attendance.Participant.Name><Attendance.Participant.Name MEP.Identifier="197619">Pignedoli</Attendance.Participant.Name><Attendance.Participant.Name MEP.Identifier="197629">Pirbakas</Attendance.Participant.Name><Attendance.Participant.Name MEP.Identifier="37229">Piri</Attendance.Participant.Name><Attendance.Participant.Name MEP.Identifier="197590">Pisapia</Attendance.Participant.Name><Attendance.Participant.Name MEP.Identifier="38595">Plumb</Attendance.Participant.Name><Attendance.Participant.Name MEP.Identifier="124704">Polčák</Attendance.Participant.Name><Attendance.Participant.Name MEP.Identifier="197404">Polfjärd</Attendance.Participant.Name><Attendance.Participant.Name MEP.Identifier="197765">Pollák</Attendance.Participant.Name><Attendance.Participant.Name MEP.Identifier="125706">Pospíšil</Attendance.Participant.Name><Attendance.Participant.Name MEP.Identifier="197813">Pugh</Attendance.Participant.Name><Attendance.Participant.Name MEP.Identifier="197764">Radačovský</Attendance.Participant.Name><Attendance.Participant.Name MEP.Identifier="124850">Emil Radev</Attendance.Participant.Name><Attendance.Participant.Name MEP.Identifier="188945">Radtke</Attendance.Participant.Name><Attendance.Participant.Name MEP.Identifier="197544">Rafalska</Attendance.Participant.Name><Attendance.Participant.Name MEP.Identifier="197790">Regimenti</Attendance.Participant.Name><Attendance.Participant.Name MEP.Identifier="96998">Regner</Attendance.Participant.Name><Attendance.Participant.Name MEP.Identifier="197488">Reil</Attendance.Participant.Name><Attendance.Participant.Name MEP.Identifier="103381">Reintke</Attendance.Participant.Name><Attendance.Participant.Name MEP.Identifier="197413">Ressler</Attendance.Participant.Name><Attendance.Participant.Name MEP.Identifier="197832">Riba i Giner</Attendance.Participant.Name><Attendance.Participant.Name MEP.Identifier="4253">Ries</Attendance.Participant.Name><Attendance.Participant.Name MEP.Identifier="197787">Rinaldi</Attendance.Participant.Name><Attendance.Participant.Name MEP.Identifier="96885">Riquet</Attendance.Participant.Name><Attendance.Participant.Name MEP.Identifier="96743">Rivasi</Attendance.Participant.Name><Attendance.Participant.Name MEP.Identifier="197615">Rivière</Attendance.Participant.Name><Attendance.Participant.Name MEP.Identifier="197801">Roberti</Attendance.Participant.Name><Attendance.Participant.Name MEP.Identifier="125043">Rodríguez-Piñero</Attendance.Participant.Name><Attendance.Participant.Name MEP.Identifier="4344">Rodríguez Ramos</Attendance.Participant.Name><Attendance.Participant.Name MEP.Identifier="197584">Rónai</Attendance.Participant.Name><Attendance.Participant.Name MEP.Identifier="197792">Rondinelli</Attendance.Participant.Name><Attendance.Participant.Name MEP.Identifier="197776">Rooken</Attendance.Participant.Name><Attendance.Participant.Name MEP.Identifier="197709">Roos</Attendance.Participant.Name><Attendance.Participant.Name MEP.Identifier="197506">Roose</Attendance.Participant.Name><Attendance.Participant.Name MEP.Identifier="125214">Ropė</Attendance.Participant.Name><Attendance.Participant.Name MEP.Identifier="197690">Rougé</Attendance.Participant.Name><Attendance.Participant.Name MEP.Identifier="197602">Rowett</Attendance.Participant.Name><Attendance.Participant.Name MEP.Identifier="197733">Rowland</Attendance.Participant.Name><Attendance.Participant.Name MEP.Identifier="197773">Ruissen</Attendance.Participant.Name><Attendance.Participant.Name MEP.Identifier="127096">Ruiz Devesa</Attendance.Participant.Name><Attendance.Participant.Name MEP.Identifier="197545">Rzońca</Attendance.Participant.Name><Attendance.Participant.Name MEP.Identifier="197722">Sánchez Amor</Attendance.Participant.Name><Attendance.Participant.Name MEP.Identifier="24594">Sander</Attendance.Participant.Name><Attendance.Participant.Name MEP.Identifier="124781">Sant</Attendance.Participant.Name><Attendance.Participant.Name MEP.Identifier="197650">Santos</Attendance.Participant.Name><Attendance.Participant.Name MEP.Identifier="197578">Sardone</Attendance.Participant.Name><Attendance.Participant.Name MEP.Identifier="28297">Saryusz-Wolski</Attendance.Participant.Name><Attendance.Participant.Name MEP.Identifier="96864">Sassoli</Attendance.Participant.Name><Attendance.Participant.Name MEP.Identifier="197500">Satouri</Attendance.Participant.Name><Attendance.Participant.Name MEP.Identifier="37312">Schaldemose</Attendance.Participant.Name><Attendance.Participant.Name MEP.Identifier="197670">Schieder</Attendance.Participant.Name><Attendance.Participant.Name MEP.Identifier="190517">Schirdewan</Attendance.Participant.Name><Attendance.Participant.Name MEP.Identifier="197656">Schmiedtbauer</Attendance.Participant.Name><Attendance.Participant.Name MEP.Identifier="197428">Nicolas Schmit</Attendance.Participant.Name><Attendance.Participant.Name MEP.Identifier="197422">Christine Schneider</Attendance.Participant.Name><Attendance.Participant.Name MEP.Identifier="96646">Scholz</Attendance.Participant.Name><Attendance.Participant.Name MEP.Identifier="125030">Schreijer-Pierik</Attendance.Participant.Name><Attendance.Participant.Name MEP.Identifier="197869">Schreinemacher</Attendance.Participant.Name><Attendance.Participant.Name MEP.Identifier="124809">Schulze</Attendance.Participant.Name><Attendance.Participant.Name MEP.Identifier="124837">Schuster</Attendance.Participant.Name><Attendance.Participant.Name MEP.Identifier="28223">Schwab</Attendance.Participant.Name><Attendance.Participant.Name MEP.Identifier="124942">Scott Cato</Attendance.Participant.Name><Attendance.Participant.Name MEP.Identifier="197425">Seekatz</Attendance.Participant.Name><Attendance.Participant.Name MEP.Identifier="197508">Séjourné</Attendance.Participant.Name><Attendance.Participant.Name MEP.Identifier="197423">Semsrott</Attendance.Participant.Name><Attendance.Participant.Name MEP.Identifier="197677">Sidl</Attendance.Participant.Name><Attendance.Participant.Name MEP.Identifier="197548">Sikorski</Attendance.Participant.Name><Attendance.Participant.Name MEP.Identifier="124747">Silva Pereira</Attendance.Participant.Name><Attendance.Participant.Name MEP.Identifier="103746">Šimečka</Attendance.Participant.Name><Attendance.Participant.Name MEP.Identifier="197426">Simon</Attendance.Participant.Name><Attendance.Participant.Name MEP.Identifier="197935">Sinčić</Attendance.Participant.Name><Attendance.Participant.Name MEP.Identifier="96932">Sippel</Attendance.Participant.Name><Attendance.Participant.Name MEP.Identifier="197390">Skyttedal</Attendance.Participant.Name><Attendance.Participant.Name MEP.Identifier="197849">Slabakov</Attendance.Participant.Name><Attendance.Participant.Name MEP.Identifier="197791">Smeriglio</Attendance.Participant.Name><Attendance.Participant.Name MEP.Identifier="124710">Šojdrová</Attendance.Participant.Name><Attendance.Participant.Name MEP.Identifier="197417">Sokol</Attendance.Participant.Name><Attendance.Participant.Name MEP.Identifier="197784">Solís Pérez</Attendance.Participant.Name><Attendance.Participant.Name MEP.Identifier="124834">Sonneborn</Attendance.Participant.Name><Attendance.Participant.Name MEP.Identifier="197550">Spurek</Attendance.Participant.Name><Attendance.Participant.Name MEP.Identifier="125064">Spyraki</Attendance.Participant.Name><Attendance.Participant.Name MEP.Identifier="197825">Stancanelli</Attendance.Participant.Name><Attendance.Participant.Name MEP.Identifier="124929">Štefanec</Attendance.Participant.Name><Attendance.Participant.Name MEP.Identifier="58766">Ştefănuță</Attendance.Participant.Name><Attendance.Participant.Name MEP.Identifier="197399">Stegrud</Attendance.Participant.Name><Attendance.Participant.Name MEP.Identifier="197772">Strik</Attendance.Participant.Name><Attendance.Participant.Name MEP.Identifier="134605">Strugariu</Attendance.Participant.Name><Attendance.Participant.Name MEP.Identifier="23821">Szájer</Attendance.Participant.Name><Attendance.Participant.Name MEP.Identifier="197553">Beata Szydło</Attendance.Participant.Name><Attendance.Participant.Name MEP.Identifier="2187">Antonio Tajani</Attendance.Participant.Name><Attendance.Participant.Name MEP.Identifier="29579">Tarabella</Attendance.Participant.Name><Attendance.Participant.Name MEP.Identifier="197806">Tardino</Attendance.Participant.Name><Attendance.Participant.Name MEP.Identifier="197756">Tax</Attendance.Participant.Name><Attendance.Participant.Name MEP.Identifier="197705">Tennant</Attendance.Participant.Name><Attendance.Participant.Name MEP.Identifier="197655">Terheş</Attendance.Participant.Name><Attendance.Participant.Name MEP.Identifier="197831">Tertsch</Attendance.Participant.Name><Attendance.Participant.Name MEP.Identifier="197667">Thaler</Attendance.Participant.Name><Attendance.Participant.Name MEP.Identifier="96776">Thun und Hohenstein</Attendance.Participant.Name><Attendance.Participant.Name MEP.Identifier="197591">Tinagli</Attendance.Participant.Name><Attendance.Participant.Name MEP.Identifier="197402">Tomas Tobé</Attendance.Participant.Name><Attendance.Participant.Name MEP.Identifier="197559">Tobiszowski</Attendance.Participant.Name><Attendance.Participant.Name MEP.Identifier="28340">Toia</Attendance.Participant.Name><Attendance.Participant.Name MEP.Identifier="197672">Tomac</Attendance.Participant.Name><Attendance.Participant.Name MEP.Identifier="96697">Tomaševski</Attendance.Participant.Name><Attendance.Participant.Name MEP.Identifier="119431">Tomašić</Attendance.Participant.Name><Attendance.Participant.Name MEP.Identifier="125104">Tomc</Attendance.Participant.Name><Attendance.Participant.Name MEP.Identifier="114268">Torvalds</Attendance.Participant.Name><Attendance.Participant.Name MEP.Identifier="96713">Tošenovský</Attendance.Participant.Name><Attendance.Participant.Name MEP.Identifier="27714">Tóth</Attendance.Participant.Name><Attendance.Participant.Name MEP.Identifier="97236">Toussaint</Attendance.Participant.Name><Attendance.Participant.Name MEP.Identifier="197593">Trillet-Lenoir</Attendance.Participant.Name><Attendance.Participant.Name MEP.Identifier="197894">László Trócsányi</Attendance.Participant.Name><Attendance.Participant.Name MEP.Identifier="198183">Tudose</Attendance.Participant.Name><Attendance.Participant.Name MEP.Identifier="197763">Uhrík</Attendance.Participant.Name><Attendance.Participant.Name MEP.Identifier="124705">Ujhelyi</Attendance.Participant.Name><Attendance.Participant.Name MEP.Identifier="131507">Urbán Crespo</Attendance.Participant.Name><Attendance.Participant.Name MEP.Identifier="124972">Urtasun</Attendance.Participant.Name><Attendance.Participant.Name MEP.Identifier="197810">Ušakovs</Attendance.Participant.Name><Attendance.Participant.Name MEP.Identifier="96698">Uspaskich</Attendance.Participant.Name><Attendance.Participant.Name MEP.Identifier="28617">Vaidere</Attendance.Participant.Name><Attendance.Participant.Name MEP.Identifier="37324">Adina-Ioana Vălean</Attendance.Participant.Name><Attendance.Participant.Name MEP.Identifier="124934">Vana</Attendance.Participant.Name><Attendance.Participant.Name MEP.Identifier="5729">Van Brempt</Attendance.Participant.Name><Attendance.Participant.Name MEP.Identifier="185771">Vandendriessche</Attendance.Participant.Name><Attendance.Participant.Name MEP.Identifier="4513">Van Orden</Attendance.Participant.Name><Attendance.Participant.Name MEP.Identifier="125106">Van Overtveldt</Attendance.Participant.Name><Attendance.Participant.Name MEP.Identifier="197870">Van Sparrentak</Attendance.Participant.Name><Attendance.Participant.Name MEP.Identifier="130100">Vautmans</Attendance.Participant.Name><Attendance.Participant.Name MEP.Identifier="197502">Vedrenne</Attendance.Participant.Name><Attendance.Participant.Name MEP.Identifier="96756">Sabine Verheyen</Attendance.Participant.Name><Attendance.Participant.Name MEP.Identifier="97058">Verhofstadt</Attendance.Participant.Name><Attendance.Participant.Name MEP.Identifier="125001">Vilimsky</Attendance.Participant.Name><Attendance.Participant.Name MEP.Identifier="197827">Villanueva Ruiz</Attendance.Participant.Name><Attendance.Participant.Name MEP.Identifier="197571">Villumsen</Attendance.Participant.Name><Attendance.Participant.Name MEP.Identifier="98582">Vincze</Attendance.Participant.Name><Attendance.Participant.Name MEP.Identifier="199941">Vind</Attendance.Participant.Name><Attendance.Participant.Name MEP.Identifier="124726">Virkkunen</Attendance.Participant.Name><Attendance.Participant.Name MEP.Identifier="197844">Vitanov</Attendance.Participant.Name><Attendance.Participant.Name MEP.Identifier="197678">Vollath</Attendance.Participant.Name><Attendance.Participant.Name MEP.Identifier="197451">Von Cramon-Taubadel</Attendance.Participant.Name><Attendance.Participant.Name MEP.Identifier="125065">Vozemberg-Vrionidi</Attendance.Participant.Name><Attendance.Participant.Name MEP.Identifier="197552">Vrecionová</Attendance.Participant.Name><Attendance.Participant.Name MEP.Identifier="197798">Vuolo</Attendance.Participant.Name><Attendance.Participant.Name MEP.Identifier="197817">Wallace</Attendance.Participant.Name><Attendance.Participant.Name MEP.Identifier="197863">Walsh</Attendance.Participant.Name><Attendance.Participant.Name MEP.Identifier="197429">Walsmann</Attendance.Participant.Name><Attendance.Participant.Name MEP.Identifier="197405">Warborn</Attendance.Participant.Name><Attendance.Participant.Name MEP.Identifier="124963">Ward</Attendance.Participant.Name><Attendance.Participant.Name MEP.Identifier="197566">Waszczykowski</Attendance.Participant.Name><Attendance.Participant.Name MEP.Identifier="123562">Weimers</Attendance.Participant.Name><Attendance.Participant.Name MEP.Identifier="197515">Weiss</Attendance.Participant.Name><Attendance.Participant.Name MEP.Identifier="197757">Wells</Attendance.Participant.Name><Attendance.Participant.Name MEP.Identifier="197744">Widdecombe</Attendance.Participant.Name><Attendance.Participant.Name MEP.Identifier="2323">Wieland</Attendance.Participant.Name><Attendance.Participant.Name MEP.Identifier="197675">Wiener</Attendance.Participant.Name><Attendance.Participant.Name MEP.Identifier="197769">Wiezik</Attendance.Participant.Name><Attendance.Participant.Name MEP.Identifier="39725">Winkler</Attendance.Participant.Name><Attendance.Participant.Name MEP.Identifier="197652">Winzig</Attendance.Participant.Name><Attendance.Participant.Name MEP.Identifier="197421">Wiseler-Lima</Attendance.Participant.Name><Attendance.Participant.Name MEP.Identifier="124877">Wiśniewska</Attendance.Participant.Name><Attendance.Participant.Name MEP.Identifier="185619">Wölken</Attendance.Participant.Name><Attendance.Participant.Name MEP.Identifier="5392">Wolters</Attendance.Participant.Name><Attendance.Participant.Name MEP.Identifier="197511">Yenbou</Attendance.Participant.Name><Attendance.Participant.Name MEP.Identifier="197499">Zacharopoulou</Attendance.Participant.Name><Attendance.Participant.Name MEP.Identifier="125067">Zagorakis</Attendance.Participant.Name><Attendance.Participant.Name MEP.Identifier="23712">Zahradil</Attendance.Participant.Name><Attendance.Participant.Name MEP.Identifier="197572">Zalewska</Attendance.Participant.Name><Attendance.Participant.Name MEP.Identifier="197586">Zambelli</Attendance.Participant.Name><Attendance.Participant.Name MEP.Identifier="124780">Zanni</Attendance.Participant.Name><Attendance.Participant.Name MEP.Identifier="197606">Zarzalejos</Attendance.Participant.Name><Attendance.Participant.Name MEP.Identifier="28619">Ždanoka</Attendance.Participant.Name><Attendance.Participant.Name MEP.Identifier="124713">Zdechovský</Attendance.Participant.Name><Attendance.Participant.Name MEP.Identifier="28615">Zīle</Attendance.Participant.Name><Attendance.Participant.Name MEP.Identifier="197489">Zimniok</Attendance.Participant.Name><Attendance.Participant.Name MEP.Identifier="197621">Zoido Álvarez</Attendance.Participant.Name><Attendance.Participant.Name MEP.Identifier="124739">Zorrinho</Attendance.Participant.Name><Attendance.Participant.Name MEP.Identifier="185341">Zovko</Attendance.Participant.Name><Attendance.Participant.Name MEP.Identifier="125237">Zullo</Attendance.Participant.Name><Attendance.Participant.Name MEP.Identifier="96933">Zver</Attendance.Participant.Name><AttendanceRegister.Excused.Introduction.Text>Excused:</AttendanceRegister.Excused.Introduction.Text><Attendance.Excused.Name MEP.Identifier="124812">Castaldo</Attendance.Excused.Name><Attendance.Excused.Name MEP.Identifier="197786">Ceccardi</Attendance.Excused.Name><Attendance.Excused.Name MEP.Identifier="106936">Freund</Attendance.Excused.Name><Attendance.Excused.Name MEP.Identifier="197542">Ochojska</Attendance.Excused.Name><Attendance.Excused.Name MEP.Identifier="124700">Toom</Attendance.Excused.Name></PV.AttendanceRegister>