<?xml version="1.0" encoding="utf-8"?>
<!DOCTYPE PV.AttendanceRegister SYSTEM "http://www2.europarl.ep.ec/pv/LP.dtd">
<PV.AttendanceRegister Document.Language="EN" EP.Number="PE 645.800" EP.Reference="P9_PV(2019)12-16" Sitting.Date="2019-12-16" Sitting.Identifier="2645925" xmlns:chart="http://openoffice.org/2000/chart" xmlns:dr3d="http://openoffice.org/2000/dr3d" xmlns:draw="http://openoffice.org/2000/drawing" xmlns:fo="http://www.w3.org/1999/XSL/Format" xmlns:form="http://openoffice.org/2000/form" xmlns:ino="http://namespaces.softwareag.com/tamino/response2" xmlns:math="http://www.w3.org/1998/Math/MathML" xmlns:number="http://openoffice.org/2000/datastyle" xmlns:office="http://openoffice.org/2000/office" xmlns:script="http://openoffice.org/2000/script" xmlns:style="http://openoffice.org/2000/style" xmlns:svg="http://www.w3.org/2000/svg" xmlns:table="http://openoffice.org/2000/table" xmlns:text="http://openoffice.org/2000/text" xmlns:xlink="http://www.w3.org/1999/xlink" xmlns:xql="http://metalab.unc.edu/xql/"><AttendanceRegister.Title.Text>ATTENDANCE REGISTER</AttendanceRegister.Title.Text><AttendanceRegister.Introduction.Text>Present:</AttendanceRegister.Introduction.Text><Attendance.Participant.Name MEP.Identifier="197490">Magdalena Adamowicz</Attendance.Participant.Name><Attendance.Participant.Name MEP.Identifier="189525">Asim Ademov</Attendance.Participant.Name><Attendance.Participant.Name MEP.Identifier="124831">Isabella Adinolfi</Attendance.Participant.Name><Attendance.Participant.Name MEP.Identifier="197826">Matteo Adinolfi</Attendance.Participant.Name><Attendance.Participant.Name MEP.Identifier="197403">Alex Agius Saliba</Attendance.Participant.Name><Attendance.Participant.Name MEP.Identifier="198096">Mazaly Aguilar</Attendance.Participant.Name><Attendance.Participant.Name MEP.Identifier="125045">Clara Aguilera</Attendance.Participant.Name><Attendance.Participant.Name MEP.Identifier="197836">Alexander Alexandrov Yordanov</Attendance.Participant.Name><Attendance.Participant.Name MEP.Identifier="96750">François Alfonsi</Attendance.Participant.Name><Attendance.Participant.Name MEP.Identifier="197848">Atidzhe Alieva-Veli</Attendance.Participant.Name><Attendance.Participant.Name MEP.Identifier="197644">Christian Allard</Attendance.Participant.Name><Attendance.Participant.Name MEP.Identifier="197400">Abir Al-Sahlani</Attendance.Participant.Name><Attendance.Participant.Name MEP.Identifier="197746">Álvaro Amaro</Attendance.Participant.Name><Attendance.Participant.Name MEP.Identifier="197783">Andris Ameriks</Attendance.Participant.Name><Attendance.Participant.Name MEP.Identifier="197475">Christine Anderson</Attendance.Participant.Name><Attendance.Participant.Name MEP.Identifier="113959">Martina Anderson</Attendance.Participant.Name><Attendance.Participant.Name MEP.Identifier="197448">Rasmus Andresen</Attendance.Participant.Name><Attendance.Participant.Name MEP.Identifier="197691">Mathilde Androuët</Attendance.Participant.Name><Attendance.Participant.Name MEP.Identifier="125110">Nikos Androulakis</Attendance.Participant.Name><Attendance.Participant.Name MEP.Identifier="202073">Marc Angel</Attendance.Participant.Name><Attendance.Participant.Name MEP.Identifier="124973">Gerolf Annemans</Attendance.Participant.Name><Attendance.Participant.Name MEP.Identifier="124696">Andrus Ansip</Attendance.Participant.Name><Attendance.Participant.Name MEP.Identifier="197587">Attila Ara-Kovács</Attendance.Participant.Name><Attendance.Participant.Name MEP.Identifier="124936">Maria Arena</Attendance.Participant.Name><Attendance.Participant.Name MEP.Identifier="96808">Pablo Arias Echeverría</Attendance.Participant.Name><Attendance.Participant.Name MEP.Identifier="197492">Bartosz Arłukowicz</Attendance.Participant.Name><Attendance.Participant.Name MEP.Identifier="197664">Clotilde Armand</Attendance.Participant.Name><Attendance.Participant.Name MEP.Identifier="197701">Konstantinos Arvanitis</Attendance.Participant.Name><Attendance.Participant.Name MEP.Identifier="197695">Anna-Michelle Asimakopoulou</Attendance.Participant.Name><Attendance.Participant.Name MEP.Identifier="28161">Margrete Auken</Attendance.Participant.Name><Attendance.Participant.Name MEP.Identifier="124766">Petras Auštrevičius</Attendance.Participant.Name><Attendance.Participant.Name MEP.Identifier="197651">Carmen Avram</Attendance.Participant.Name><Attendance.Participant.Name MEP.Identifier="197781">Malik Azmani</Attendance.Participant.Name><Attendance.Participant.Name MEP.Identifier="197789">Simona Baldassarre</Attendance.Participant.Name><Attendance.Participant.Name MEP.Identifier="197495">Marek Paweł Balt</Attendance.Participant.Name><Attendance.Participant.Name MEP.Identifier="131580">Jordan Bardella</Attendance.Participant.Name><Attendance.Participant.Name MEP.Identifier="197808">Pietro Bartolo</Attendance.Participant.Name><Attendance.Participant.Name MEP.Identifier="197671">Traian Băsescu</Attendance.Participant.Name><Attendance.Participant.Name MEP.Identifier="197610">Alessandra Basso</Attendance.Participant.Name><Attendance.Participant.Name MEP.Identifier="197779">José Ramón Bauzá Díaz</Attendance.Participant.Name><Attendance.Participant.Name MEP.Identifier="124760">Nicolas Bay</Attendance.Participant.Name><Attendance.Participant.Name MEP.Identifier="96955">Catherine Bearder</Attendance.Participant.Name><Attendance.Participant.Name MEP.Identifier="132191">Gunnar Beck</Attendance.Participant.Name><Attendance.Participant.Name MEP.Identifier="124777">Tiziana Beghin</Attendance.Participant.Name><Attendance.Participant.Name MEP.Identifier="197680">Aurelia Beigneux</Attendance.Participant.Name><Attendance.Participant.Name MEP.Identifier="197496">Marek Belka</Attendance.Participant.Name><Attendance.Participant.Name MEP.Identifier="197658">Adrian-Dragoş Benea</Attendance.Participant.Name><Attendance.Participant.Name MEP.Identifier="124867">Brando Benifei</Attendance.Participant.Name><Attendance.Participant.Name MEP.Identifier="197679">Isabel Benjumea Benjumea</Attendance.Participant.Name><Attendance.Participant.Name MEP.Identifier="112014">Phil Bennion</Attendance.Participant.Name><Attendance.Participant.Name MEP.Identifier="23868">Monika Beňová</Attendance.Participant.Name><Attendance.Participant.Name MEP.Identifier="197778">Tom Berendsen</Attendance.Participant.Name><Attendance.Participant.Name MEP.Identifier="197478">Lars Patrick Berg</Attendance.Participant.Name><Attendance.Participant.Name MEP.Identifier="197410">Stefan Berger</Attendance.Participant.Name><Attendance.Participant.Name MEP.Identifier="197396">Erik Bergkvist</Attendance.Participant.Name><Attendance.Participant.Name MEP.Identifier="197648">Alexander Bernhuber</Attendance.Participant.Name><Attendance.Participant.Name MEP.Identifier="197498">Robert Biedroń</Attendance.Participant.Name><Attendance.Participant.Name MEP.Identifier="23788">Adam Bielan</Attendance.Participant.Name><Attendance.Participant.Name MEP.Identifier="197551">Stéphane Bijoux</Attendance.Participant.Name><Attendance.Participant.Name MEP.Identifier="96922">Izaskun Bilbao Barandica</Attendance.Participant.Name><Attendance.Participant.Name MEP.Identifier="197771">Vladimír Bilčík</Attendance.Participant.Name><Attendance.Participant.Name MEP.Identifier="124771">Dominique Bilde</Attendance.Participant.Name><Attendance.Participant.Name MEP.Identifier="197435">Gabriele Bischoff</Attendance.Participant.Name><Attendance.Participant.Name MEP.Identifier="197512">Benoît Biteau</Attendance.Participant.Name><Attendance.Participant.Name MEP.Identifier="97198">Mara Bizzotto</Attendance.Participant.Name><Attendance.Participant.Name MEP.Identifier="197637">Vasile Blaga</Attendance.Participant.Name><Attendance.Participant.Name MEP.Identifier="197564">Hynek Blaško</Attendance.Participant.Name><Attendance.Participant.Name MEP.Identifier="96681">Vilija Blinkevičiūtė</Attendance.Participant.Name><Attendance.Participant.Name MEP.Identifier="197449">Michael Bloss</Attendance.Participant.Name><Attendance.Participant.Name MEP.Identifier="124712">Andrea Bocskor</Attendance.Participant.Name><Attendance.Participant.Name MEP.Identifier="197439">Damian Boeselager</Attendance.Participant.Name><Attendance.Participant.Name MEP.Identifier="197636">Ioan-Rareş Bogdan</Attendance.Participant.Name><Attendance.Participant.Name MEP.Identifier="125004">Franc Bogovič</Attendance.Participant.Name><Attendance.Participant.Name MEP.Identifier="124814">Simona Bonafè</Attendance.Participant.Name><Attendance.Participant.Name MEP.Identifier="197788">Anna Bonfrisco</Attendance.Participant.Name><Attendance.Participant.Name MEP.Identifier="101039">Paolo Borchia</Attendance.Participant.Name><Attendance.Participant.Name MEP.Identifier="112748">Biljana Borzan</Attendance.Participant.Name><Attendance.Participant.Name MEP.Identifier="187917">Marc Botenga</Attendance.Participant.Name><Attendance.Participant.Name MEP.Identifier="197668">Vlad-Marius Botoş</Attendance.Participant.Name><Attendance.Participant.Name MEP.Identifier="197467">Geert Bourgeois</Attendance.Participant.Name><Attendance.Participant.Name MEP.Identifier="197577">Gilles Boyer</Attendance.Participant.Name><Attendance.Participant.Name MEP.Identifier="197431">Patrick Breyer</Attendance.Participant.Name><Attendance.Participant.Name MEP.Identifier="197446">Milan Brglez</Attendance.Participant.Name><Attendance.Participant.Name MEP.Identifier="197470">Saskia Bricmont</Attendance.Participant.Name><Attendance.Participant.Name MEP.Identifier="197716">Jane Brophy</Attendance.Participant.Name><Attendance.Participant.Name MEP.Identifier="182995">Annika Bruna</Attendance.Participant.Name><Attendance.Participant.Name MEP.Identifier="197576">Sylvie Brunet</Attendance.Participant.Name><Attendance.Participant.Name MEP.Identifier="128483">Markus Buchheit</Attendance.Participant.Name><Attendance.Participant.Name MEP.Identifier="124818">Klaus Buchner</Attendance.Participant.Name><Attendance.Participant.Name MEP.Identifier="125012">Daniel Buda</Attendance.Participant.Name><Attendance.Participant.Name MEP.Identifier="197715">David Bull</Attendance.Participant.Name><Attendance.Participant.Name MEP.Identifier="4267">Udo Bullmann</Attendance.Participant.Name><Attendance.Participant.Name MEP.Identifier="188733">Jonathan Bullock</Attendance.Participant.Name><Attendance.Participant.Name MEP.Identifier="197739">Judith Bunting</Attendance.Participant.Name><Attendance.Participant.Name MEP.Identifier="197440">Delara Burkhardt</Attendance.Participant.Name><Attendance.Participant.Name MEP.Identifier="38420">Cristian-Silviu Buşoi</Attendance.Participant.Name><Attendance.Participant.Name MEP.Identifier="96739">Reinhard Bütikofer</Attendance.Participant.Name><Attendance.Participant.Name MEP.Identifier="197829">Jorge Buxadé Villalba</Attendance.Participant.Name><Attendance.Participant.Name MEP.Identifier="28269">Jerzy Buzek</Attendance.Participant.Name><Attendance.Participant.Name MEP.Identifier="35016">Marco Campomenosi</Attendance.Participant.Name><Attendance.Participant.Name MEP.Identifier="126644">Jordi Cañas</Attendance.Participant.Name><Attendance.Participant.Name MEP.Identifier="96711">Pascal Canfin</Attendance.Participant.Name><Attendance.Participant.Name MEP.Identifier="197797">Andrea Caroppo</Attendance.Participant.Name><Attendance.Participant.Name MEP.Identifier="124986">Matt Carthy</Attendance.Participant.Name><Attendance.Participant.Name MEP.Identifier="96867">Maria da Graça Carvalho</Attendance.Participant.Name><Attendance.Participant.Name MEP.Identifier="28122">David Casa</Attendance.Participant.Name><Attendance.Participant.Name MEP.Identifier="197796">Massimo Casanova</Attendance.Participant.Name><Attendance.Participant.Name MEP.Identifier="28219">Daniel Caspary</Attendance.Participant.Name><Attendance.Participant.Name MEP.Identifier="124812">Fabio Massimo Castaldo</Attendance.Participant.Name><Attendance.Participant.Name MEP.Identifier="28390">Pilar del Castillo Vera</Attendance.Participant.Name><Attendance.Participant.Name MEP.Identifier="86793">Anna Cavazzini</Attendance.Participant.Name><Attendance.Participant.Name MEP.Identifier="197786">Susanna Ceccardi</Attendance.Participant.Name><Attendance.Participant.Name MEP.Identifier="197641">Sara Cerdas</Attendance.Participant.Name><Attendance.Participant.Name MEP.Identifier="197782">Mohammed Chahim</Attendance.Participant.Name><Attendance.Participant.Name MEP.Identifier="197529">Leila Chaibi</Attendance.Participant.Name><Attendance.Participant.Name MEP.Identifier="124708">Dita Charanzová</Attendance.Participant.Name><Attendance.Participant.Name MEP.Identifier="197463">Olivier Chastel</Attendance.Participant.Name><Attendance.Participant.Name MEP.Identifier="124861">Caterina Chinnici</Attendance.Participant.Name><Attendance.Participant.Name MEP.Identifier="197714">Ellie Chowns</Attendance.Participant.Name><Attendance.Participant.Name MEP.Identifier="26837">Lefteris Christoforou</Attendance.Participant.Name><Attendance.Participant.Name MEP.Identifier="197507">Włodzimierz Cimoszewicz</Attendance.Participant.Name><Attendance.Participant.Name MEP.Identifier="197657">Tudor Ciuhodaru</Attendance.Participant.Name><Attendance.Participant.Name MEP.Identifier="197761">Miroslav Číž</Attendance.Participant.Name><Attendance.Participant.Name MEP.Identifier="197536">Nathalie Colin-Oesterlé</Attendance.Participant.Name><Attendance.Participant.Name MEP.Identifier="197616">Rosanna Conte</Attendance.Participant.Name><Attendance.Participant.Name MEP.Identifier="2309">Richard Corbett</Attendance.Participant.Name><Attendance.Participant.Name MEP.Identifier="197503">David Cormand</Attendance.Participant.Name><Attendance.Participant.Name MEP.Identifier="124856">Ignazio Corrao</Attendance.Participant.Name><Attendance.Participant.Name MEP.Identifier="96880">Andrea Cozzolino</Attendance.Participant.Name><Attendance.Participant.Name MEP.Identifier="197654">Ciarán Cuffe</Attendance.Participant.Name><Attendance.Participant.Name MEP.Identifier="197394">Josianne Cutajar</Attendance.Participant.Name><Attendance.Participant.Name MEP.Identifier="28372">Ryszard Czarnecki</Attendance.Participant.Name><Attendance.Participant.Name MEP.Identifier="96809">Peter van Dalen</Attendance.Participant.Name><Attendance.Participant.Name MEP.Identifier="124970">Miriam Dalli</Attendance.Participant.Name><Attendance.Participant.Name MEP.Identifier="197731">Clare Daly</Attendance.Participant.Name><Attendance.Participant.Name MEP.Identifier="124835">Rosa D'Amato</Attendance.Participant.Name><Attendance.Participant.Name MEP.Identifier="124952">Seb Dance</Attendance.Participant.Name><Attendance.Participant.Name MEP.Identifier="38542">Johan Danielsson</Attendance.Participant.Name><Attendance.Participant.Name MEP.Identifier="96747">Arnaud Danjean</Attendance.Participant.Name><Attendance.Participant.Name MEP.Identifier="124821">Nicola Danti</Attendance.Participant.Name><Attendance.Participant.Name MEP.Identifier="197608">Gianantonio Da Re</Attendance.Participant.Name><Attendance.Participant.Name MEP.Identifier="197760">Martin Edward Daubney</Attendance.Participant.Name><Attendance.Participant.Name MEP.Identifier="4554">Chris Davies</Attendance.Participant.Name><Attendance.Participant.Name MEP.Identifier="96891">Paolo De Castro</Attendance.Participant.Name><Attendance.Participant.Name MEP.Identifier="197504">Jérémy Decerle</Attendance.Participant.Name><Attendance.Participant.Name MEP.Identifier="124714">Andor Deli</Attendance.Participant.Name><Attendance.Participant.Name MEP.Identifier="96868">Karima Delli</Attendance.Participant.Name><Attendance.Participant.Name MEP.Identifier="197468">Özlem Demirel</Attendance.Participant.Name><Attendance.Participant.Name MEP.Identifier="197453">Anna Deparnay-Grunenberg</Attendance.Participant.Name><Attendance.Participant.Name MEP.Identifier="197471">Petra De Sutter</Attendance.Participant.Name><Attendance.Participant.Name MEP.Identifier="96826">Tamás Deutsch</Attendance.Participant.Name><Attendance.Participant.Name MEP.Identifier="197693">Dinesh Dhamija</Attendance.Participant.Name><Attendance.Participant.Name MEP.Identifier="190774">Geoffroy Didier</Attendance.Participant.Name><Attendance.Participant.Name MEP.Identifier="124709">Martina Dlabajová</Attendance.Participant.Name><Attendance.Participant.Name MEP.Identifier="197579">Klára Dobrev</Attendance.Participant.Name><Attendance.Participant.Name MEP.Identifier="96951">Diane Dodds</Attendance.Participant.Name><Attendance.Participant.Name MEP.Identifier="197473">Christian Doleschal</Attendance.Participant.Name><Attendance.Participant.Name MEP.Identifier="197822">Francesca Donato</Attendance.Participant.Name><Attendance.Participant.Name MEP.Identifier="96787">Herbert Dorfmann</Attendance.Participant.Name><Attendance.Participant.Name MEP.Identifier="197613">Gina Dowding</Attendance.Participant.Name><Attendance.Participant.Name MEP.Identifier="197614">Marco Dreosto</Attendance.Participant.Name><Attendance.Participant.Name MEP.Identifier="198329">Estrella Durá Ferrandis</Attendance.Participant.Name><Attendance.Participant.Name MEP.Identifier="124693">Pascal Durand</Attendance.Participant.Name><Attendance.Participant.Name MEP.Identifier="197766">Lucia Ďuriš Nicholsonová</Attendance.Participant.Name><Attendance.Participant.Name MEP.Identifier="124873">Angel Dzhambazki</Attendance.Participant.Name><Attendance.Participant.Name MEP.Identifier="197643">Karoline Edtstadler</Attendance.Participant.Name><Attendance.Participant.Name MEP.Identifier="96725">Bas Eickhout</Attendance.Participant.Name><Attendance.Participant.Name MEP.Identifier="197803">Andrew England Kerr</Attendance.Participant.Name><Attendance.Participant.Name MEP.Identifier="97133">Derk Jan Eppink</Attendance.Participant.Name><Attendance.Participant.Name MEP.Identifier="96852">Cornelia Ernst</Attendance.Participant.Name><Attendance.Participant.Name MEP.Identifier="197430">Engin Eroglu</Attendance.Participant.Name><Attendance.Participant.Name MEP.Identifier="96842">Ismail Ertug</Attendance.Participant.Name><Attendance.Participant.Name MEP.Identifier="96811">Rosa Estaràs Ferragut</Attendance.Participant.Name><Attendance.Participant.Name MEP.Identifier="4550">Jill Evans</Attendance.Participant.Name><Attendance.Participant.Name MEP.Identifier="124779">Eleonora Evi</Attendance.Participant.Name><Attendance.Participant.Name MEP.Identifier="96911">Tanja Fajon</Attendance.Participant.Name><Attendance.Participant.Name MEP.Identifier="4525">Nigel Farage</Attendance.Participant.Name><Attendance.Participant.Name MEP.Identifier="197589">Laurence Farreng</Attendance.Participant.Name><Attendance.Participant.Name MEP.Identifier="1917">Markus Ferber</Attendance.Participant.Name><Attendance.Participant.Name MEP.Identifier="96899">José Manuel Fernandes</Attendance.Participant.Name><Attendance.Participant.Name MEP.Identifier="125046">Jonás Fernández</Attendance.Participant.Name><Attendance.Participant.Name MEP.Identifier="192634">Giuseppe Ferrandino</Attendance.Participant.Name><Attendance.Participant.Name MEP.Identifier="96706">João Ferreira</Attendance.Participant.Name><Attendance.Participant.Name MEP.Identifier="197480">Nicolaus Fest</Attendance.Participant.Name><Attendance.Participant.Name MEP.Identifier="197607">Pietro Fiocchi</Attendance.Participant.Name><Attendance.Participant.Name MEP.Identifier="197720">Frances Fitzgerald</Attendance.Participant.Name><Attendance.Participant.Name MEP.Identifier="124985">Luke Ming Flanagan</Attendance.Participant.Name><Attendance.Participant.Name MEP.Identifier="197419">Valter Flego</Attendance.Participant.Name><Attendance.Participant.Name MEP.Identifier="197703">Lance Forman</Attendance.Participant.Name><Attendance.Participant.Name MEP.Identifier="28353">Anna Fotyga</Attendance.Participant.Name><Attendance.Participant.Name MEP.Identifier="197414">Loucas Fourlas</Attendance.Participant.Name><Attendance.Participant.Name MEP.Identifier="197708">Claire Fox</Attendance.Participant.Name><Attendance.Participant.Name MEP.Identifier="198490">Emmanouil Fragkos</Attendance.Participant.Name><Attendance.Participant.Name MEP.Identifier="197513">Tomasz Frankowski</Attendance.Participant.Name><Attendance.Participant.Name MEP.Identifier="193273">Romeo Franz</Attendance.Participant.Name><Attendance.Participant.Name MEP.Identifier="106936">Daniel Freund</Attendance.Participant.Name><Attendance.Participant.Name MEP.Identifier="197391">Heléne Fritzon</Attendance.Participant.Name><Attendance.Participant.Name MEP.Identifier="101585">Niels Fuglsang</Attendance.Participant.Name><Attendance.Participant.Name MEP.Identifier="197795">Mario Furore</Attendance.Participant.Name><Attendance.Participant.Name MEP.Identifier="2341">Michael Gahler</Attendance.Participant.Name><Attendance.Participant.Name MEP.Identifier="28150">Kinga Gál</Attendance.Participant.Name><Attendance.Participant.Name MEP.Identifier="197702">Lina Gálvez Muñoz</Attendance.Participant.Name><Attendance.Participant.Name MEP.Identifier="197582">Gianna Gancia</Attendance.Participant.Name><Attendance.Participant.Name MEP.Identifier="197717">Ibán García Del Blanco</Attendance.Participant.Name><Attendance.Participant.Name MEP.Identifier="1992">José Manuel García-Margallo y Marfil</Attendance.Participant.Name><Attendance.Participant.Name MEP.Identifier="197742">Isabel García Muñoz</Attendance.Participant.Name><Attendance.Participant.Name MEP.Identifier="28298">Iratxe García Pérez</Attendance.Participant.Name><Attendance.Participant.Name MEP.Identifier="96991">Eider Gardiazabal Rubial</Attendance.Participant.Name><Attendance.Participant.Name MEP.Identifier="197554">Luis Garicano</Attendance.Participant.Name><Attendance.Participant.Name MEP.Identifier="197628">Jean-Paul Garraud</Attendance.Participant.Name><Attendance.Participant.Name MEP.Identifier="1913">Evelyne Gebhardt</Attendance.Participant.Name><Attendance.Participant.Name MEP.Identifier="183916">Alexandra Geese</Attendance.Participant.Name><Attendance.Participant.Name MEP.Identifier="96833">Jens Geier</Attendance.Participant.Name><Attendance.Participant.Name MEP.Identifier="197794">Chiara Gemma</Attendance.Participant.Name><Attendance.Participant.Name MEP.Identifier="197416">Giorgos Georgiou</Attendance.Participant.Name><Attendance.Participant.Name MEP.Identifier="197819">Alexis Georgoulis</Attendance.Participant.Name><Attendance.Participant.Name MEP.Identifier="197436">Helmut Geuking</Attendance.Participant.Name><Attendance.Participant.Name MEP.Identifier="197661">Cristian Ghinea</Attendance.Participant.Name><Attendance.Participant.Name MEP.Identifier="197804">Dino Giarrusso</Attendance.Participant.Name><Attendance.Participant.Name MEP.Identifier="197600">Barbara Ann Gibson</Attendance.Participant.Name><Attendance.Participant.Name MEP.Identifier="96730">Sven Giegold</Attendance.Participant.Name><Attendance.Participant.Name MEP.Identifier="124807">Jens Gieseke</Attendance.Participant.Name><Attendance.Participant.Name MEP.Identifier="4533">Neena Gill</Attendance.Participant.Name><Attendance.Participant.Name MEP.Identifier="124965">Nathan Gill</Attendance.Participant.Name><Attendance.Participant.Name MEP.Identifier="197751">James Alexander Glancy</Attendance.Participant.Name><Attendance.Participant.Name MEP.Identifier="202036">Sunčana Glavak</Attendance.Participant.Name><Attendance.Participant.Name MEP.Identifier="197443">Andreas Glück</Attendance.Participant.Name><Attendance.Participant.Name MEP.Identifier="840">Charles Goerens</Attendance.Participant.Name><Attendance.Participant.Name MEP.Identifier="125027">Esteban González Pons</Attendance.Participant.Name><Attendance.Participant.Name MEP.Identifier="197799">Valentino Grant</Attendance.Participant.Name><Attendance.Participant.Name MEP.Identifier="124785">Maria Grapini</Attendance.Participant.Name><Attendance.Participant.Name MEP.Identifier="197549">Markéta Gregorová</Attendance.Participant.Name><Attendance.Participant.Name MEP.Identifier="124961">Theresa Griffin</Attendance.Participant.Name><Attendance.Participant.Name MEP.Identifier="94649">Catherine Griset</Attendance.Participant.Name><Attendance.Participant.Name MEP.Identifier="197452">Klemen Grošelj</Attendance.Participant.Name><Attendance.Participant.Name MEP.Identifier="197557">Christophe Grudler</Attendance.Participant.Name><Attendance.Participant.Name MEP.Identifier="197618">Elisabetta Gualmini</Attendance.Participant.Name><Attendance.Participant.Name MEP.Identifier="197645">Francisco Guerreiro</Attendance.Participant.Name><Attendance.Participant.Name MEP.Identifier="197543">Bernard Guetta</Attendance.Participant.Name><Attendance.Participant.Name MEP.Identifier="96952">Sylvie Guillaume</Attendance.Participant.Name><Attendance.Participant.Name MEP.Identifier="88715">José Gusmão</Attendance.Participant.Name><Attendance.Participant.Name MEP.Identifier="124991">Jytte Guteland</Attendance.Participant.Name><Attendance.Participant.Name MEP.Identifier="198063">Márton Gyöngyösi</Attendance.Participant.Name><Attendance.Participant.Name MEP.Identifier="96830">Enikő Győri</Attendance.Participant.Name><Attendance.Participant.Name MEP.Identifier="197444">Svenja Hahn</Attendance.Participant.Name><Attendance.Participant.Name MEP.Identifier="197457">Henrike Hahn</Attendance.Participant.Name><Attendance.Participant.Name MEP.Identifier="198176">Roman Haider</Attendance.Participant.Name><Attendance.Participant.Name MEP.Identifier="34578">Robert Hajšel</Attendance.Participant.Name><Attendance.Participant.Name MEP.Identifier="197596">Teuvo Hakkarainen</Attendance.Participant.Name><Attendance.Participant.Name MEP.Identifier="197514">Andrzej Halicki</Attendance.Participant.Name><Attendance.Participant.Name MEP.Identifier="4555">Daniel Hannan</Attendance.Participant.Name><Attendance.Participant.Name MEP.Identifier="193419">Christophe Hansen</Attendance.Participant.Name><Attendance.Participant.Name MEP.Identifier="96752">Martin Häusling</Attendance.Participant.Name><Attendance.Participant.Name MEP.Identifier="2054">Heidi Hautala</Attendance.Participant.Name><Attendance.Participant.Name MEP.Identifier="197646">Mircea-Gheorghe Hava</Attendance.Participant.Name><Attendance.Participant.Name MEP.Identifier="135511">Valerie Hayer</Attendance.Participant.Name><Attendance.Participant.Name MEP.Identifier="125023">Anja Hazekamp</Attendance.Participant.Name><Attendance.Participant.Name MEP.Identifier="197601">Michael Heaver</Attendance.Participant.Name><Attendance.Participant.Name MEP.Identifier="197682">Hannes Heide</Attendance.Participant.Name><Attendance.Participant.Name MEP.Identifier="197412">Niclas Herbst</Attendance.Participant.Name><Attendance.Participant.Name MEP.Identifier="197459">Pierrette Herzberger-Fofana</Attendance.Participant.Name><Attendance.Participant.Name MEP.Identifier="124895">Krzysztof Hetman</Attendance.Participant.Name><Attendance.Participant.Name MEP.Identifier="124586">Balázs Hidvéghi</Attendance.Participant.Name><Attendance.Participant.Name MEP.Identifier="197526">Martin Hlaváček</Attendance.Participant.Name><Attendance.Participant.Name MEP.Identifier="96780">Monika Hohlmeier</Attendance.Participant.Name><Attendance.Participant.Name MEP.Identifier="197770">Martin Hojsík</Attendance.Participant.Name><Attendance.Participant.Name MEP.Identifier="197398">Pär Holmgren</Attendance.Participant.Name><Attendance.Participant.Name MEP.Identifier="124715">György Hölvényi</Attendance.Participant.Name><Attendance.Participant.Name MEP.Identifier="122978">Alicia Homs Ginel</Attendance.Participant.Name><Attendance.Participant.Name MEP.Identifier="197730">Antony Hook</Attendance.Participant.Name><Attendance.Participant.Name MEP.Identifier="5565">Brice Hortefeux</Attendance.Participant.Name><Attendance.Participant.Name MEP.Identifier="188636">John Howarth</Attendance.Participant.Name><Attendance.Participant.Name MEP.Identifier="197846">Ivo Hristov</Attendance.Participant.Name><Attendance.Participant.Name MEP.Identifier="96779">Danuta Maria Hübner</Attendance.Participant.Name><Attendance.Participant.Name MEP.Identifier="197594">Laura Huhtasaari</Attendance.Participant.Name><Attendance.Participant.Name MEP.Identifier="58789">Jan Huitema</Attendance.Participant.Name><Attendance.Participant.Name MEP.Identifier="197624">Ivars Ijabs</Attendance.Participant.Name><Attendance.Participant.Name MEP.Identifier="197392">Evin Incir</Attendance.Participant.Name><Attendance.Participant.Name MEP.Identifier="28266">Sophia in 't Veld</Attendance.Participant.Name><Attendance.Participant.Name MEP.Identifier="96740">Yannick Jadot</Attendance.Participant.Name><Attendance.Participant.Name MEP.Identifier="96772">Peter Jahr</Attendance.Participant.Name><Attendance.Participant.Name MEP.Identifier="197837">Stasys Jakeliūnas</Attendance.Participant.Name><Attendance.Participant.Name MEP.Identifier="197516">Patryk Jaki</Attendance.Participant.Name><Attendance.Participant.Name MEP.Identifier="124770">Jean-François Jalkh</Attendance.Participant.Name><Attendance.Participant.Name MEP.Identifier="189065">France Jamet</Attendance.Participant.Name><Attendance.Participant.Name MEP.Identifier="197517">Adam Jarubas</Attendance.Participant.Name><Attendance.Participant.Name MEP.Identifier="197758">Jackie Jones</Attendance.Participant.Name><Attendance.Participant.Name MEP.Identifier="125021">Agnes Jongerius</Attendance.Participant.Name><Attendance.Participant.Name MEP.Identifier="197627">Virginie Joron</Attendance.Participant.Name><Attendance.Participant.Name MEP.Identifier="197447">Irena Joveva</Attendance.Participant.Name><Attendance.Participant.Name MEP.Identifier="197840">Rasa Juknevičienė</Attendance.Participant.Name><Attendance.Participant.Name MEP.Identifier="197518">Krzysztof Jurgiel</Attendance.Participant.Name><Attendance.Participant.Name MEP.Identifier="197767">Eugen Jurzyca</Attendance.Participant.Name><Attendance.Participant.Name MEP.Identifier="197626">Herve Juvin</Attendance.Participant.Name><Attendance.Participant.Name MEP.Identifier="96771">Jarosław Kalinowski</Attendance.Participant.Name><Attendance.Participant.Name MEP.Identifier="197491">Marina Kaljurand</Attendance.Participant.Name><Attendance.Participant.Name MEP.Identifier="96934">Sandra Kalniete</Attendance.Participant.Name><Attendance.Participant.Name MEP.Identifier="96837">Petra Kammerevert</Attendance.Participant.Name><Attendance.Participant.Name MEP.Identifier="197839">Radan Kanev</Attendance.Participant.Name><Attendance.Participant.Name MEP.Identifier="197469">Assita Kanko</Attendance.Participant.Name><Attendance.Participant.Name MEP.Identifier="4246">Othmar Karas</Attendance.Participant.Name><Attendance.Participant.Name MEP.Identifier="197401">Karin Karlsbro</Attendance.Participant.Name><Attendance.Participant.Name MEP.Identifier="124887">Karol Karski</Attendance.Participant.Name><Attendance.Participant.Name MEP.Identifier="191693">Elsi Katainen</Attendance.Participant.Name><Attendance.Participant.Name MEP.Identifier="197818">Billy Kelleher</Attendance.Participant.Name><Attendance.Participant.Name MEP.Identifier="22858">Fabienne Keller</Attendance.Participant.Name><Attendance.Participant.Name MEP.Identifier="96734">Ska Keller</Attendance.Participant.Name><Attendance.Participant.Name MEP.Identifier="96668">Seán Kelly</Attendance.Participant.Name><Attendance.Participant.Name MEP.Identifier="197519">Beata Kempa</Attendance.Participant.Name><Attendance.Participant.Name MEP.Identifier="124953">Jude Kirton-Darling</Attendance.Participant.Name><Attendance.Participant.Name MEP.Identifier="197415">Niyazi Kizilyürek</Attendance.Participant.Name><Attendance.Participant.Name MEP.Identifier="197520">Izabela-Helena Kloc</Attendance.Participant.Name><Attendance.Participant.Name MEP.Identifier="197528">Ondřej Knotek</Attendance.Participant.Name><Attendance.Participant.Name MEP.Identifier="197570">Peter Kofod</Attendance.Participant.Name><Attendance.Participant.Name MEP.Identifier="197523">Łukasz Kohut</Attendance.Participant.Name><Attendance.Participant.Name MEP.Identifier="197406">Arba Kokalari</Attendance.Participant.Name><Attendance.Participant.Name MEP.Identifier="197743">Petros Kokkalis</Attendance.Participant.Name><Attendance.Participant.Name MEP.Identifier="197546">Marcel Kolaja</Attendance.Participant.Name><Attendance.Participant.Name MEP.Identifier="23699">Kateřina Konečná</Attendance.Participant.Name><Attendance.Participant.Name MEP.Identifier="197740">Athanasios Konstantinou</Attendance.Participant.Name><Attendance.Participant.Name MEP.Identifier="197525">Ewa Kopacz</Attendance.Participant.Name><Attendance.Participant.Name MEP.Identifier="197530">Joanna Kopcińska</Attendance.Participant.Name><Attendance.Participant.Name MEP.Identifier="96829">Ádám Kósa</Attendance.Participant.Name><Attendance.Participant.Name MEP.Identifier="124822">Dietmar Köster</Attendance.Participant.Name><Attendance.Participant.Name MEP.Identifier="197699">Elena Kountoura</Attendance.Participant.Name><Attendance.Participant.Name MEP.Identifier="118949">Ondřej Kovařík</Attendance.Participant.Name><Attendance.Participant.Name MEP.Identifier="97968">Andrey Kovatchev</Attendance.Participant.Name><Attendance.Participant.Name MEP.Identifier="197481">Maximilian Krah</Attendance.Participant.Name><Attendance.Participant.Name MEP.Identifier="124891">Zdzisław Krasnodębski</Attendance.Participant.Name><Attendance.Participant.Name MEP.Identifier="1854">Constanze Krehl</Attendance.Participant.Name><Attendance.Participant.Name MEP.Identifier="197532">Elżbieta Kruk</Attendance.Participant.Name><Attendance.Participant.Name MEP.Identifier="197843">Andrius Kubilius</Attendance.Participant.Name><Attendance.Participant.Name MEP.Identifier="197395">Alice Kuhnke</Attendance.Participant.Name><Attendance.Participant.Name MEP.Identifier="124735">Miapetra Kumpula-Natri</Attendance.Participant.Name><Attendance.Participant.Name MEP.Identifier="28389">Zbigniew Kuźmiuk</Attendance.Participant.Name><Attendance.Participant.Name MEP.Identifier="197692">Stelios Kympouropoulos</Attendance.Participant.Name><Attendance.Participant.Name MEP.Identifier="125063">Georgios Kyrtsos</Attendance.Participant.Name><Attendance.Participant.Name MEP.Identifier="124866">Ilhan Kyuchyuk</Attendance.Participant.Name><Attendance.Participant.Name MEP.Identifier="197460">Sergey Lagodinsky</Attendance.Participant.Name><Attendance.Participant.Name MEP.Identifier="197737">Ioannis Lagos</Attendance.Participant.Name><Attendance.Participant.Name MEP.Identifier="197697">Aurore Lalucq</Attendance.Participant.Name><Attendance.Participant.Name MEP.Identifier="192635">Danilo Oscar Lancini</Attendance.Participant.Name><Attendance.Participant.Name MEP.Identifier="1909">Bernd Lange</Attendance.Participant.Name><Attendance.Participant.Name MEP.Identifier="38398">Esther de Lange</Attendance.Participant.Name><Attendance.Participant.Name MEP.Identifier="197461">Katrin Langensiepen</Attendance.Participant.Name><Attendance.Participant.Name MEP.Identifier="197597">Hélène Laporte</Attendance.Participant.Name><Attendance.Participant.Name MEP.Identifier="124738">Gilles Lebreton</Attendance.Participant.Name><Attendance.Participant.Name MEP.Identifier="197686">Julie Lechanteux</Attendance.Participant.Name><Attendance.Participant.Name MEP.Identifier="197393">David Lega</Attendance.Participant.Name><Attendance.Participant.Name MEP.Identifier="197635">Maria Manuel Leitão Marques</Attendance.Participant.Name><Attendance.Participant.Name MEP.Identifier="95074">Jeroen Lenaers</Attendance.Participant.Name><Attendance.Participant.Name MEP.Identifier="23781">Janusz Lewandowski</Attendance.Participant.Name><Attendance.Participant.Name MEP.Identifier="23768">Bogusław Liberadzki</Attendance.Participant.Name><Attendance.Participant.Name MEP.Identifier="1927">Peter Liese</Attendance.Participant.Name><Attendance.Participant.Name MEP.Identifier="197483">Sylvia Limmer</Attendance.Participant.Name><Attendance.Participant.Name MEP.Identifier="124808">Norbert Lins</Attendance.Participant.Name><Attendance.Participant.Name MEP.Identifier="197611">Elena Lizzi</Attendance.Participant.Name><Attendance.Participant.Name MEP.Identifier="197494">Nathalie Loiseau</Attendance.Participant.Name><Attendance.Participant.Name MEP.Identifier="96709">Morten Løkkegaard</Attendance.Participant.Name><Attendance.Participant.Name MEP.Identifier="197807">John Longworth</Attendance.Participant.Name><Attendance.Participant.Name MEP.Identifier="197777">Leopoldo López Gil</Attendance.Participant.Name><Attendance.Participant.Name MEP.Identifier="28399">Antonio López-Istúriz White</Attendance.Participant.Name><Attendance.Participant.Name MEP.Identifier="197721">César Luena</Attendance.Participant.Name><Attendance.Participant.Name MEP.Identifier="124996">Peter Lundgren</Attendance.Participant.Name><Attendance.Participant.Name MEP.Identifier="124806">David McAllister</Attendance.Participant.Name><Attendance.Participant.Name MEP.Identifier="28115">Mairead McGuinness</Attendance.Participant.Name><Attendance.Participant.Name MEP.Identifier="30490">Aileen McLeod</Attendance.Participant.Name><Attendance.Participant.Name MEP.Identifier="197719">Cristina Maestre Martín De Almagro</Attendance.Participant.Name><Attendance.Participant.Name MEP.Identifier="197812">Magid Magid</Attendance.Participant.Name><Attendance.Participant.Name MEP.Identifier="197835">Aušra Maldeikienė</Attendance.Participant.Name><Attendance.Participant.Name MEP.Identifier="197735">Adriana Maldonado López</Attendance.Participant.Name><Attendance.Participant.Name MEP.Identifier="197653">Claudiu Manda</Attendance.Participant.Name><Attendance.Participant.Name MEP.Identifier="4560">Antonius Manders</Attendance.Participant.Name><Attendance.Participant.Name MEP.Identifier="190713">Lukas Mandl</Attendance.Participant.Name><Attendance.Participant.Name MEP.Identifier="197623">Thierry Mariani</Attendance.Participant.Name><Attendance.Participant.Name MEP.Identifier="33982">Marian-Jean Marinescu</Attendance.Participant.Name><Attendance.Participant.Name MEP.Identifier="197638">Margarida Marques</Attendance.Participant.Name><Attendance.Participant.Name MEP.Identifier="197634">Pedro Marques</Attendance.Participant.Name><Attendance.Participant.Name MEP.Identifier="124828">Fulvio Martusciello</Attendance.Participant.Name><Attendance.Participant.Name MEP.Identifier="96820">Marisa Matias</Attendance.Participant.Name><Attendance.Participant.Name MEP.Identifier="197441">Predrag Fred Matić</Attendance.Participant.Name><Attendance.Participant.Name MEP.Identifier="24505">Emmanuel Maurel</Attendance.Participant.Name><Attendance.Participant.Name MEP.Identifier="124691">Costas Mavrides</Attendance.Participant.Name><Attendance.Participant.Name MEP.Identifier="197522">Radka Maxová</Attendance.Participant.Name><Attendance.Participant.Name MEP.Identifier="98341">Eva Maydell</Attendance.Participant.Name><Attendance.Participant.Name MEP.Identifier="38511">Georg Mayer</Attendance.Participant.Name><Attendance.Participant.Name MEP.Identifier="197538">Beata Mazurek</Attendance.Participant.Name><Attendance.Participant.Name MEP.Identifier="197841">Liudas Mažylis</Attendance.Participant.Name><Attendance.Participant.Name MEP.Identifier="197662">Vangelis Meimarakis</Attendance.Participant.Name><Attendance.Participant.Name MEP.Identifier="130256">Dace Melbārde</Attendance.Participant.Name><Attendance.Participant.Name MEP.Identifier="197567">Karen Melchior</Attendance.Participant.Name><Attendance.Participant.Name MEP.Identifier="96978">Nuno Melo</Attendance.Participant.Name><Attendance.Participant.Name MEP.Identifier="118859">Roberta Metsola</Attendance.Participant.Name><Attendance.Participant.Name MEP.Identifier="193292">Tilly Metz</Attendance.Participant.Name><Attendance.Participant.Name MEP.Identifier="190518">Jörg Meuthen</Attendance.Participant.Name><Attendance.Participant.Name MEP.Identifier="120478">Martina Michels</Attendance.Participant.Name><Attendance.Participant.Name MEP.Identifier="125128">Iskra Mihaylova</Attendance.Participant.Name><Attendance.Participant.Name MEP.Identifier="197497">Sven Mikser</Attendance.Participant.Name><Attendance.Participant.Name MEP.Identifier="197540">Leszek Miller</Attendance.Participant.Name><Attendance.Participant.Name MEP.Identifier="189391">Nosheena Mobarik</Attendance.Participant.Name><Attendance.Participant.Name MEP.Identifier="124722">Csaba Molnár</Attendance.Participant.Name><Attendance.Participant.Name MEP.Identifier="197704">Brian Monteith</Attendance.Participant.Name><Attendance.Participant.Name MEP.Identifier="197711">Dolors Montserrat</Attendance.Participant.Name><Attendance.Participant.Name MEP.Identifier="4519">Claude Moraes</Attendance.Participant.Name><Attendance.Participant.Name MEP.Identifier="72779">Nadine Morano</Attendance.Participant.Name><Attendance.Participant.Name MEP.Identifier="28347">Javier Moreno Sánchez</Attendance.Participant.Name><Attendance.Participant.Name MEP.Identifier="124799">Alessandra Moretti</Attendance.Participant.Name><Attendance.Participant.Name MEP.Identifier="197427">Marlene Mortler</Attendance.Participant.Name><Attendance.Participant.Name MEP.Identifier="197647">Dan-Ştefan Motreanu</Attendance.Participant.Name><Attendance.Participant.Name MEP.Identifier="197541">Andżelika Anna Możdżanowska</Attendance.Participant.Name><Attendance.Participant.Name MEP.Identifier="124862">Ulrike Müller</Attendance.Participant.Name><Attendance.Participant.Name MEP.Identifier="197603">June Alison Mummery</Attendance.Participant.Name><Attendance.Participant.Name MEP.Identifier="124802">Siegfried Mureşan</Attendance.Participant.Name><Attendance.Participant.Name MEP.Identifier="190519">Caroline Nagtegaal</Attendance.Participant.Name><Attendance.Participant.Name MEP.Identifier="197604">Lucy Nethsingha</Attendance.Participant.Name><Attendance.Participant.Name MEP.Identifier="197464">Hannah Neumann</Attendance.Participant.Name><Attendance.Participant.Name MEP.Identifier="96844">Norbert Neuser</Attendance.Participant.Name><Attendance.Participant.Name MEP.Identifier="1394">Bill Newton Dunn</Attendance.Participant.Name><Attendance.Participant.Name MEP.Identifier="124784">Dan Nica</Attendance.Participant.Name><Attendance.Participant.Name MEP.Identifier="4289">Angelika Niebler</Attendance.Participant.Name><Attendance.Participant.Name MEP.Identifier="124701">Luděk Niedermayer</Attendance.Participant.Name><Attendance.Participant.Name MEP.Identifier="197465">Niklas Nienaß</Attendance.Participant.Name><Attendance.Participant.Name MEP.Identifier="197802">Ville Niinistö</Attendance.Participant.Name><Attendance.Participant.Name MEP.Identifier="197734">Lefteris Nikolaou-Alavanos</Attendance.Participant.Name><Attendance.Participant.Name MEP.Identifier="202112">Gheorghe-Vlad Nistor</Attendance.Participant.Name><Attendance.Participant.Name MEP.Identifier="124836">Maria Noichl</Attendance.Participant.Name><Attendance.Participant.Name MEP.Identifier="28294">Ljudmila Novak</Attendance.Participant.Name><Attendance.Participant.Name MEP.Identifier="107212">Andrey Novakov</Attendance.Participant.Name><Attendance.Participant.Name MEP.Identifier="197432">Jan-Christoph Oetjen</Attendance.Participant.Name><Attendance.Participant.Name MEP.Identifier="28288">Jan Olbrycht</Attendance.Participant.Name><Attendance.Participant.Name MEP.Identifier="197838">Juozas Olekas</Attendance.Participant.Name><Attendance.Participant.Name MEP.Identifier="197687">Philippe Olivier</Attendance.Participant.Name><Attendance.Participant.Name MEP.Identifier="30482">Younous Omarjee</Attendance.Participant.Name><Attendance.Participant.Name MEP.Identifier="197889">Grace O'Sullivan</Attendance.Participant.Name><Attendance.Participant.Name MEP.Identifier="197712">Henrik Overgaard Nielsen</Attendance.Participant.Name><Attendance.Participant.Name MEP.Identifier="190099">Rory Palmer</Attendance.Participant.Name><Attendance.Participant.Name MEP.Identifier="99283">Alessandro Panza</Attendance.Participant.Name><Attendance.Participant.Name MEP.Identifier="124692">Demetris Papadakis</Attendance.Participant.Name><Attendance.Participant.Name MEP.Identifier="125093">Kostas Papadakis</Attendance.Participant.Name><Attendance.Participant.Name MEP.Identifier="28586">Dimitrios Papadimoulis</Attendance.Participant.Name><Attendance.Participant.Name MEP.Identifier="197620">Matthew Patten</Attendance.Participant.Name><Attendance.Participant.Name MEP.Identifier="124844">Piernicola Pedicini</Attendance.Participant.Name><Attendance.Participant.Name MEP.Identifier="197420">Kris Peeters</Attendance.Participant.Name><Attendance.Participant.Name MEP.Identifier="197563">Mauri Pekkarinen</Attendance.Participant.Name><Attendance.Participant.Name MEP.Identifier="197539">Mikuláš Peksa</Attendance.Participant.Name><Attendance.Participant.Name MEP.Identifier="197527">Anne-Sophie Pelletier</Attendance.Participant.Name><Attendance.Participant.Name MEP.Identifier="197845">Tsvetelina Penkova</Attendance.Participant.Name><Attendance.Participant.Name MEP.Identifier="197754">Sandra Pereira</Attendance.Participant.Name><Attendance.Participant.Name MEP.Identifier="197738">Lídia Pereira</Attendance.Participant.Name><Attendance.Participant.Name MEP.Identifier="197573">Kira Marie Peter-Hansen</Attendance.Participant.Name><Attendance.Participant.Name MEP.Identifier="124872">Morten Petersen</Attendance.Participant.Name><Attendance.Participant.Name MEP.Identifier="197710">Alexandra Louise Rosenfield Phillips</Attendance.Participant.Name><Attendance.Participant.Name MEP.Identifier="99461">Alexandra Lesley Phillips</Attendance.Participant.Name><Attendance.Participant.Name MEP.Identifier="124846">Pina Picierno</Attendance.Participant.Name><Attendance.Participant.Name MEP.Identifier="112744">Tonino Picula</Attendance.Participant.Name><Attendance.Participant.Name MEP.Identifier="28224">Markus Pieper</Attendance.Participant.Name><Attendance.Participant.Name MEP.Identifier="40599">Sirpa Pietikäinen</Attendance.Participant.Name><Attendance.Participant.Name MEP.Identifier="197619">Sabrina Pignedoli</Attendance.Participant.Name><Attendance.Participant.Name MEP.Identifier="197629">Maxette Pirbakas</Attendance.Participant.Name><Attendance.Participant.Name MEP.Identifier="197590">Giuliano Pisapia</Attendance.Participant.Name><Attendance.Participant.Name MEP.Identifier="197663">Dragoş Pîslaru</Attendance.Participant.Name><Attendance.Participant.Name MEP.Identifier="197732">Manuel Pizarro</Attendance.Participant.Name><Attendance.Participant.Name MEP.Identifier="38595">Rovana Plumb</Attendance.Participant.Name><Attendance.Participant.Name MEP.Identifier="124704">Stanislav Polčák</Attendance.Participant.Name><Attendance.Participant.Name MEP.Identifier="197404">Jessica Polfjärd</Attendance.Participant.Name><Attendance.Participant.Name MEP.Identifier="197765">Peter Pollák</Attendance.Participant.Name><Attendance.Participant.Name MEP.Identifier="96801">Tomasz Piotr Poręba</Attendance.Participant.Name><Attendance.Participant.Name MEP.Identifier="197700">Luisa Porritt</Attendance.Participant.Name><Attendance.Participant.Name MEP.Identifier="197820">Nicola Procaccini</Attendance.Participant.Name><Attendance.Participant.Name MEP.Identifier="197813">Jake Pugh</Attendance.Participant.Name><Attendance.Participant.Name MEP.Identifier="197764">Miroslav Radačovský</Attendance.Participant.Name><Attendance.Participant.Name MEP.Identifier="124850">Emil Radev</Attendance.Participant.Name><Attendance.Participant.Name MEP.Identifier="188945">Dennis Radtke</Attendance.Participant.Name><Attendance.Participant.Name MEP.Identifier="197868">Samira Rafaela</Attendance.Participant.Name><Attendance.Participant.Name MEP.Identifier="197544">Elżbieta Rafalska</Attendance.Participant.Name><Attendance.Participant.Name MEP.Identifier="96903">Paulo Rangel</Attendance.Participant.Name><Attendance.Participant.Name MEP.Identifier="197790">Luisa Regimenti</Attendance.Participant.Name><Attendance.Participant.Name MEP.Identifier="96998">Evelyn Regner</Attendance.Participant.Name><Attendance.Participant.Name MEP.Identifier="197681">Sira Rego</Attendance.Participant.Name><Attendance.Participant.Name MEP.Identifier="197488">Guido Reil</Attendance.Participant.Name><Attendance.Participant.Name MEP.Identifier="103381">Terry Reintke</Attendance.Participant.Name><Attendance.Participant.Name MEP.Identifier="197413">Karlo Ressler</Attendance.Participant.Name><Attendance.Participant.Name MEP.Identifier="4253">Frédérique Ries</Attendance.Participant.Name><Attendance.Participant.Name MEP.Identifier="197787">Antonio Maria Rinaldi</Attendance.Participant.Name><Attendance.Participant.Name MEP.Identifier="96885">Dominique Riquet</Attendance.Participant.Name><Attendance.Participant.Name MEP.Identifier="197815">Sheila Ritchie</Attendance.Participant.Name><Attendance.Participant.Name MEP.Identifier="96743">Michèle Rivasi</Attendance.Participant.Name><Attendance.Participant.Name MEP.Identifier="197615">Jérôme Rivière</Attendance.Participant.Name><Attendance.Participant.Name MEP.Identifier="197801">Franco Roberti</Attendance.Participant.Name><Attendance.Participant.Name MEP.Identifier="125043">Inma Rodríguez-Piñero</Attendance.Participant.Name><Attendance.Participant.Name MEP.Identifier="197785">Eugenia Rodríguez Palop</Attendance.Participant.Name><Attendance.Participant.Name MEP.Identifier="4344">María Soraya Rodríguez Ramos</Attendance.Participant.Name><Attendance.Participant.Name MEP.Identifier="197776">Rob Rooken</Attendance.Participant.Name><Attendance.Participant.Name MEP.Identifier="197506">Caroline Roose</Attendance.Participant.Name><Attendance.Participant.Name MEP.Identifier="125214">Bronis Ropė</Attendance.Participant.Name><Attendance.Participant.Name MEP.Identifier="197690">André Rougé</Attendance.Participant.Name><Attendance.Participant.Name MEP.Identifier="197602">Catherine Rowett</Attendance.Participant.Name><Attendance.Participant.Name MEP.Identifier="197733">Robert Rowland</Attendance.Participant.Name><Attendance.Participant.Name MEP.Identifier="197773">Bert-Jan Ruissen</Attendance.Participant.Name><Attendance.Participant.Name MEP.Identifier="127096">Domènec Ruiz Devesa</Attendance.Participant.Name><Attendance.Participant.Name MEP.Identifier="197545">Bogdan Rzońca</Attendance.Participant.Name><Attendance.Participant.Name MEP.Identifier="125670">Massimiliano Salini</Attendance.Participant.Name><Attendance.Participant.Name MEP.Identifier="197722">Nacho Sánchez Amor</Attendance.Participant.Name><Attendance.Participant.Name MEP.Identifier="24594">Anne Sander</Attendance.Participant.Name><Attendance.Participant.Name MEP.Identifier="124781">Alfred Sant</Attendance.Participant.Name><Attendance.Participant.Name MEP.Identifier="197650">Isabel Santos</Attendance.Participant.Name><Attendance.Participant.Name MEP.Identifier="197578">Silvia Sardone</Attendance.Participant.Name><Attendance.Participant.Name MEP.Identifier="112611">Petri Sarvamaa</Attendance.Participant.Name><Attendance.Participant.Name MEP.Identifier="28297">Jacek Saryusz-Wolski</Attendance.Participant.Name><Attendance.Participant.Name MEP.Identifier="197500">Mounir Satouri</Attendance.Participant.Name><Attendance.Participant.Name MEP.Identifier="37312">Christel Schaldemose</Attendance.Participant.Name><Attendance.Participant.Name MEP.Identifier="197670">Andreas Schieder</Attendance.Participant.Name><Attendance.Participant.Name MEP.Identifier="197656">Simone Schmiedtbauer</Attendance.Participant.Name><Attendance.Participant.Name MEP.Identifier="197422">Christine Schneider</Attendance.Participant.Name><Attendance.Participant.Name MEP.Identifier="96646">Helmut Scholz</Attendance.Participant.Name><Attendance.Participant.Name MEP.Identifier="125030">Annie Schreijer-Pierik</Attendance.Participant.Name><Attendance.Participant.Name MEP.Identifier="197869">Liesje Schreinemacher</Attendance.Participant.Name><Attendance.Participant.Name MEP.Identifier="124809">Sven Schulze</Attendance.Participant.Name><Attendance.Participant.Name MEP.Identifier="124837">Joachim Schuster</Attendance.Participant.Name><Attendance.Participant.Name MEP.Identifier="28223">Andreas Schwab</Attendance.Participant.Name><Attendance.Participant.Name MEP.Identifier="197425">Ralf Seekatz</Attendance.Participant.Name><Attendance.Participant.Name MEP.Identifier="197508">Stéphane Séjourné</Attendance.Participant.Name><Attendance.Participant.Name MEP.Identifier="197418">Monica Semedo</Attendance.Participant.Name><Attendance.Participant.Name MEP.Identifier="197423">Nico Semsrott</Attendance.Participant.Name><Attendance.Participant.Name MEP.Identifier="197677">Günther Sidl</Attendance.Participant.Name><Attendance.Participant.Name MEP.Identifier="197548">Radosław Sikorski</Attendance.Participant.Name><Attendance.Participant.Name MEP.Identifier="124747">Pedro Silva Pereira</Attendance.Participant.Name><Attendance.Participant.Name MEP.Identifier="197935">Ivan Vilibor Sinčić</Attendance.Participant.Name><Attendance.Participant.Name MEP.Identifier="96932">Birgit Sippel</Attendance.Participant.Name><Attendance.Participant.Name MEP.Identifier="197390">Sara Skyttedal</Attendance.Participant.Name><Attendance.Participant.Name MEP.Identifier="197849">Andrey Slabakov</Attendance.Participant.Name><Attendance.Participant.Name MEP.Identifier="197791">Massimiliano Smeriglio</Attendance.Participant.Name><Attendance.Participant.Name MEP.Identifier="124710">Michaela Šojdrová</Attendance.Participant.Name><Attendance.Participant.Name MEP.Identifier="197417">Tomislav Sokol</Attendance.Participant.Name><Attendance.Participant.Name MEP.Identifier="197784">Susana Solís Pérez</Attendance.Participant.Name><Attendance.Participant.Name MEP.Identifier="124834">Martin Sonneborn</Attendance.Participant.Name><Attendance.Participant.Name MEP.Identifier="197550">Sylwia Spurek</Attendance.Participant.Name><Attendance.Participant.Name MEP.Identifier="125064">Maria Spyraki</Attendance.Participant.Name><Attendance.Participant.Name MEP.Identifier="197825">Raffaele Stancanelli</Attendance.Participant.Name><Attendance.Participant.Name MEP.Identifier="124852">Sergei Stanishev</Attendance.Participant.Name><Attendance.Participant.Name MEP.Identifier="197814">Louis Stedman-Bryce</Attendance.Participant.Name><Attendance.Participant.Name MEP.Identifier="124929">Ivan Štefanec</Attendance.Participant.Name><Attendance.Participant.Name MEP.Identifier="58766">Nicolae Ştefănuță</Attendance.Participant.Name><Attendance.Participant.Name MEP.Identifier="197399">Jessica Stegrud</Attendance.Participant.Name><Attendance.Participant.Name MEP.Identifier="197772">Tineke Strik</Attendance.Participant.Name><Attendance.Participant.Name MEP.Identifier="134605">Ramona Strugariu</Attendance.Participant.Name><Attendance.Participant.Name MEP.Identifier="197553">Beata Szydło</Attendance.Participant.Name><Attendance.Participant.Name MEP.Identifier="2187">Antonio Tajani</Attendance.Participant.Name><Attendance.Participant.Name MEP.Identifier="125020">Paul Tang</Attendance.Participant.Name><Attendance.Participant.Name MEP.Identifier="29579">Marc Tarabella</Attendance.Participant.Name><Attendance.Participant.Name MEP.Identifier="197806">Annalisa Tardino</Attendance.Participant.Name><Attendance.Participant.Name MEP.Identifier="197756">Vera Tax</Attendance.Participant.Name><Attendance.Participant.Name MEP.Identifier="197705">John David Edward Tennant</Attendance.Participant.Name><Attendance.Participant.Name MEP.Identifier="197655">Cristian Terheş</Attendance.Participant.Name><Attendance.Participant.Name MEP.Identifier="197831">Hermann Tertsch</Attendance.Participant.Name><Attendance.Participant.Name MEP.Identifier="197667">Barbara Thaler</Attendance.Participant.Name><Attendance.Participant.Name MEP.Identifier="96776">Róża Thun und Hohenstein</Attendance.Participant.Name><Attendance.Participant.Name MEP.Identifier="197591">Irene Tinagli</Attendance.Participant.Name><Attendance.Participant.Name MEP.Identifier="197402">Tomas Tobé</Attendance.Participant.Name><Attendance.Participant.Name MEP.Identifier="197559">Grzegorz Tobiszowski</Attendance.Participant.Name><Attendance.Participant.Name MEP.Identifier="28340">Patrizia Toia</Attendance.Participant.Name><Attendance.Participant.Name MEP.Identifier="197547">Irène Tolleret</Attendance.Participant.Name><Attendance.Participant.Name MEP.Identifier="197672">Eugen Tomac</Attendance.Participant.Name><Attendance.Participant.Name MEP.Identifier="96697">Valdemar Tomaševski</Attendance.Participant.Name><Attendance.Participant.Name MEP.Identifier="119431">Ruža Tomašić</Attendance.Participant.Name><Attendance.Participant.Name MEP.Identifier="125104">Romana Tomc</Attendance.Participant.Name><Attendance.Participant.Name MEP.Identifier="124700">Yana Toom</Attendance.Participant.Name><Attendance.Participant.Name MEP.Identifier="114268">Nils Torvalds</Attendance.Participant.Name><Attendance.Participant.Name MEP.Identifier="96713">Evžen Tošenovský</Attendance.Participant.Name><Attendance.Participant.Name MEP.Identifier="27714">Edina Tóth</Attendance.Participant.Name><Attendance.Participant.Name MEP.Identifier="97236">Marie Toussaint</Attendance.Participant.Name><Attendance.Participant.Name MEP.Identifier="197580">Isabella Tovaglieri</Attendance.Participant.Name><Attendance.Participant.Name MEP.Identifier="197665">Dragoş Tudorache</Attendance.Participant.Name><Attendance.Participant.Name MEP.Identifier="198183">Mihai Tudose</Attendance.Participant.Name><Attendance.Participant.Name MEP.Identifier="197763">Milan Uhrík</Attendance.Participant.Name><Attendance.Participant.Name MEP.Identifier="124972">Ernest Urtasun</Attendance.Participant.Name><Attendance.Participant.Name MEP.Identifier="197810">Nils Ušakovs</Attendance.Participant.Name><Attendance.Participant.Name MEP.Identifier="96698">Viktor Uspaskich</Attendance.Participant.Name><Attendance.Participant.Name MEP.Identifier="28617">Inese Vaidere</Attendance.Participant.Name><Attendance.Participant.Name MEP.Identifier="124934">Monika Vana</Attendance.Participant.Name><Attendance.Participant.Name MEP.Identifier="5729">Kathleen Van Brempt</Attendance.Participant.Name><Attendance.Participant.Name MEP.Identifier="185771">Tom Vandendriessche</Attendance.Participant.Name><Attendance.Participant.Name MEP.Identifier="4513">Geoffrey Van Orden</Attendance.Participant.Name><Attendance.Participant.Name MEP.Identifier="125106">Johan Van Overtveldt</Attendance.Participant.Name><Attendance.Participant.Name MEP.Identifier="197870">Kim Van Sparrentak</Attendance.Participant.Name><Attendance.Participant.Name MEP.Identifier="130100">Hilde Vautmans</Attendance.Participant.Name><Attendance.Participant.Name MEP.Identifier="197502">Marie-Pierre Vedrenne</Attendance.Participant.Name><Attendance.Participant.Name MEP.Identifier="96756">Sabine Verheyen</Attendance.Participant.Name><Attendance.Participant.Name MEP.Identifier="125001">Harald Vilimsky</Attendance.Participant.Name><Attendance.Participant.Name MEP.Identifier="197571">Nikolaj Villumsen</Attendance.Participant.Name><Attendance.Participant.Name MEP.Identifier="98582">Loránt Vincze</Attendance.Participant.Name><Attendance.Participant.Name MEP.Identifier="199941">Marianne Vind</Attendance.Participant.Name><Attendance.Participant.Name MEP.Identifier="124726">Henna Virkkunen</Attendance.Participant.Name><Attendance.Participant.Name MEP.Identifier="197844">Petar Vitanov</Attendance.Participant.Name><Attendance.Participant.Name MEP.Identifier="197749">Caroline Voaden</Attendance.Participant.Name><Attendance.Participant.Name MEP.Identifier="197678">Bettina Vollath</Attendance.Participant.Name><Attendance.Participant.Name MEP.Identifier="197451">Viola Von Cramon-Taubadel</Attendance.Participant.Name><Attendance.Participant.Name MEP.Identifier="125065">Elissavet Vozemberg-Vrionidi</Attendance.Participant.Name><Attendance.Participant.Name MEP.Identifier="197552">Veronika Vrecionová</Attendance.Participant.Name><Attendance.Participant.Name MEP.Identifier="197798">Lucia Vuolo</Attendance.Participant.Name><Attendance.Participant.Name MEP.Identifier="197817">Mick Wallace</Attendance.Participant.Name><Attendance.Participant.Name MEP.Identifier="197863">Maria Walsh</Attendance.Participant.Name><Attendance.Participant.Name MEP.Identifier="197429">Marion Walsmann</Attendance.Participant.Name><Attendance.Participant.Name MEP.Identifier="197405">Jörgen Warborn</Attendance.Participant.Name><Attendance.Participant.Name MEP.Identifier="124963">Julie Ward</Attendance.Participant.Name><Attendance.Participant.Name MEP.Identifier="197566">Witold Jan Waszczykowski</Attendance.Participant.Name><Attendance.Participant.Name MEP.Identifier="123562">Charlie Weimers</Attendance.Participant.Name><Attendance.Participant.Name MEP.Identifier="197515">Pernille Weiss</Attendance.Participant.Name><Attendance.Participant.Name MEP.Identifier="197757">James Wells</Attendance.Participant.Name><Attendance.Participant.Name MEP.Identifier="197744">Ann Widdecombe</Attendance.Participant.Name><Attendance.Participant.Name MEP.Identifier="2323">Rainer Wieland</Attendance.Participant.Name><Attendance.Participant.Name MEP.Identifier="197675">Sarah Wiener</Attendance.Participant.Name><Attendance.Participant.Name MEP.Identifier="197769">Michal Wiezik</Attendance.Participant.Name><Attendance.Participant.Name MEP.Identifier="39725">Iuliu Winkler</Attendance.Participant.Name><Attendance.Participant.Name MEP.Identifier="197421">Isabel Wiseler-Lima</Attendance.Participant.Name><Attendance.Participant.Name MEP.Identifier="124877">Jadwiga Wiśniewska</Attendance.Participant.Name><Attendance.Participant.Name MEP.Identifier="185619">Tiemo Wölken</Attendance.Participant.Name><Attendance.Participant.Name MEP.Identifier="5392">Lara Wolters</Attendance.Participant.Name><Attendance.Participant.Name MEP.Identifier="197511">Salima Yenbou</Attendance.Participant.Name><Attendance.Participant.Name MEP.Identifier="197581">Stéphanie Yon-Courtin</Attendance.Participant.Name><Attendance.Participant.Name MEP.Identifier="197842">Elena Yoncheva</Attendance.Participant.Name><Attendance.Participant.Name MEP.Identifier="197499">Chrysoula Zacharopoulou</Attendance.Participant.Name><Attendance.Participant.Name MEP.Identifier="125067">Theodoros Zagorakis</Attendance.Participant.Name><Attendance.Participant.Name MEP.Identifier="23712">Jan Zahradil</Attendance.Participant.Name><Attendance.Participant.Name MEP.Identifier="197572">Anna Zalewska</Attendance.Participant.Name><Attendance.Participant.Name MEP.Identifier="197586">Stefania Zambelli</Attendance.Participant.Name><Attendance.Participant.Name MEP.Identifier="124780">Marco Zanni</Attendance.Participant.Name><Attendance.Participant.Name MEP.Identifier="197606">Javier Zarzalejos</Attendance.Participant.Name><Attendance.Participant.Name MEP.Identifier="28619">Tatjana Ždanoka</Attendance.Participant.Name><Attendance.Participant.Name MEP.Identifier="124713">Tomáš Zdechovský</Attendance.Participant.Name><Attendance.Participant.Name MEP.Identifier="124884">Kosma Złotowski</Attendance.Participant.Name><Attendance.Participant.Name MEP.Identifier="197621">Juan Ignacio Zoido Álvarez</Attendance.Participant.Name><Attendance.Participant.Name MEP.Identifier="124739">Carlos Zorrinho</Attendance.Participant.Name><Attendance.Participant.Name MEP.Identifier="185341">Željana Zovko</Attendance.Participant.Name><Attendance.Participant.Name MEP.Identifier="125237">Marco Zullo</Attendance.Participant.Name><Attendance.Participant.Name MEP.Identifier="96933">Milan Zver</Attendance.Participant.Name><AttendanceRegister.Excused.Introduction.Text>Excused:</AttendanceRegister.Excused.Introduction.Text><Attendance.Excused.Name MEP.Identifier="113892">Eric Andrieu</Attendance.Excused.Name><Attendance.Excused.Name MEP.Identifier="197408">Hildegard Bentele</Attendance.Excused.Name><Attendance.Excused.Name MEP.Identifier="197800">Eero Heinäluoma</Attendance.Excused.Name><Attendance.Excused.Name MEP.Identifier="28400">Francisco José Millán Mon</Attendance.Excused.Name><Attendance.Excused.Name MEP.Identifier="197542">Janina Ochojska</Attendance.Excused.Name><Attendance.Excused.Name MEP.Identifier="36392">Aldo Patriciello</Attendance.Excused.Name><Attendance.Excused.Name MEP.Identifier="197612">Annunziata Mary Rees-Mogg</Attendance.Excused.Name></PV.AttendanceRegister>